index,time,size,direction,overhead,status
0,0.0,1500,1,1434,padded
1,0.02,1500,-1,0,chopped
2,0.04,1500,-1,1486,chopped_padded
3,0.06,1500,-1,0,chopped
4,0.08,1500,-1,1486,chopped_padded
5,0.1,1500,1,1422,padded
6,0.12,1500,1,1422,padded
7,0.14,1500,-1,921,padded
8,0.16,1500,-1,0,chopped
9,0.18,1500,-1,1486,chopped_padded
10,0.2,1500,-1,0,chopped
11,0.22,1500,-1,1486,chopped_padded
12,0.24,1500,-1,0,chopped
13,0.26,1500,-1,1486,chopped_padded
14,0.28,1500,1,1434,padded
15,0.3,1500,1,1422,padded
16,0.32,1500,1,1434,padded
17,0.34,1500,1,1434,padded
18,0.36,1500,-1,0,chopped
19,0.38,1500,-1,1486,chopped_padded
20,0.4,1500,-1,0,chopped
21,0.42,1500,-1,1486,chopped_padded
22,0.44,1500,-1,0,chopped
23,0.46,1500,-1,1486,chopped_padded
24,0.48,1500,-1,0,chopped
25,0.5,1500,-1,1486,chopped_padded
26,0.52,1500,-1,0,chopped
27,0.54,1500,-1,1486,chopped_padded
28,0.56,1500,-1,0,chopped
29,0.58,1500,-1,1486,chopped_padded
30,0.6,1500,1,1434,padded
31,0.62,1500,1,1434,padded
32,0.64,1500,1,1434,padded
33,0.66,1500,1,1434,padded
34,0.68,1500,1,1434,padded
35,0.7,1500,1,1434,padded
36,0.72,1500,-1,0,chopped
37,0.74,1500,-1,1486,chopped_padded
38,0.76,1500,-1,0,chopped
39,0.78,1500,-1,1486,chopped_padded
40,0.8,1500,-1,0,chopped
41,0.82,1500,-1,1486,chopped_padded
42,0.84,1500,-1,0,chopped
43,0.86,1500,-1,1486,chopped_padded
44,0.88,1500,-1,0,chopped
45,0.9,1500,-1,1486,chopped_padded
46,0.92,1500,-1,0,chopped
47,0.94,1500,-1,1486,chopped_padded
48,0.96,1500,-1,0,chopped
49,0.98,1500,-1,1486,chopped_padded
50,1.0,1500,-1,0,chopped
51,1.02,1500,-1,1486,chopped_padded
52,1.04,1500,1,1434,padded
53,1.06,1500,1,1434,padded
54,1.08,1500,1,1434,padded
55,1.1,1500,1,1434,padded
56,1.12,1500,1,1434,padded
57,1.14,1500,1,1434,padded
58,1.16,1500,1,1434,padded
59,1.18,1500,-1,0,chopped
60,1.2,1500,-1,1486,chopped_padded
61,1.22,1500,-1,0,chopped
62,1.24,1500,-1,1486,chopped_padded
63,1.26,1500,-1,0,chopped
64,1.28,1500,-1,1486,chopped_padded
65,1.3,1500,-1,0,chopped
66,1.32,1500,-1,1486,chopped_padded
67,1.34,1500,-1,0,chopped
68,1.36,1500,-1,1486,chopped_padded
69,1.38,1500,-1,0,chopped
70,1.4,1500,-1,1486,chopped_padded
71,1.42,1500,1,1434,padded
72,1.44,1500,1,1434,padded
73,1.46,1500,1,1434,padded
74,1.48,1500,-1,0,chopped
75,1.5,1500,-1,1486,chopped_padded
76,1.52,1500,-1,0,chopped
77,1.54,1500,-1,1486,chopped_padded
78,1.56,1500,1,1434,padded
79,1.58,1500,-1,0,chopped
80,1.6,1500,-1,1486,chopped_padded
81,1.62,1500,-1,0,chopped
82,1.64,1500,-1,1486,chopped_padded
83,1.66,1500,-1,0,chopped
84,1.68,1500,-1,1486,chopped_padded
85,1.7,1500,-1,0,chopped
86,1.72,1500,-1,1486,chopped_padded
87,1.74,1500,-1,0,chopped
88,1.76,1500,-1,1486,chopped_padded
89,1.78,1500,-1,0,chopped
90,1.8,1500,-1,1486,chopped_padded
91,1.82,1500,1,1434,padded
92,1.84,1500,1,1434,padded
93,1.86,1500,1,1434,padded
94,1.88,1500,-1,0,chopped
95,1.9,1500,-1,1486,chopped_padded
96,1.92,1500,-1,0,chopped
97,1.94,1500,-1,1486,chopped_padded
98,1.96,1500,1,1434,padded
99,1.98,1500,-1,0,chopped
100,2.0,1500,-1,1486,chopped_padded
101,2.02,1500,-1,0,chopped
102,2.04,1500,-1,1486,chopped_padded
103,2.06,1500,-1,0,chopped
104,2.08,1500,-1,1486,chopped_padded
105,2.1,1500,-1,0,chopped
106,2.12,1500,-1,1486,chopped_padded
107,2.14,1500,-1,0,chopped
108,2.16,1500,-1,1486,chopped_padded
109,2.18,1500,-1,0,chopped
110,2.2,1500,-1,1486,chopped_padded
111,2.22,1500,1,1434,padded
112,2.24,1500,1,1434,padded
113,2.26,1500,1,1434,padded
114,2.28,1500,-1,0,chopped
115,2.3,1500,-1,1486,chopped_padded
116,2.32,1500,-1,0,chopped
117,2.34,1500,-1,1486,chopped_padded
118,2.36,1500,1,1434,padded
119,2.38,1500,-1,0,chopped
120,2.4,1500,-1,1486,chopped_padded
121,2.42,1500,-1,0,chopped
122,2.44,1500,-1,1486,chopped_padded
123,2.46,1500,-1,0,chopped
124,2.48,1500,-1,1486,chopped_padded
125,2.5,1500,-1,0,chopped
126,2.52,1500,-1,1486,chopped_padded
127,2.54,1500,-1,0,chopped
128,2.56,1500,-1,1486,chopped_padded
129,2.58,1500,-1,0,chopped
130,2.6,1500,-1,1486,chopped_padded
131,2.62,1500,1,1434,padded
132,2.64,1500,1,1434,padded
133,2.66,1500,1,1434,padded
134,2.68,1500,-1,0,chopped
135,2.7,1500,-1,1486,chopped_padded
136,2.72,1500,-1,0,chopped
137,2.74,1500,-1,1486,chopped_padded
138,2.76,1500,1,1434,padded
139,2.78,1500,-1,0,chopped
140,2.8,1500,-1,1486,chopped_padded
141,2.82,1500,-1,0,chopped
142,2.84,1500,-1,1486,chopped_padded
143,2.86,1500,-1,0,chopped
144,2.88,1500,-1,1486,chopped_padded
145,2.9,1500,-1,0,chopped
146,2.92,1500,-1,1486,chopped_padded
147,2.94,1500,1,1434,padded
148,2.96,1500,1,1434,padded
149,2.98,1500,-1,0,chopped
150,3.0,1500,-1,1486,chopped_padded
151,3.02,1500,-1,0,chopped
152,3.04,1500,-1,1486,chopped_padded
153,3.06,1500,-1,0,chopped
154,3.08,1500,-1,1486,chopped_padded
155,3.1,1500,-1,0,chopped
156,3.12,1500,-1,1486,chopped_padded
157,3.14,1500,1,1434,padded
158,3.16,1500,1,1434,padded
159,3.18,1500,-1,0,chopped
160,3.2,1500,-1,1486,chopped_padded
161,3.22,1500,1,1434,padded
162,3.24,1500,-1,0,chopped
163,3.26,1500,-1,1486,chopped_padded
164,3.28,1500,-1,0,chopped
165,3.3,1500,-1,1486,chopped_padded
166,3.32,1500,-1,0,chopped
167,3.34,1500,-1,1486,chopped_padded
168,3.36,1500,-1,0,chopped
169,3.38,1500,-1,1486,chopped_padded
170,3.4,1500,-1,0,chopped
171,3.42,1500,-1,1486,chopped_padded
172,3.44,1500,-1,0,chopped
173,3.46,1500,-1,1486,chopped_padded
174,3.48,1500,-1,0,chopped
175,3.5,1500,-1,1486,chopped_padded
176,3.52,1500,-1,0,chopped
177,3.54,1500,-1,1486,chopped_padded
178,3.56,1500,-1,0,chopped
179,3.58,1500,-1,1486,chopped_padded
180,3.6,1500,1,1434,padded
181,3.62,1500,1,1434,padded
182,3.64,1500,1,1434,padded
183,3.66,1500,1,1434,padded
184,3.68,1500,-1,0,chopped
185,3.7,1500,-1,1486,chopped_padded
186,3.72,1500,-1,0,chopped
187,3.74,1500,-1,1486,chopped_padded
188,3.76,1500,1,1434,padded
189,3.78,1500,-1,0,chopped
190,3.8,1500,-1,1486,chopped_padded
191,3.82,1500,-1,0,chopped
192,3.84,1500,-1,1486,chopped_padded
193,3.86,1500,-1,0,chopped
194,3.88,1500,-1,1486,chopped_padded
195,3.9,1500,-1,0,chopped
196,3.92,1500,-1,1486,chopped_padded
197,3.94,1500,-1,0,chopped
198,3.96,1500,-1,1486,chopped_padded
199,3.98,1500,-1,0,chopped
200,4.0,1500,-1,1486,chopped_padded
201,4.02,1500,-1,0,chopped
202,4.04,1500,-1,1486,chopped_padded
203,4.06,1500,-1,0,chopped
204,4.08,1500,-1,1486,chopped_padded
205,4.1,1500,1,1434,padded
206,4.12,1500,-1,0,chopped
207,4.14,1500,-1,1486,chopped_padded
208,4.16,1500,-1,0,chopped
209,4.18,1500,-1,1486,chopped_padded
210,4.2,1500,1,1434,padded
211,4.22,1500,1,1434,padded
212,4.24,1500,1,1434,padded
213,4.26,1500,1,1434,padded
214,4.28,1500,-1,0,chopped
215,4.3,1500,-1,1486,chopped_padded
216,4.32,1500,-1,0,chopped
217,4.34,1500,-1,1486,chopped_padded
218,4.36,1500,-1,0,chopped
219,4.38,1500,-1,1486,chopped_padded
220,4.4,1500,-1,0,chopped
221,4.42,1500,-1,1486,chopped_padded
222,4.44,1500,-1,0,chopped
223,4.46,1500,-1,1486,chopped_padded
224,4.48,1500,-1,0,chopped
225,4.5,1500,-1,1486,chopped_padded
226,4.52,1500,-1,0,chopped
227,4.54,1500,-1,1486,chopped_padded
228,4.56,1500,-1,0,chopped
229,4.58,1500,-1,1486,chopped_padded
230,4.6,1500,1,1434,padded
231,4.62,1500,1,1434,padded
232,4.64,1500,-1,0,chopped
233,4.66,1500,-1,1486,chopped_padded
234,4.68,1500,-1,621,padded
235,4.7,1500,1,1434,padded
236,4.72,1500,1,1434,padded
237,4.74,1500,1,1434,padded
238,4.76,1500,1,1434,padded
239,4.78,1500,-1,0,chopped
240,4.8,1500,-1,1486,chopped_padded
241,4.82,1500,-1,0,chopped
242,4.84,1500,-1,1486,chopped_padded
243,4.86,1500,-1,197,padded
244,4.88,1500,-1,0,chopped
245,4.9,1500,-1,1486,chopped_padded
246,4.92,1500,-1,0,chopped
247,4.94,1500,-1,1486,chopped_padded
248,4.96,1500,-1,197,padded
249,4.98,1500,-1,0,chopped
250,5.0,1500,-1,1486,chopped_padded
251,5.02,1500,-1,0,chopped
252,5.04,1500,-1,1486,chopped_padded
253,5.06,1500,-1,197,padded
254,5.08,1500,-1,0,chopped
255,5.1,1500,-1,1486,chopped_padded
256,5.12,1500,-1,0,chopped
257,5.14,1500,-1,1486,chopped_padded
258,5.16,1500,-1,197,padded
259,5.18,1500,1,1434,padded
260,5.2,1500,1,1434,padded
261,5.22,1500,1,1434,padded
262,5.24,1500,1,1434,padded
263,5.26,1500,1,1434,padded
264,5.28,1500,1,1434,padded
265,5.3,1500,1,1434,padded
266,5.32,1500,1,1434,padded
267,5.34,1500,1,1434,padded
268,5.36,1500,1,1434,padded
269,5.38,1500,1,1434,padded
270,5.4,1500,1,1434,padded
271,5.42,1500,-1,1077,padded
272,5.44,1500,1,1434,padded
273,5.46,1500,-1,0,chopped
274,5.48,1500,-1,1486,chopped_padded
275,5.5,1500,-1,0,chopped
276,5.52,1500,-1,1486,chopped_padded
277,5.54,1500,-1,197,padded
278,5.56,1500,-1,0,chopped
279,5.58,1500,-1,1486,chopped_padded
280,5.6,1500,-1,0,chopped
281,5.62,1500,-1,1486,chopped_padded
282,5.64,1500,-1,197,padded
283,5.66,1500,-1,0,chopped
284,5.68,1500,-1,1486,chopped_padded
285,5.7,1500,-1,0,chopped
286,5.72,1500,-1,1486,chopped_padded
287,5.74,1500,-1,197,padded
288,5.76,1500,-1,0,chopped
289,5.78,1500,-1,1486,chopped_padded
290,5.8,1500,1,1434,padded
291,5.82,1500,1,1434,padded
292,5.84,1500,1,1434,padded
293,5.86,1500,1,1434,padded
294,5.88,1500,1,1434,padded
295,5.9,1500,1,1434,padded
296,5.92,1500,1,1434,padded
297,5.94,1500,1,1434,padded
298,5.96,1500,1,1434,padded
299,5.98,1500,1,1434,padded
300,6.0,1500,-1,0,chopped
301,6.02,1500,-1,1486,chopped_padded
302,6.04,1500,-1,0,chopped
303,6.06,1500,-1,1486,chopped_padded
304,6.08,1500,-1,244,padded
305,6.1,1500,1,1434,padded
306,6.12,1500,1,1434,padded
307,6.14,1500,1,1434,padded
308,6.16,1500,-1,0,chopped
309,6.18,1500,-1,1486,chopped_padded
310,6.2,1500,-1,0,chopped
311,6.22,1500,-1,1486,chopped_padded
312,6.24,1500,-1,197,padded
313,6.26,1500,-1,0,chopped
314,6.28,1500,-1,1486,chopped_padded
315,6.3,1500,-1,0,chopped
316,6.32,1500,-1,1486,chopped_padded
317,6.34,1500,-1,197,padded
318,6.36,1500,-1,0,chopped
319,6.38,1500,-1,1486,chopped_padded
320,6.4,1500,-1,0,chopped
321,6.42,1500,-1,1486,chopped_padded
322,6.44,1500,-1,197,padded
323,6.46,1500,-1,113,padded
324,6.48,1500,1,1434,padded
325,6.5,1500,1,1434,padded
326,6.52,1500,1,1434,padded
327,6.54,1500,1,1434,padded
328,6.56,1500,1,1434,padded
329,6.58,1500,1,1434,padded
330,6.6,1500,1,1434,padded
331,6.62,1500,1,1434,padded
332,6.64,1500,1,1434,padded
333,6.66,1500,1,1434,padded
334,6.68,1500,-1,0,chopped
335,6.7,1500,-1,1486,chopped_padded
336,6.72,1500,-1,0,chopped
337,6.74,1500,-1,1486,chopped_padded
338,6.76,1500,-1,197,padded
339,6.78,1500,-1,0,chopped
340,6.8,1500,-1,1486,chopped_padded
341,6.82,1500,-1,0,chopped
342,6.84,1500,-1,1486,chopped_padded
343,6.86,1500,-1,197,padded
344,6.88,1500,-1,0,chopped
345,6.9,1500,-1,1486,chopped_padded
346,6.92,1500,-1,0,chopped
347,6.94,1500,-1,1486,chopped_padded
348,6.96,1500,-1,197,padded
349,6.98,1500,-1,0,chopped
350,7.0,1500,-1,1486,chopped_padded
351,7.02,1500,1,1434,padded
352,7.04,1500,1,1434,padded
353,7.06,1500,1,1434,padded
354,7.08,1500,1,1434,padded
355,7.1,1500,1,1434,padded
356,7.12,1500,1,1434,padded
357,7.14,1500,1,1434,padded
358,7.16,1500,1,1434,padded
359,7.18,1500,1,1434,padded
360,7.2,1500,1,1434,padded
361,7.22,1500,-1,0,chopped
362,7.24,1500,-1,1486,chopped_padded
363,7.26,1500,-1,0,chopped
364,7.28,1500,-1,1486,chopped_padded
365,7.3,1500,-1,244,padded
366,7.32,1500,1,1434,padded
367,7.34,1500,1,1434,padded
368,7.36,1500,1,1434,padded
369,7.38,1500,-1,0,chopped
370,7.4,1500,-1,1486,chopped_padded
371,7.42,1500,-1,0,chopped
372,7.44,1500,-1,1486,chopped_padded
373,7.46,1500,-1,197,padded
374,7.48,1500,-1,0,chopped
375,7.5,1500,-1,1486,chopped_padded
376,7.52,1500,-1,0,chopped
377,7.54,1500,-1,1486,chopped_padded
378,7.56,1500,-1,197,padded
379,7.58,1500,-1,0,chopped
380,7.6,1500,-1,1486,chopped_padded
381,7.62,1500,-1,0,chopped
382,7.64,1500,-1,1486,chopped_padded
383,7.66,1500,-1,197,padded
384,7.68,1500,-1,0,chopped
385,7.7,1500,-1,1486,chopped_padded
386,7.72,1500,1,1434,padded
387,7.74,1500,1,1434,padded
388,7.76,1500,1,1434,padded
389,7.78,1500,1,1434,padded
390,7.8,1500,1,1434,padded
391,7.82,1500,1,1434,padded
392,7.84,1500,1,1434,padded
393,7.86,1500,1,1434,padded
394,7.88,1500,1,1434,padded
395,7.9,1500,1,1434,padded
396,7.92,1500,-1,0,chopped
397,7.94,1500,-1,1486,chopped_padded
398,7.96,1500,-1,921,padded
399,7.98,1500,1,1434,padded
400,8.0,1500,1,1434,padded
401,8.02,1500,-1,0,chopped
402,8.04,1500,-1,1486,chopped_padded
403,8.06,1500,-1,0,chopped
404,8.08,1500,-1,1486,chopped_padded
405,8.1,1500,-1,197,padded
406,8.12,1500,-1,0,chopped
407,8.14,1500,-1,1486,chopped_padded
408,8.16,1500,-1,0,chopped
409,8.18,1500,-1,1486,chopped_padded
410,8.2,1500,-1,197,padded
411,8.22,1500,-1,0,chopped
412,8.24,1500,-1,1486,chopped_padded
413,8.26,1500,-1,0,chopped
414,8.28,1500,-1,1486,chopped_padded
415,8.3,1500,-1,197,padded
416,8.32,1500,-1,0,chopped
417,8.34,1500,-1,1486,chopped_padded
418,8.36,1500,1,1434,padded
419,8.38,1500,1,1434,padded
420,8.4,1500,1,1434,padded
421,8.42,1500,1,1434,padded
422,8.44,1500,1,1434,padded
423,8.46,1500,1,1434,padded
424,8.48,1500,1,1434,padded
425,8.5,1500,1,1434,padded
426,8.52,1500,1,1434,padded
427,8.54,1500,1,1434,padded
428,8.56,1500,-1,0,chopped
429,8.58,1500,-1,1486,chopped_padded
430,8.6,1500,-1,921,padded
431,8.62,1500,1,1434,padded
432,8.64,1500,1,1434,padded
433,8.66,1500,-1,0,chopped
434,8.68,1500,-1,1486,chopped_padded
435,8.7,1500,-1,0,chopped
436,8.72,1500,-1,1486,chopped_padded
437,8.74,1500,-1,197,padded
438,8.76,1500,-1,0,chopped
439,8.78,1500,-1,1486,chopped_padded
440,8.8,1500,-1,0,chopped
441,8.82,1500,-1,1486,chopped_padded
442,8.84,1500,-1,197,padded
443,8.86,1500,-1,0,chopped
444,8.88,1500,-1,1486,chopped_padded
445,8.9,1500,-1,0,chopped
446,8.92,1500,-1,1486,chopped_padded
447,8.94,1500,-1,197,padded
448,8.96,1500,-1,0,chopped
449,8.98,1500,-1,1486,chopped_padded
450,9.0,1500,1,1434,padded
451,9.02,1500,1,1434,padded
452,9.04,1500,1,1434,padded
453,9.06,1500,1,1434,padded
454,9.08,1500,1,1434,padded
455,9.1,1500,1,1434,padded
456,9.12,1500,1,1434,padded
457,9.14,1500,1,1434,padded
458,9.16,1500,1,1434,padded
459,9.18,1500,1,1434,padded
460,9.2,1500,-1,0,chopped
461,9.22,1500,-1,1486,chopped_padded
462,9.24,1500,-1,921,padded
463,9.26,1500,1,1434,padded
464,9.28,1500,1,1434,padded
465,9.3,1500,-1,0,chopped
466,9.32,1500,-1,1486,chopped_padded
467,9.34,1500,-1,0,chopped
468,9.36,1500,-1,1486,chopped_padded
469,9.38,1500,-1,197,padded
470,9.4,1500,-1,0,chopped
471,9.42,1500,-1,1486,chopped_padded
472,9.44,1500,-1,0,chopped
473,9.46,1500,-1,1486,chopped_padded
474,9.48,1500,-1,197,padded
475,9.5,1500,-1,0,chopped
476,9.52,1500,-1,1486,chopped_padded
477,9.54,1500,-1,0,chopped
478,9.56,1500,-1,1486,chopped_padded
479,9.58,1500,-1,197,padded
480,9.6,1500,-1,0,chopped
481,9.62,1500,-1,1486,chopped_padded
482,9.64,1500,1,1434,padded
483,9.66,1500,1,1434,padded
484,9.68,1500,1,1434,padded
485,9.7,1500,1,1434,padded
486,9.72,1500,1,1434,padded
487,9.74,1500,1,1434,padded
488,9.76,1500,1,1434,padded
489,9.78,1500,1,1434,padded
490,9.8,1500,1,1434,padded
491,9.82,1500,1,1434,padded
492,9.84,1500,-1,0,chopped
493,9.86,1500,-1,1486,chopped_padded
494,9.88,1500,-1,0,chopped
495,9.9,1500,-1,1486,chopped_padded
496,9.92,1500,-1,1288,padded
497,9.94,1500,1,1434,padded
498,9.96,1500,1,1434,padded
499,9.98,1500,1,1434,padded
500,10.0,1500,-1,0,chopped
501,10.02,1500,-1,1486,chopped_padded
502,10.04,1500,-1,0,chopped
503,10.06,1500,-1,1486,chopped_padded
504,10.08,1500,-1,197,padded
505,10.1,1500,-1,0,chopped
506,10.12,1500,-1,1486,chopped_padded
507,10.14,1500,-1,0,chopped
508,10.16,1500,-1,1486,chopped_padded
509,10.18,1500,-1,197,padded
510,10.2,1500,-1,0,chopped
511,10.22,1500,-1,1486,chopped_padded
512,10.24,1500,-1,0,chopped
513,10.26,1500,-1,1486,chopped_padded
514,10.28,1500,-1,197,padded
515,10.3,1500,-1,0,chopped
516,10.32,1500,-1,1486,chopped_padded
517,10.34,1500,-1,0,chopped
518,10.36,1500,-1,1486,chopped_padded
519,10.38,1500,-1,921,padded
520,10.4,1500,1,1434,padded
521,10.42,1500,1,1434,padded
522,10.44,1500,1,1434,padded
523,10.46,1500,1,1434,padded
524,10.48,1500,1,1434,padded
525,10.5,1500,1,1434,padded
526,10.52,1500,1,1434,padded
527,10.54,1500,1,1434,padded
528,10.56,1500,1,1434,padded
529,10.58,1500,1,1434,padded
530,10.6,1500,1,1434,padded
531,10.62,1500,-1,0,chopped
532,10.64,1500,-1,1486,chopped_padded
533,10.66,1500,-1,0,chopped
534,10.68,1500,-1,1486,chopped_padded
535,10.7,1500,-1,197,padded
536,10.72,1500,-1,0,chopped
537,10.74,1500,-1,1486,chopped_padded
538,10.76,1500,-1,0,chopped
539,10.78,1500,-1,1486,chopped_padded
540,10.8,1500,-1,197,padded
541,10.82,1500,-1,0,chopped
542,10.84,1500,-1,1486,chopped_padded
543,10.86,1500,-1,0,chopped
544,10.88,1500,-1,1486,chopped_padded
545,10.9,1500,-1,197,padded
546,10.92,1500,-1,0,chopped
547,10.94,1500,-1,1486,chopped_padded
548,10.96,1500,1,1434,padded
549,10.98,1500,1,1434,padded
550,11.0,1500,1,1434,padded
551,11.02,1500,1,1434,padded
552,11.04,1500,1,1434,padded
553,11.06,1500,1,1434,padded
554,11.08,1500,1,1434,padded
555,11.1,1500,1,1434,padded
556,11.12,1500,1,1434,padded
557,11.14,1500,1,1434,padded
558,11.16,1500,-1,0,chopped
559,11.18,1500,-1,1486,chopped_padded
560,11.2,1500,-1,921,padded
561,11.22,1500,1,1434,padded
562,11.24,1500,1,1434,padded
563,11.26,1500,-1,0,chopped
564,11.28,1500,-1,1486,chopped_padded
565,11.3,1500,-1,0,chopped
566,11.32,1500,-1,1486,chopped_padded
567,11.34,1500,-1,197,padded
568,11.36,1500,-1,0,chopped
569,11.38,1500,-1,1486,chopped_padded
570,11.4,1500,-1,0,chopped
571,11.42,1500,-1,1486,chopped_padded
572,11.44,1500,-1,197,padded
573,11.46,1500,-1,0,chopped
574,11.48,1500,-1,1486,chopped_padded
575,11.5,1500,-1,0,chopped
576,11.52,1500,-1,1486,chopped_padded
577,11.54,1500,-1,197,padded
578,11.56,1500,-1,0,chopped
579,11.58,1500,-1,1486,chopped_padded
580,11.6,1500,1,1434,padded
581,11.62,1500,1,1434,padded
582,11.64,1500,1,1434,padded
583,11.66,1500,1,1434,padded
584,11.68,1500,1,1434,padded
585,11.7,1500,1,1434,padded
586,11.72,1500,1,1434,padded
587,11.74,1500,1,1434,padded
588,11.76,1500,1,1434,padded
589,11.78,1500,1,1434,padded
590,11.8,1500,-1,0,chopped
591,11.82,1500,-1,1486,chopped_padded
592,11.84,1500,-1,921,padded
593,11.86,1500,1,1434,padded
594,11.88,1500,1,1434,padded
595,11.9,1500,-1,0,chopped
596,11.92,1500,-1,1486,chopped_padded
597,11.94,1500,-1,0,chopped
598,11.96,1500,-1,1486,chopped_padded
599,11.98,1500,-1,197,padded
600,12.0,1500,-1,0,chopped
601,12.02,1500,-1,1486,chopped_padded
602,12.04,1500,-1,0,chopped
603,12.06,1500,-1,1486,chopped_padded
604,12.08,1500,-1,197,padded
605,12.1,1500,-1,0,chopped
606,12.12,1500,-1,1486,chopped_padded
607,12.14,1500,-1,0,chopped
608,12.16,1500,-1,1486,chopped_padded
609,12.18,1500,-1,197,padded
610,12.2,1500,-1,0,chopped
611,12.22,1500,-1,1486,chopped_padded
612,12.24,1500,1,1434,padded
613,12.26,1500,1,1434,padded
614,12.28,1500,1,1434,padded
615,12.3,1500,1,1434,padded
616,12.32,1500,1,1434,padded
617,12.34,1500,1,1434,padded
618,12.36,1500,1,1434,padded
619,12.38,1500,1,1434,padded
620,12.4,1500,1,1434,padded
621,12.42,1500,1,1434,padded
622,12.44,1500,-1,0,chopped
623,12.46,1500,-1,1486,chopped_padded
624,12.48,1500,-1,921,padded
625,12.5,1500,1,1434,padded
626,12.52,1500,1,1434,padded
627,12.54,1500,-1,1400,padded
628,12.56,1500,1,1400,padded
629,12.58,1500,-1,1440,padded
630,12.6,1500,-1,0,chopped
631,12.62,1500,-1,1486,chopped_padded
632,12.64,1500,-1,0,chopped
633,12.66,1500,-1,1486,chopped_padded
634,12.68,1500,-1,197,padded
635,12.7,1500,-1,0,chopped
636,12.72,1500,-1,1486,chopped_padded
637,12.74,1500,-1,0,chopped
638,12.76,1500,-1,1486,chopped_padded
639,12.78,1500,-1,197,padded
640,12.8,1500,-1,0,chopped
641,12.82,1500,-1,1486,chopped_padded
642,12.84,1500,-1,0,chopped
643,12.86,1500,-1,1486,chopped_padded
644,12.88,1500,-1,197,padded
645,12.9,1500,-1,0,chopped
646,12.92,1500,-1,1486,chopped_padded
647,12.94,1500,1,1434,padded
648,12.96,1500,1,1434,padded
649,12.98,1500,1,1434,padded
650,13.0,1500,1,1434,padded
651,13.02,1500,1,1434,padded
652,13.04,1500,1,1434,padded
653,13.06,1500,1,1434,padded
654,13.08,1500,1,1434,padded
655,13.1,1500,1,1434,padded
656,13.12,1500,1,1434,padded
657,13.14,1500,-1,0,chopped
658,13.16,1500,-1,1486,chopped_padded
659,13.18,1500,-1,0,chopped
660,13.2,1500,-1,1486,chopped_padded
661,13.22,1500,-1,1288,padded
662,13.24,1500,1,1434,padded
663,13.26,1500,1,1434,padded
664,13.28,1500,1,1434,padded
665,13.3,1500,-1,0,chopped
666,13.32,1500,-1,1486,chopped_padded
667,13.34,1500,-1,0,chopped
668,13.36,1500,-1,1486,chopped_padded
669,13.38,1500,-1,197,padded
670,13.4,1500,-1,0,chopped
671,13.42,1500,-1,1486,chopped_padded
672,13.44,1500,-1,0,chopped
673,13.46,1500,-1,1486,chopped_padded
674,13.48,1500,-1,197,padded
675,13.5,1500,-1,0,chopped
676,13.52,1500,-1,1486,chopped_padded
677,13.54,1500,-1,0,chopped
678,13.56,1500,-1,1486,chopped_padded
679,13.58,1500,-1,197,padded
680,13.6,1500,-1,0,chopped
681,13.62,1500,-1,1486,chopped_padded
682,13.64,1500,1,1434,padded
683,13.66,1500,1,1434,padded
684,13.68,1500,1,1434,padded
685,13.7,1500,1,1434,padded
686,13.72,1500,1,1434,padded
687,13.74,1500,1,1434,padded
688,13.76,1500,1,1434,padded
689,13.78,1500,1,1434,padded
690,13.8,1500,1,1434,padded
691,13.82,1500,1,1434,padded
692,13.84,1500,-1,0,chopped
693,13.86,1500,-1,1486,chopped_padded
694,13.88,1500,-1,0,chopped
695,13.9,1500,-1,1486,chopped_padded
696,13.92,1500,-1,1288,padded
697,13.94,1500,1,1434,padded
698,13.96,1500,1,1434,padded
699,13.98,1500,1,1434,padded
700,14.0,1500,-1,0,chopped
701,14.02,1500,-1,1486,chopped_padded
702,14.04,1500,-1,0,chopped
703,14.06,1500,-1,1486,chopped_padded
704,14.08,1500,-1,197,padded
705,14.1,1500,-1,0,chopped
706,14.12,1500,-1,1486,chopped_padded
707,14.14,1500,-1,0,chopped
708,14.16,1500,-1,1486,chopped_padded
709,14.18,1500,-1,197,padded
710,14.2,1500,-1,0,chopped
711,14.22,1500,-1,1486,chopped_padded
712,14.24,1500,-1,0,chopped
713,14.26,1500,-1,1486,chopped_padded
714,14.28,1500,-1,197,padded
715,14.3,1500,-1,0,chopped
716,14.32,1500,-1,1486,chopped_padded
717,14.34,1500,1,1434,padded
718,14.36,1500,1,1434,padded
719,14.38,1500,1,1434,padded
720,14.4,1500,1,1434,padded
721,14.42,1500,1,1434,padded
722,14.44,1500,1,1434,padded
723,14.46,1500,1,1434,padded
724,14.48,1500,1,1434,padded
725,14.5,1500,1,1434,padded
726,14.52,1500,1,1434,padded
727,14.54,1500,-1,0,chopped
728,14.56,1500,-1,1486,chopped_padded
729,14.58,1500,-1,921,padded
730,14.6,1500,1,1434,padded
731,14.62,1500,1,1434,padded
732,14.64,1500,-1,826,padded
733,14.66,1500,-1,0,chopped
734,14.68,1500,-1,1486,chopped_padded
735,14.7,1500,-1,0,chopped
736,14.72,1500,-1,1486,chopped_padded
737,14.74,1500,-1,197,padded
738,14.76,1500,-1,0,chopped
739,14.78,1500,-1,1486,chopped_padded
740,14.8,1500,-1,0,chopped
741,14.82,1500,-1,1486,chopped_padded
742,14.84,1500,-1,197,padded
743,14.86,1500,-1,0,chopped
744,14.88,1500,-1,1486,chopped_padded
745,14.9,1500,-1,0,chopped
746,14.92,1500,-1,1486,chopped_padded
747,14.94,1500,-1,197,padded
748,14.96,1500,1,1434,padded
749,14.98,1500,1,1434,padded
750,15.0,1500,1,1434,padded
751,15.02,1500,1,1434,padded
752,15.04,1500,1,1434,padded
753,15.06,1500,1,1434,padded
754,15.08,1500,1,1434,padded
755,15.1,1500,1,1434,padded
756,15.12,1500,1,1434,padded
757,15.14,1500,1,1434,padded
758,15.16,1500,-1,0,chopped
759,15.18,1500,-1,1486,chopped_padded
760,15.2,1500,-1,45,padded
761,15.22,1500,1,1434,padded
762,15.24,1500,1,1434,padded
763,15.26,1500,-1,0,chopped
764,15.28,1500,-1,1486,chopped_padded
765,15.3,1500,-1,0,chopped
766,15.32,1500,-1,1486,chopped_padded
767,15.34,1500,-1,197,padded
768,15.36,1500,-1,0,chopped
769,15.38,1500,-1,1486,chopped_padded
770,15.4,1500,-1,0,chopped
771,15.42,1500,-1,1486,chopped_padded
772,15.44,1500,-1,197,padded
773,15.46,1500,-1,0,chopped
774,15.48,1500,-1,1486,chopped_padded
775,15.5,1500,-1,0,chopped
776,15.52,1500,-1,1486,chopped_padded
777,15.54,1500,-1,197,padded
778,15.56,1500,-1,0,chopped
779,15.58,1500,-1,1486,chopped_padded
780,15.6,1500,1,1434,padded
781,15.62,1500,1,1434,padded
782,15.64,1500,1,1434,padded
783,15.66,1500,1,1434,padded
784,15.68,1500,1,1434,padded
785,15.7,1500,1,1434,padded
786,15.72,1500,1,1434,padded
787,15.74,1500,1,1434,padded
788,15.76,1500,1,1434,padded
789,15.78,1500,1,1434,padded
790,15.8,1500,-1,0,chopped
791,15.82,1500,-1,1486,chopped_padded
792,15.84,1500,-1,921,padded
793,15.86,1500,1,1434,padded
794,15.88,1500,1,1434,padded
795,15.9,1500,-1,0,chopped
796,15.92,1500,-1,1486,chopped_padded
797,15.94,1500,-1,0,chopped
798,15.96,1500,-1,1486,chopped_padded
799,15.98,1500,-1,197,padded
800,16.0,1500,-1,0,chopped
801,16.02,1500,-1,1486,chopped_padded
802,16.04,1500,-1,0,chopped
803,16.06,1500,-1,1486,chopped_padded
804,16.08,1500,-1,197,padded
805,16.1,1500,-1,0,chopped
806,16.12,1500,-1,1486,chopped_padded
807,16.14,1500,-1,0,chopped
808,16.16,1500,-1,1486,chopped_padded
809,16.18,1500,-1,197,padded
810,16.2,1500,-1,0,chopped
811,16.22,1500,-1,1486,chopped_padded
812,16.24,1500,1,1434,padded
813,16.26,1500,1,1434,padded
814,16.28,1500,1,1434,padded
815,16.3,1500,1,1434,padded
816,16.32,1500,1,1434,padded
817,16.34,1500,1,1434,padded
818,16.36,1500,1,1434,padded
819,16.38,1500,1,1434,padded
820,16.4,1500,1,1434,padded
821,16.42,1500,1,1434,padded
822,16.44,1500,-1,0,chopped
823,16.46,1500,-1,1486,chopped_padded
824,16.48,1500,-1,921,padded
825,16.5,1500,1,1434,padded
826,16.52,1500,1,1434,padded
827,16.54,1500,-1,0,chopped
828,16.56,1500,-1,1486,chopped_padded
829,16.58,1500,-1,0,chopped
830,16.6,1500,-1,1486,chopped_padded
831,16.62,1500,-1,197,padded
832,16.64,1500,-1,0,chopped
833,16.66,1500,-1,1486,chopped_padded
834,16.68,1500,-1,0,chopped
835,16.7,1500,-1,1486,chopped_padded
836,16.72,1500,-1,197,padded
837,16.74,1500,-1,0,chopped
838,16.76,1500,-1,1486,chopped_padded
839,16.78,1500,-1,0,chopped
840,16.8,1500,-1,1486,chopped_padded
841,16.82,1500,-1,197,padded
842,16.84,1500,-1,0,chopped
843,16.86,1500,-1,1486,chopped_padded
844,16.88,1500,1,1434,padded
845,16.9,1500,1,1434,padded
846,16.92,1500,1,1434,padded
847,16.94,1500,1,1434,padded
848,16.96,1500,1,1434,padded
849,16.98,1500,1,1434,padded
850,17.0,1500,1,1434,padded
851,17.02,1500,1,1434,padded
852,17.04,1500,1,1434,padded
853,17.06,1500,1,1434,padded
854,17.08,1500,-1,0,chopped
855,17.1,1500,-1,1486,chopped_padded
856,17.12,1500,-1,921,padded
857,17.14,1500,1,1434,padded
858,17.16,1500,1,1434,padded
859,17.18,1500,-1,0,chopped
860,17.2,1500,-1,1486,chopped_padded
861,17.22,1500,-1,0,chopped
862,17.24,1500,-1,1486,chopped_padded
863,17.26,1500,-1,197,padded
864,17.28,1500,-1,0,chopped
865,17.3,1500,-1,1486,chopped_padded
866,17.32,1500,-1,0,chopped
867,17.34,1500,-1,1486,chopped_padded
868,17.36,1500,-1,197,padded
869,17.38,1500,-1,0,chopped
870,17.4,1500,-1,1486,chopped_padded
871,17.42,1500,-1,0,chopped
872,17.44,1500,-1,1486,chopped_padded
873,17.46,1500,-1,197,padded
874,17.48,1500,-1,0,chopped
875,17.5,1500,-1,1486,chopped_padded
876,17.52,1500,1,1434,padded
877,17.54,1500,1,1434,padded
878,17.56,1500,1,1434,padded
879,17.58,1500,1,1434,padded
880,17.6,1500,1,1434,padded
881,17.62,1500,1,1434,padded
882,17.64,1500,1,1434,padded
883,17.66,1500,1,1434,padded
884,17.68,1500,1,1434,padded
885,17.7,1500,1,1434,padded
886,17.72,1500,-1,0,chopped
887,17.74,1500,-1,1486,chopped_padded
888,17.76,1500,-1,0,chopped
889,17.78,1500,-1,1486,chopped_padded
890,17.8,1500,1,1434,padded
891,17.82,1500,1,1434,padded
892,17.84,1500,-1,1288,padded
893,17.86,1500,1,1434,padded
894,17.88,1500,-1,0,chopped
895,17.9,1500,-1,1486,chopped_padded
896,17.92,1500,-1,0,chopped
897,17.94,1500,-1,1486,chopped_padded
898,17.96,1500,-1,197,padded
899,17.98,1500,-1,0,chopped
900,18.0,1500,-1,1486,chopped_padded
901,18.02,1500,-1,0,chopped
902,18.04,1500,-1,1486,chopped_padded
903,18.06,1500,-1,197,padded
904,18.08,1500,-1,0,chopped
905,18.1,1500,-1,1486,chopped_padded
906,18.12,1500,-1,0,chopped
907,18.14,1500,-1,1486,chopped_padded
908,18.16,1500,-1,197,padded
909,18.18,1500,-1,0,chopped
910,18.2,1500,-1,1486,chopped_padded
911,18.22,1500,1,1434,padded
912,18.24,1500,1,1434,padded
913,18.26,1500,1,1434,padded
914,18.28,1500,1,1434,padded
915,18.3,1500,1,1434,padded
916,18.32,1500,1,1434,padded
917,18.34,1500,1,1434,padded
918,18.36,1500,1,1434,padded
919,18.38,1500,1,1434,padded
920,18.4,1500,1,1434,padded
921,18.42,1500,-1,0,chopped
922,18.44,1500,-1,1486,chopped_padded
923,18.46,1500,-1,0,chopped
924,18.48,1500,-1,1486,chopped_padded
925,18.5,1500,-1,1288,padded
926,18.52,1500,1,1434,padded
927,18.54,1500,1,1434,padded
928,18.56,1500,1,1434,padded
929,18.58,1500,-1,1434,padded
930,18.6,1500,1,1434,padded
931,18.62,1500,-1,0,chopped
932,18.64,1500,-1,1486,chopped_padded
933,18.66,1500,-1,0,chopped
934,18.68,1500,-1,1486,chopped_padded
935,18.7,1500,-1,197,padded
936,18.72,1500,-1,0,chopped
937,18.74,1500,-1,1486,chopped_padded
938,18.76,1500,-1,0,chopped
939,18.78,1500,-1,1486,chopped_padded
940,18.8,1500,-1,197,padded
941,18.82,1500,-1,0,chopped
942,18.84,1500,-1,1486,chopped_padded
943,18.86,1500,-1,0,chopped
944,18.88,1500,-1,1486,chopped_padded
945,18.9,1500,-1,197,padded
946,18.92,1500,-1,0,chopped
947,18.94,1500,-1,1486,chopped_padded
948,18.96,1500,1,1434,padded
949,18.98,1500,1,1434,padded
950,19.0,1500,1,1434,padded
951,19.02,1500,1,1434,padded
952,19.04,1500,1,1434,padded
953,19.06,1500,1,1434,padded
954,19.08,1500,1,1434,padded
955,19.1,1500,1,1434,padded
956,19.12,1500,1,1434,padded
957,19.14,1500,1,1434,padded
958,19.16,1500,-1,0,chopped
959,19.18,1500,-1,1486,chopped_padded
960,19.2,1500,-1,921,padded
961,19.22,1500,1,1434,padded
962,19.24,1500,1,1434,padded
963,19.26,1500,-1,0,chopped
964,19.28,1500,-1,1486,chopped_padded
965,19.3,1500,-1,0,chopped
966,19.32,1500,-1,1486,chopped_padded
967,19.34,1500,-1,197,padded
968,19.36,1500,-1,0,chopped
969,19.38,1500,-1,1486,chopped_padded
970,19.4,1500,-1,0,chopped
971,19.42,1500,-1,1486,chopped_padded
972,19.44,1500,-1,197,padded
973,19.46,1500,-1,0,chopped
974,19.48,1500,-1,1486,chopped_padded
975,19.5,1500,-1,0,chopped
976,19.52,1500,-1,1486,chopped_padded
977,19.54,1500,-1,197,padded
978,19.56,1500,1,1434,padded
979,19.58,1500,1,1434,padded
980,19.6,1500,1,1434,padded
981,19.62,1500,1,1434,padded
982,19.64,1500,1,1434,padded
983,19.66,1500,1,1434,padded
984,19.68,1500,1,1434,padded
985,19.7,1500,1,1434,padded
986,19.72,1500,1,1434,padded
987,19.74,1500,-1,0,chopped
988,19.76,1500,-1,1486,chopped_padded
989,19.78,1500,-1,517,padded
990,19.8,1500,1,1434,padded
991,19.82,1500,1,1434,padded
992,19.84,1500,-1,0,chopped
993,19.86,1500,-1,1486,chopped_padded
994,19.88,1500,-1,0,chopped
995,19.9,1500,-1,1486,chopped_padded
996,19.92,1500,-1,197,padded
997,19.94,1500,-1,0,chopped
998,19.96,1500,-1,1486,chopped_padded
999,19.98,1500,-1,0,chopped
1000,20.0,1500,-1,1486,chopped_padded
1001,20.02,1500,-1,197,padded
1002,20.04,1500,-1,0,chopped
1003,20.06,1500,-1,1486,chopped_padded
1004,20.08,1500,-1,0,chopped
1005,20.1,1500,-1,1486,chopped_padded
1006,20.12,1500,-1,197,padded
1007,20.14,1500,-1,0,chopped
1008,20.16,1500,-1,1486,chopped_padded
1009,20.18,1500,1,1434,padded
1010,20.2,1500,1,1434,padded
1011,20.22,1500,1,1434,padded
1012,20.24,1500,1,1434,padded
1013,20.26,1500,1,1434,padded
1014,20.28,1500,1,1434,padded
1015,20.3,1500,1,1434,padded
1016,20.32,1500,1,1434,padded
1017,20.34,1500,1,1434,padded
1018,20.36,1500,1,1434,padded
1019,20.38,1500,-1,0,chopped
1020,20.4,1500,-1,1486,chopped_padded
1021,20.42,1500,-1,0,chopped
1022,20.44,1500,-1,1486,chopped_padded
1023,20.46,1500,-1,1288,padded
1024,20.48,1500,1,1434,padded
1025,20.5,1500,1,1434,padded
1026,20.52,1500,1,1434,padded
1027,20.54,1500,-1,0,chopped
1028,20.56,1500,-1,1486,chopped_padded
1029,20.58,1500,-1,0,chopped
1030,20.6,1500,-1,1486,chopped_padded
1031,20.62,1500,-1,197,padded
1032,20.64,1500,-1,0,chopped
1033,20.66,1500,-1,1486,chopped_padded
1034,20.68,1500,-1,0,chopped
1035,20.7,1500,-1,1486,chopped_padded
1036,20.72,1500,-1,197,padded
1037,20.74,1500,-1,0,chopped
1038,20.76,1500,-1,1486,chopped_padded
1039,20.78,1500,-1,0,chopped
1040,20.8,1500,-1,1486,chopped_padded
1041,20.82,1500,-1,197,padded
1042,20.84,1500,-1,0,chopped
1043,20.86,1500,-1,1486,chopped_padded
1044,20.88,1500,1,1434,padded
1045,20.9,1500,1,1434,padded
1046,20.92,1500,1,1434,padded
1047,20.94,1500,1,1434,padded
1048,20.96,1500,1,1434,padded
1049,20.98,1500,1,1434,padded
1050,21.0,1500,1,1434,padded
1051,21.02,1500,1,1434,padded
1052,21.04,1500,1,1434,padded
1053,21.06,1500,1,1434,padded
1054,21.08,1500,-1,0,chopped
1055,21.1,1500,-1,1486,chopped_padded
1056,21.12,1500,-1,921,padded
1057,21.14,1500,1,1434,padded
1058,21.16,1500,1,1434,padded
1059,21.18,1500,-1,0,chopped
1060,21.2,1500,-1,1486,chopped_padded
1061,21.22,1500,-1,0,chopped
1062,21.24,1500,-1,1486,chopped_padded
1063,21.26,1500,-1,197,padded
1064,21.28,1500,-1,0,chopped
1065,21.3,1500,-1,1486,chopped_padded
1066,21.32,1500,-1,0,chopped
1067,21.34,1500,-1,1486,chopped_padded
1068,21.36,1500,-1,197,padded
1069,21.38,1500,-1,0,chopped
1070,21.4,1500,-1,1486,chopped_padded
1071,21.42,1500,-1,0,chopped
1072,21.44,1500,-1,1486,chopped_padded
1073,21.46,1500,-1,197,padded
1074,21.48,1500,-1,0,chopped
1075,21.5,1500,-1,1486,chopped_padded
1076,21.52,1500,1,1434,padded
1077,21.54,1500,1,1434,padded
1078,21.56,1500,1,1434,padded
1079,21.58,1500,1,1434,padded
1080,21.6,1500,1,1434,padded
1081,21.62,1500,1,1434,padded
1082,21.64,1500,1,1434,padded
1083,21.66,1500,1,1434,padded
1084,21.68,1500,1,1434,padded
1085,21.7,1500,1,1434,padded
1086,21.72,1500,-1,0,chopped
1087,21.74,1500,-1,1486,chopped_padded
1088,21.76,1500,-1,0,chopped
1089,21.78,1500,-1,1486,chopped_padded
1090,21.8,1500,-1,1288,padded
1091,21.82,1500,1,1434,padded
1092,21.84,1500,1,1434,padded
1093,21.86,1500,1,1434,padded
1094,21.88,1500,-1,0,chopped
1095,21.9,1500,-1,1486,chopped_padded
1096,21.92,1500,-1,0,chopped
1097,21.94,1500,-1,1486,chopped_padded
1098,21.96,1500,-1,197,padded
1099,21.98,1500,-1,0,chopped
1100,22.0,1500,-1,1486,chopped_padded
1101,22.02,1500,-1,0,chopped
1102,22.04,1500,-1,1486,chopped_padded
1103,22.06,1500,-1,197,padded
1104,22.08,1500,-1,0,chopped
1105,22.1,1500,-1,1486,chopped_padded
1106,22.12,1500,-1,0,chopped
1107,22.14,1500,-1,1486,chopped_padded
1108,22.16,1500,-1,197,padded
1109,22.18,1500,1,1434,padded
1110,22.2,1500,1,1434,padded
1111,22.22,1500,1,1434,padded
1112,22.24,1500,1,1434,padded
1113,22.26,1500,1,1434,padded
1114,22.28,1500,1,1434,padded
1115,22.3,1500,1,1434,padded
1116,22.32,1500,1,1434,padded
1117,22.34,1500,1,1434,padded
1118,22.36,1500,-1,0,chopped
1119,22.38,1500,-1,1486,chopped_padded
1120,22.4,1500,-1,517,padded
1121,22.42,1500,1,1434,padded
1122,22.44,1500,1,1434,padded
1123,22.46,1500,-1,0,chopped
1124,22.48,1500,-1,1486,chopped_padded
1125,22.5,1500,-1,0,chopped
1126,22.52,1500,-1,1486,chopped_padded
1127,22.54,1500,-1,197,padded
1128,22.56,1500,-1,0,chopped
1129,22.58,1500,-1,1486,chopped_padded
1130,22.6,1500,-1,0,chopped
1131,22.62,1500,-1,1486,chopped_padded
1132,22.64,1500,-1,197,padded
1133,22.66,1500,-1,0,chopped
1134,22.68,1500,-1,1486,chopped_padded
1135,22.7,1500,-1,0,chopped
1136,22.72,1500,-1,1486,chopped_padded
1137,22.74,1500,-1,197,padded
1138,22.76,1500,-1,0,chopped
1139,22.78,1500,-1,1486,chopped_padded
1140,22.8,1500,1,1434,padded
1141,22.82,1500,1,1434,padded
1142,22.84,1500,1,1434,padded
1143,22.86,1500,1,1434,padded
1144,22.88,1500,1,1434,padded
1145,22.9,1500,1,1434,padded
1146,22.92,1500,1,1434,padded
1147,22.94,1500,1,1434,padded
1148,22.96,1500,1,1434,padded
1149,22.98,1500,1,1434,padded
1150,23.0,1500,-1,0,chopped
1151,23.02,1500,-1,1486,chopped_padded
1152,23.04,1500,-1,921,padded
1153,23.06,1500,1,1434,padded
1154,23.08,1500,1,1434,padded
1155,23.1,1500,-1,0,chopped
1156,23.12,1500,-1,1486,chopped_padded
1157,23.14,1500,-1,0,chopped
1158,23.16,1500,-1,1486,chopped_padded
1159,23.18,1500,-1,197,padded
1160,23.2,1500,-1,0,chopped
1161,23.22,1500,-1,1486,chopped_padded
1162,23.24,1500,-1,0,chopped
1163,23.26,1500,-1,1486,chopped_padded
1164,23.28,1500,-1,197,padded
1165,23.3,1500,-1,0,chopped
1166,23.32,1500,-1,1486,chopped_padded
1167,23.34,1500,-1,0,chopped
1168,23.36,1500,-1,1486,chopped_padded
1169,23.38,1500,-1,197,padded
1170,23.4,1500,-1,0,chopped
1171,23.42,1500,-1,1486,chopped_padded
1172,23.44,1500,1,1434,padded
1173,23.46,1500,1,1434,padded
1174,23.48,1500,1,1434,padded
1175,23.5,1500,1,1434,padded
1176,23.52,1500,1,1434,padded
1177,23.54,1500,1,1434,padded
1178,23.56,1500,1,1434,padded
1179,23.58,1500,1,1434,padded
1180,23.6,1500,1,1434,padded
1181,23.62,1500,1,1434,padded
1182,23.64,1500,-1,0,chopped
1183,23.66,1500,-1,1486,chopped_padded
1184,23.68,1500,-1,0,chopped
1185,23.7,1500,-1,1486,chopped_padded
1186,23.72,1500,-1,1288,padded
1187,23.74,1500,1,1434,padded
1188,23.76,1500,1,1434,padded
1189,23.78,1500,1,1434,padded
1190,23.8,1500,-1,0,chopped
1191,23.82,1500,-1,1486,chopped_padded
1192,23.84,1500,-1,0,chopped
1193,23.86,1500,-1,1486,chopped_padded
1194,23.88,1500,-1,197,padded
1195,23.9,1500,-1,0,chopped
1196,23.92,1500,-1,1486,chopped_padded
1197,23.94,1500,-1,0,chopped
1198,23.96,1500,-1,1486,chopped_padded
1199,23.98,1500,-1,197,padded
1200,24.0,1500,-1,0,chopped
1201,24.02,1500,-1,1486,chopped_padded
1202,24.04,1500,-1,0,chopped
1203,24.06,1500,-1,1486,chopped_padded
1204,24.08,1500,-1,197,padded
1205,24.1,1500,-1,0,chopped
1206,24.12,1500,-1,1486,chopped_padded
1207,24.14,1500,1,1434,padded
1208,24.16,1500,1,1434,padded
1209,24.18,1500,1,1434,padded
1210,24.2,1500,1,1434,padded
1211,24.22,1500,1,1434,padded
1212,24.24,1500,1,1434,padded
1213,24.26,1500,1,1434,padded
1214,24.28,1500,1,1434,padded
1215,24.3,1500,1,1434,padded
1216,24.32,1500,1,1434,padded
1217,24.34,1500,-1,0,chopped
1218,24.36,1500,-1,1486,chopped_padded
1219,24.38,1500,-1,0,chopped
1220,24.4,1500,-1,1486,chopped_padded
1221,24.42,1500,-1,1288,padded
1222,24.44,1500,1,1434,padded
1223,24.46,1500,1,1434,padded
1224,24.48,1500,1,1434,padded
1225,24.5,1500,-1,0,chopped
1226,24.52,1500,-1,1486,chopped_padded
1227,24.54,1500,-1,0,chopped
1228,24.56,1500,-1,1486,chopped_padded
1229,24.58,1500,-1,197,padded
1230,24.6,1500,-1,0,chopped
1231,24.62,1500,-1,1486,chopped_padded
1232,24.64,1500,-1,0,chopped
1233,24.66,1500,-1,1486,chopped_padded
1234,24.68,1500,-1,197,padded
1235,24.7,1500,-1,0,chopped
1236,24.72,1500,-1,1486,chopped_padded
1237,24.74,1500,-1,0,chopped
1238,24.76,1500,-1,1486,chopped_padded
1239,24.78,1500,-1,197,padded
1240,24.8,1500,-1,0,chopped
1241,24.82,1500,-1,1486,chopped_padded
1242,24.84,1500,1,1434,padded
1243,24.86,1500,1,1434,padded
1244,24.88,1500,1,1434,padded
1245,24.9,1500,1,1434,padded
1246,24.92,1500,1,1434,padded
1247,24.94,1500,1,1434,padded
1248,24.96,1500,1,1434,padded
1249,24.98,1500,1,1434,padded
1250,25.0,1500,1,1434,padded
1251,25.02,1500,1,1434,padded
1252,25.04,1500,-1,0,chopped
1253,25.06,1500,-1,1486,chopped_padded
1254,25.08,1500,-1,921,padded
1255,25.1,1500,1,1434,padded
1256,25.12,1500,1,1434,padded
1257,25.14,1500,-1,0,chopped
1258,25.16,1500,-1,1486,chopped_padded
1259,25.18,1500,-1,0,chopped
1260,25.2,1500,-1,1486,chopped_padded
1261,25.22,1500,-1,197,padded
1262,25.24,1500,-1,0,chopped
1263,25.26,1500,-1,1486,chopped_padded
1264,25.28,1500,-1,0,chopped
1265,25.3,1500,-1,1486,chopped_padded
1266,25.32,1500,-1,197,padded
1267,25.34,1500,-1,0,chopped
1268,25.36,1500,-1,1486,chopped_padded
1269,25.38,1500,-1,0,chopped
1270,25.4,1500,-1,1486,chopped_padded
1271,25.42,1500,-1,197,padded
1272,25.44,1500,-1,0,chopped
1273,25.46,1500,-1,1486,chopped_padded
1274,25.48,1500,1,1434,padded
1275,25.5,1500,1,1434,padded
1276,25.52,1500,1,1434,padded
1277,25.54,1500,1,1434,padded
1278,25.56,1500,1,1434,padded
1279,25.58,1500,1,1434,padded
1280,25.6,1500,1,1434,padded
1281,25.62,1500,1,1434,padded
1282,25.64,1500,1,1434,padded
1283,25.66,1500,1,1434,padded
1284,25.68,1500,-1,0,chopped
1285,25.7,1500,-1,1486,chopped_padded
1286,25.72,1500,-1,0,chopped
1287,25.74,1500,-1,1486,chopped_padded
1288,25.76,1500,-1,1288,padded
1289,25.78,1500,1,1434,padded
1290,25.8,1500,1,1434,padded
1291,25.82,1500,1,1434,padded
1292,25.84,1500,-1,0,chopped
1293,25.86,1500,-1,1486,chopped_padded
1294,25.88,1500,-1,0,chopped
1295,25.9,1500,-1,1486,chopped_padded
1296,25.92,1500,-1,197,padded
1297,25.94,1500,-1,0,chopped
1298,25.96,1500,-1,1486,chopped_padded
1299,25.98,1500,-1,0,chopped
1300,26.0,1500,-1,1486,chopped_padded
1301,26.02,1500,-1,197,padded
1302,26.04,1500,-1,0,chopped
1303,26.06,1500,-1,1486,chopped_padded
1304,26.08,1500,-1,0,chopped
1305,26.1,1500,-1,1486,chopped_padded
1306,26.12,1500,-1,197,padded
1307,26.14,1500,1,1434,padded
1308,26.16,1500,1,1434,padded
1309,26.18,1500,1,1434,padded
1310,26.2,1500,1,1434,padded
1311,26.22,1500,1,1434,padded
1312,26.24,1500,1,1434,padded
1313,26.26,1500,1,1434,padded
1314,26.28,1500,1,1434,padded
1315,26.3,1500,1,1434,padded
1316,26.32,1500,-1,0,chopped
1317,26.34,1500,-1,1486,chopped_padded
1318,26.36,1500,-1,517,padded
1319,26.38,1500,1,1434,padded
1320,26.4,1500,1,1434,padded
1321,26.42,1500,-1,0,chopped
1322,26.44,1500,-1,1486,chopped_padded
1323,26.46,1500,-1,0,chopped
1324,26.48,1500,-1,1486,chopped_padded
1325,26.5,1500,-1,197,padded
1326,26.52,1500,-1,0,chopped
1327,26.54,1500,-1,1486,chopped_padded
1328,26.56,1500,-1,0,chopped
1329,26.58,1500,-1,1486,chopped_padded
1330,26.6,1500,-1,197,padded
1331,26.62,1500,-1,0,chopped
1332,26.64,1500,-1,1486,chopped_padded
1333,26.66,1500,-1,0,chopped
1334,26.68,1500,-1,1486,chopped_padded
1335,26.7,1500,-1,197,padded
1336,26.72,1500,-1,0,chopped
1337,26.74,1500,-1,1486,chopped_padded
1338,26.76,1500,1,1434,padded
1339,26.78,1500,-1,0,chopped
1340,26.8,1500,-1,1486,chopped_padded
1341,26.82,1500,-1,0,chopped
1342,26.84,1500,-1,1486,chopped_padded
1343,26.86,1500,1,1434,padded
1344,26.88,1500,1,1434,padded
1345,26.9,1500,1,1434,padded
1346,26.92,1500,1,1434,padded
1347,26.94,1500,1,1434,padded
1348,26.96,1500,1,1434,padded
1349,26.98,1500,1,1434,padded
1350,27.0,1500,1,1434,padded
1351,27.02,1500,1,1434,padded
1352,27.04,1500,1,1434,padded
1353,27.06,1500,1,1434,padded
1354,27.08,1500,-1,1288,padded
1355,27.1,1500,1,1434,padded
1356,27.12,1500,-1,0,chopped
1357,27.14,1500,-1,1486,chopped_padded
1358,27.16,1500,-1,0,chopped
1359,27.18,1500,-1,1486,chopped_padded
1360,27.2,1500,-1,197,padded
1361,27.22,1500,-1,0,chopped
1362,27.24,1500,-1,1486,chopped_padded
1363,27.26,1500,-1,0,chopped
1364,27.28,1500,-1,1486,chopped_padded
1365,27.3,1500,-1,197,padded
1366,27.32,1500,-1,0,chopped
1367,27.34,1500,-1,1486,chopped_padded
1368,27.36,1500,-1,0,chopped
1369,27.38,1500,-1,1486,chopped_padded
1370,27.4,1500,-1,197,padded
1371,27.42,1500,-1,0,chopped
1372,27.44,1500,-1,1486,chopped_padded
1373,27.46,1500,-1,0,chopped
1374,27.48,1500,-1,1486,chopped_padded
1375,27.5,1500,-1,921,padded
1376,27.52,1500,1,1434,padded
1377,27.54,1500,1,1434,padded
1378,27.56,1500,1,1434,padded
1379,27.58,1500,1,1434,padded
1380,27.6,1500,1,1434,padded
1381,27.62,1500,1,1434,padded
1382,27.64,1500,1,1434,padded
1383,27.66,1500,1,1434,padded
1384,27.68,1500,1,1434,padded
1385,27.7,1500,1,1434,padded
1386,27.72,1500,1,1434,padded
1387,27.74,1500,1,1434,padded
1388,27.76,1500,-1,0,chopped
1389,27.78,1500,-1,1486,chopped_padded
1390,27.8,1500,-1,0,chopped
1391,27.82,1500,-1,1486,chopped_padded
1392,27.84,1500,-1,197,padded
1393,27.86,1500,-1,0,chopped
1394,27.88,1500,-1,1486,chopped_padded
1395,27.9,1500,-1,0,chopped
1396,27.92,1500,-1,1486,chopped_padded
1397,27.94,1500,-1,197,padded
1398,27.96,1500,-1,0,chopped
1399,27.98,1500,-1,1486,chopped_padded
1400,28.0,1500,-1,0,chopped
1401,28.02,1500,-1,1486,chopped_padded
1402,28.04,1500,-1,197,padded
1403,28.06,1500,-1,0,chopped
1404,28.08,1500,-1,1486,chopped_padded
1405,28.1,1500,1,1434,padded
1406,28.12,1500,1,1434,padded
1407,28.14,1500,1,1434,padded
1408,28.16,1500,1,1434,padded
1409,28.18,1500,1,1434,padded
1410,28.2,1500,1,1434,padded
1411,28.22,1500,1,1434,padded
1412,28.24,1500,1,1434,padded
1413,28.26,1500,1,1434,padded
1414,28.28,1500,1,1434,padded
1415,28.3,1500,-1,0,chopped
1416,28.32,1500,-1,1486,chopped_padded
1417,28.34,1500,-1,0,chopped
1418,28.36,1500,-1,1486,chopped_padded
1419,28.38,1500,-1,1288,padded
1420,28.4,1500,1,1434,padded
1421,28.42,1500,1,1434,padded
1422,28.44,1500,1,1434,padded
1423,28.46,1500,-1,0,chopped
1424,28.48,1500,-1,1486,chopped_padded
1425,28.5,1500,-1,0,chopped
1426,28.52,1500,-1,1486,chopped_padded
1427,28.54,1500,-1,197,padded
1428,28.56,1500,-1,0,chopped
1429,28.58,1500,-1,1486,chopped_padded
1430,28.6,1500,-1,0,chopped
1431,28.62,1500,-1,1486,chopped_padded
1432,28.64,1500,-1,197,padded
1433,28.66,1500,-1,0,chopped
1434,28.68,1500,-1,1486,chopped_padded
1435,28.7,1500,-1,0,chopped
1436,28.72,1500,-1,1486,chopped_padded
1437,28.74,1500,-1,197,padded
1438,28.76,1500,-1,0,chopped
1439,28.78,1500,-1,1486,chopped_padded
1440,28.8,1500,1,1434,padded
1441,28.82,1500,1,1434,padded
1442,28.84,1500,1,1434,padded
1443,28.86,1500,1,1434,padded
1444,28.88,1500,1,1434,padded
1445,28.9,1500,1,1434,padded
1446,28.92,1500,1,1434,padded
1447,28.94,1500,1,1434,padded
1448,28.96,1500,1,1434,padded
1449,28.98,1500,1,1434,padded
1450,29.0,1500,-1,0,chopped
1451,29.02,1500,-1,1486,chopped_padded
1452,29.04,1500,-1,921,padded
1453,29.06,1500,1,1434,padded
1454,29.08,1500,1,1434,padded
1455,29.1,1500,-1,0,chopped
1456,29.12,1500,-1,1486,chopped_padded
1457,29.14,1500,-1,0,chopped
1458,29.16,1500,-1,1486,chopped_padded
1459,29.18,1500,-1,197,padded
1460,29.2,1500,-1,0,chopped
1461,29.22,1500,-1,1486,chopped_padded
1462,29.24,1500,-1,0,chopped
1463,29.26,1500,-1,1486,chopped_padded
1464,29.28,1500,-1,197,padded
1465,29.3,1500,-1,0,chopped
1466,29.32,1500,-1,1486,chopped_padded
1467,29.34,1500,-1,0,chopped
1468,29.36,1500,-1,1486,chopped_padded
1469,29.38,1500,-1,197,padded
1470,29.4,1500,-1,0,chopped
1471,29.42,1500,-1,1486,chopped_padded
1472,29.44,1500,1,1434,padded
1473,29.46,1500,1,1434,padded
1474,29.48,1500,1,1434,padded
1475,29.5,1500,1,1434,padded
1476,29.52,1500,1,1434,padded
1477,29.54,1500,1,1434,padded
1478,29.56,1500,1,1434,padded
1479,29.58,1500,1,1434,padded
1480,29.6,1500,1,1434,padded
1481,29.62,1500,1,1434,padded
1482,29.64,1500,-1,0,chopped
1483,29.66,1500,-1,1486,chopped_padded
1484,29.68,1500,-1,0,chopped
1485,29.7,1500,-1,1486,chopped_padded
1486,29.72,1500,-1,1288,padded
1487,29.74,1500,1,1434,padded
1488,29.76,1500,1,1434,padded
1489,29.78,1500,1,1434,padded
1490,29.8,1500,-1,0,chopped
1491,29.82,1500,-1,1486,chopped_padded
1492,29.84,1500,-1,0,chopped
1493,29.86,1500,-1,1486,chopped_padded
1494,29.88,1500,-1,197,padded
1495,29.9,1500,-1,0,chopped
1496,29.92,1500,-1,1486,chopped_padded
1497,29.94,1500,-1,0,chopped
1498,29.96,1500,-1,1486,chopped_padded
1499,29.98,1500,-1,197,padded
1500,30.0,1500,-1,0,chopped
1501,30.02,1500,-1,1486,chopped_padded
1502,30.04,1500,-1,0,chopped
1503,30.06,1500,-1,1486,chopped_padded
1504,30.08,1500,-1,197,padded
1505,30.1,1500,-1,0,chopped
1506,30.12,1500,-1,1486,chopped_padded
1507,30.14,1500,1,1434,padded
1508,30.16,1500,1,1434,padded
1509,30.18,1500,1,1434,padded
1510,30.2,1500,1,1434,padded
1511,30.22,1500,1,1434,padded
1512,30.24,1500,1,1434,padded
1513,30.26,1500,1,1434,padded
1514,30.28,1500,1,1434,padded
1515,30.3,1500,1,1434,padded
1516,30.32,1500,1,1434,padded
1517,30.34,1500,-1,0,chopped
1518,30.36,1500,-1,1486,chopped_padded
1519,30.38,1500,-1,921,padded
1520,30.4,1500,1,1434,padded
1521,30.42,1500,1,1434,padded
1522,30.44,1500,-1,0,chopped
1523,30.46,1500,-1,1486,chopped_padded
1524,30.48,1500,-1,0,chopped
1525,30.5,1500,-1,1486,chopped_padded
1526,30.52,1500,-1,197,padded
1527,30.54,1500,-1,0,chopped
1528,30.56,1500,-1,1486,chopped_padded
1529,30.58,1500,-1,0,chopped
1530,30.6,1500,-1,1486,chopped_padded
1531,30.62,1500,-1,197,padded
1532,30.64,1500,-1,0,chopped
1533,30.66,1500,-1,1486,chopped_padded
1534,30.68,1500,-1,0,chopped
1535,30.7,1500,-1,1486,chopped_padded
1536,30.72,1500,-1,197,padded
1537,30.74,1500,1,1434,padded
1538,30.76,1500,1,1434,padded
1539,30.78,1500,1,1434,padded
1540,30.8,1500,1,1434,padded
1541,30.82,1500,1,1434,padded
1542,30.84,1500,1,1434,padded
1543,30.86,1500,1,1434,padded
1544,30.88,1500,1,1434,padded
1545,30.9,1500,1,1434,padded
1546,30.92,1500,-1,0,chopped
1547,30.94,1500,-1,1486,chopped_padded
1548,30.96,1500,-1,517,padded
1549,30.98,1500,1,1434,padded
1550,31.0,1500,1,1434,padded
1551,31.02,1500,-1,0,chopped
1552,31.04,1500,-1,1486,chopped_padded
1553,31.06,1500,-1,0,chopped
1554,31.08,1500,-1,1486,chopped_padded
1555,31.1,1500,-1,197,padded
1556,31.12,1500,-1,0,chopped
1557,31.14,1500,-1,1486,chopped_padded
1558,31.16,1500,-1,0,chopped
1559,31.18,1500,-1,1486,chopped_padded
1560,31.2,1500,-1,197,padded
1561,31.22,1500,-1,0,chopped
1562,31.24,1500,-1,1486,chopped_padded
1563,31.26,1500,-1,0,chopped
1564,31.28,1500,-1,1486,chopped_padded
1565,31.3,1500,-1,197,padded
1566,31.32,1500,-1,0,chopped
1567,31.34,1500,-1,1486,chopped_padded
1568,31.36,1500,1,1434,padded
1569,31.38,1500,1,1434,padded
1570,31.4,1500,1,1434,padded
1571,31.42,1500,1,1434,padded
1572,31.44,1500,1,1434,padded
1573,31.46,1500,1,1434,padded
1574,31.48,1500,1,1434,padded
1575,31.5,1500,1,1434,padded
1576,31.52,1500,1,1434,padded
1577,31.54,1500,1,1434,padded
1578,31.56,1500,-1,0,chopped
1579,31.58,1500,-1,1486,chopped_padded
1580,31.6,1500,-1,0,chopped
1581,31.62,1500,-1,1486,chopped_padded
1582,31.64,1500,-1,0,chopped
1583,31.66,1500,-1,1486,chopped_padded
1584,31.68,1500,-1,648,padded
1585,31.7,1500,1,1434,padded
1586,31.72,1500,1,1434,padded
1587,31.74,1500,1,1434,padded
1588,31.76,1500,1,1434,padded
1589,31.78,1500,-1,0,chopped
1590,31.8,1500,-1,1486,chopped_padded
1591,31.82,1500,-1,0,chopped
1592,31.84,1500,-1,1486,chopped_padded
1593,31.86,1500,-1,197,padded
1594,31.88,1500,-1,0,chopped
1595,31.9,1500,-1,1486,chopped_padded
1596,31.92,1500,-1,0,chopped
1597,31.94,1500,-1,1486,chopped_padded
1598,31.96,1500,-1,197,padded
1599,31.98,1500,-1,0,chopped
1600,32.0,1500,-1,1486,chopped_padded
1601,32.02,1500,-1,0,chopped
1602,32.04,1500,-1,1486,chopped_padded
1603,32.06,1500,-1,197,padded
1604,32.08,1500,-1,0,chopped
1605,32.1,1500,-1,1486,chopped_padded
1606,32.12,1500,1,1434,padded
1607,32.14,1500,1,1434,padded
1608,32.16,1500,1,1434,padded
1609,32.18,1500,1,1434,padded
1610,32.2,1500,1,1434,padded
1611,32.22,1500,1,1434,padded
1612,32.24,1500,1,1434,padded
1613,32.26,1500,1,1434,padded
1614,32.28,1500,1,1434,padded
1615,32.3,1500,1,1434,padded
1616,32.32,1500,-1,0,chopped
1617,32.34,1500,-1,1486,chopped_padded
1618,32.36,1500,-1,921,padded
1619,32.38,1500,1,1434,padded
1620,32.4,1500,1,1434,padded
1621,32.42,1500,-1,0,chopped
1622,32.44,1500,-1,1486,chopped_padded
1623,32.46,1500,-1,0,chopped
1624,32.48,1500,-1,1486,chopped_padded
1625,32.5,1500,-1,197,padded
1626,32.52,1500,-1,0,chopped
1627,32.54,1500,-1,1486,chopped_padded
1628,32.56,1500,-1,0,chopped
1629,32.58,1500,-1,1486,chopped_padded
1630,32.6,1500,-1,197,padded
1631,32.62,1500,-1,0,chopped
1632,32.64,1500,-1,1486,chopped_padded
1633,32.66,1500,-1,0,chopped
1634,32.68,1500,-1,1486,chopped_padded
1635,32.7,1500,-1,197,padded
1636,32.72,1500,1,1434,padded
1637,32.74,1500,1,1434,padded
1638,32.76,1500,1,1434,padded
1639,32.78,1500,1,1434,padded
1640,32.8,1500,1,1434,padded
1641,32.82,1500,1,1434,padded
1642,32.84,1500,1,1434,padded
1643,32.86,1500,1,1434,padded
1644,32.88,1500,1,1434,padded
1645,32.9,1500,-1,0,chopped
1646,32.92,1500,-1,1486,chopped_padded
1647,32.94,1500,-1,517,padded
1648,32.96,1500,1,1434,padded
1649,32.98,1500,1,1434,padded
1650,33.0,1500,-1,0,chopped
1651,33.02,1500,-1,1486,chopped_padded
1652,33.04,1500,-1,0,chopped
1653,33.06,1500,-1,1486,chopped_padded
1654,33.08,1500,-1,197,padded
1655,33.1,1500,-1,0,chopped
1656,33.12,1500,-1,1486,chopped_padded
1657,33.14,1500,-1,0,chopped
1658,33.16,1500,-1,1486,chopped_padded
1659,33.18,1500,-1,197,padded
1660,33.2,1500,-1,0,chopped
1661,33.22,1500,-1,1486,chopped_padded
1662,33.24,1500,-1,0,chopped
1663,33.26,1500,-1,1486,chopped_padded
1664,33.28,1500,-1,197,padded
1665,33.3,1500,-1,0,chopped
1666,33.32,1500,-1,1486,chopped_padded
1667,33.34,1500,1,1434,padded
1668,33.36,1500,1,1434,padded
1669,33.38,1500,1,1434,padded
1670,33.4,1500,1,1434,padded
1671,33.42,1500,1,1434,padded
1672,33.44,1500,1,1434,padded
1673,33.46,1500,1,1434,padded
1674,33.48,1500,1,1434,padded
1675,33.5,1500,1,1434,padded
1676,33.52,1500,1,1434,padded
1677,33.54,1500,-1,0,chopped
1678,33.56,1500,-1,1486,chopped_padded
1679,33.58,1500,-1,921,padded
1680,33.6,1500,1,1434,padded
1681,33.62,1500,1,1434,padded
1682,33.64,1500,-1,0,chopped
1683,33.66,1500,-1,1486,chopped_padded
1684,33.68,1500,-1,0,chopped
1685,33.7,1500,-1,1486,chopped_padded
1686,33.72,1500,-1,197,padded
1687,33.74,1500,-1,0,chopped
1688,33.76,1500,-1,1486,chopped_padded
1689,33.78,1500,-1,0,chopped
1690,33.8,1500,-1,1486,chopped_padded
1691,33.82,1500,-1,197,padded
1692,33.84,1500,-1,0,chopped
1693,33.86,1500,-1,1486,chopped_padded
1694,33.88,1500,-1,0,chopped
1695,33.9,1500,-1,1486,chopped_padded
1696,33.92,1500,-1,197,padded
1697,33.94,1500,-1,0,chopped
1698,33.96,1500,-1,1486,chopped_padded
1699,33.98,1500,1,1434,padded
1700,34.0,1500,1,1434,padded
1701,34.02,1500,1,1434,padded
1702,34.04,1500,1,1434,padded
1703,34.06,1500,1,1434,padded
1704,34.08,1500,1,1434,padded
1705,34.1,1500,1,1434,padded
1706,34.12,1500,1,1434,padded
1707,34.14,1500,1,1434,padded
1708,34.16,1500,1,1434,padded
1709,34.18,1500,-1,0,chopped
1710,34.2,1500,-1,1486,chopped_padded
1711,34.22,1500,-1,921,padded
1712,34.24,1500,1,1434,padded
1713,34.26,1500,1,1434,padded
1714,34.28,1500,-1,0,chopped
1715,34.3,1500,-1,1486,chopped_padded
1716,34.32,1500,-1,0,chopped
1717,34.34,1500,-1,1486,chopped_padded
1718,34.36,1500,-1,197,padded
1719,34.38,1500,-1,0,chopped
1720,34.4,1500,-1,1486,chopped_padded
1721,34.42,1500,-1,0,chopped
1722,34.44,1500,-1,1486,chopped_padded
1723,34.46,1500,-1,197,padded
1724,34.48,1500,-1,0,chopped
1725,34.5,1500,-1,1486,chopped_padded
1726,34.52,1500,-1,0,chopped
1727,34.54,1500,-1,1486,chopped_padded
1728,34.56,1500,-1,197,padded
1729,34.58,1500,-1,0,chopped
1730,34.6,1500,-1,1486,chopped_padded
1731,34.62,1500,1,1434,padded
1732,34.64,1500,1,1434,padded
1733,34.66,1500,1,1434,padded
1734,34.68,1500,1,1434,padded
1735,34.7,1500,1,1434,padded
1736,34.72,1500,-1,0,chopped
1737,34.74,1500,-1,1486,chopped_padded
1738,34.76,1500,-1,921,padded
1739,34.78,1500,1,1434,padded
1740,34.8,1500,1,1434,padded
1741,34.82,1500,1,1434,padded
1742,34.84,1500,1,1434,padded
1743,34.86,1500,1,1434,padded
1744,34.88,1500,1,1434,padded
1745,34.9,1500,1,1434,padded
1746,34.92,1500,-1,0,chopped
1747,34.94,1500,-1,1486,chopped_padded
1748,34.96,1500,-1,0,chopped
1749,34.98,1500,-1,1486,chopped_padded
1750,35.0,1500,-1,197,padded
1751,35.02,1500,-1,0,chopped
1752,35.04,1500,-1,1486,chopped_padded
1753,35.06,1500,-1,0,chopped
1754,35.08,1500,-1,1486,chopped_padded
1755,35.1,1500,-1,197,padded
1756,35.12,1500,-1,0,chopped
1757,35.14,1500,-1,1486,chopped_padded
1758,35.16,1500,-1,0,chopped
1759,35.18,1500,-1,1486,chopped_padded
1760,35.2,1500,-1,197,padded
1761,35.22,1500,-1,0,chopped
1762,35.24,1500,-1,1486,chopped_padded
1763,35.26,1500,1,1434,padded
1764,35.28,1500,1,1434,padded
1765,35.3,1500,1,1434,padded
1766,35.32,1500,1,1434,padded
1767,35.34,1500,1,1434,padded
1768,35.36,1500,1,1434,padded
1769,35.38,1500,1,1434,padded
1770,35.4,1500,1,1434,padded
1771,35.42,1500,1,1434,padded
1772,35.44,1500,1,1434,padded
1773,35.46,1500,-1,0,chopped
1774,35.48,1500,-1,1486,chopped_padded
1775,35.5,1500,-1,0,chopped
1776,35.52,1500,-1,1486,chopped_padded
1777,35.54,1500,-1,1288,padded
1778,35.56,1500,1,1434,padded
1779,35.58,1500,1,1434,padded
1780,35.6,1500,1,1434,padded
1781,35.62,1500,-1,0,chopped
1782,35.64,1500,-1,1486,chopped_padded
1783,35.66,1500,-1,0,chopped
1784,35.68,1500,-1,1486,chopped_padded
1785,35.7,1500,-1,197,padded
1786,35.72,1500,-1,0,chopped
1787,35.74,1500,-1,1486,chopped_padded
1788,35.76,1500,-1,0,chopped
1789,35.78,1500,-1,1486,chopped_padded
1790,35.8,1500,-1,197,padded
1791,35.82,1500,-1,0,chopped
1792,35.84,1500,-1,1486,chopped_padded
1793,35.86,1500,-1,0,chopped
1794,35.88,1500,-1,1486,chopped_padded
1795,35.9,1500,-1,197,padded
1796,35.92,1500,-1,0,chopped
1797,35.94,1500,-1,1486,chopped_padded
1798,35.96,1500,1,1434,padded
1799,35.98,1500,1,1434,padded
1800,36.0,1500,1,1434,padded
1801,36.02,1500,1,1434,padded
1802,36.04,1500,1,1434,padded
1803,36.06,1500,1,1434,padded
1804,36.08,1500,1,1434,padded
1805,36.1,1500,1,1434,padded
1806,36.12,1500,1,1434,padded
1807,36.14,1500,1,1434,padded
1808,36.16,1500,-1,0,chopped
1809,36.18,1500,-1,1486,chopped_padded
1810,36.2,1500,-1,0,chopped
1811,36.22,1500,-1,1486,chopped_padded
1812,36.24,1500,1,1434,padded
1813,36.26,1500,1,1434,padded
1814,36.28,1500,-1,1288,padded
1815,36.3,1500,1,1434,padded
1816,36.32,1500,-1,0,chopped
1817,36.34,1500,-1,1486,chopped_padded
1818,36.36,1500,-1,0,chopped
1819,36.38,1500,-1,1486,chopped_padded
1820,36.4,1500,-1,197,padded
1821,36.42,1500,-1,0,chopped
1822,36.44,1500,-1,1486,chopped_padded
1823,36.46,1500,-1,0,chopped
1824,36.48,1500,-1,1486,chopped_padded
1825,36.5,1500,-1,197,padded
1826,36.52,1500,-1,0,chopped
1827,36.54,1500,-1,1486,chopped_padded
1828,36.56,1500,-1,0,chopped
1829,36.58,1500,-1,1486,chopped_padded
1830,36.6,1500,-1,197,padded
1831,36.62,1500,-1,0,chopped
1832,36.64,1500,-1,1486,chopped_padded
1833,36.66,1500,1,1434,padded
1834,36.68,1500,1,1434,padded
1835,36.7,1500,1,1434,padded
1836,36.72,1500,1,1434,padded
1837,36.74,1500,1,1434,padded
1838,36.76,1500,1,1434,padded
1839,36.78,1500,1,1434,padded
1840,36.8,1500,1,1434,padded
1841,36.82,1500,1,1434,padded
1842,36.84,1500,1,1434,padded
1843,36.86,1500,-1,0,chopped
1844,36.88,1500,-1,1486,chopped_padded
1845,36.9,1500,-1,921,padded
1846,36.92,1500,1,1434,padded
1847,36.94,1500,1,1434,padded
1848,36.96,1500,-1,0,chopped
1849,36.98,1500,-1,1486,chopped_padded
1850,37.0,1500,-1,0,chopped
1851,37.02,1500,-1,1486,chopped_padded
1852,37.04,1500,-1,197,padded
1853,37.06,1500,-1,0,chopped
1854,37.08,1500,-1,1486,chopped_padded
1855,37.1,1500,-1,0,chopped
1856,37.12,1500,-1,1486,chopped_padded
1857,37.14,1500,-1,197,padded
1858,37.16,1500,-1,0,chopped
1859,37.18,1500,-1,1486,chopped_padded
1860,37.2,1500,-1,0,chopped
1861,37.22,1500,-1,1486,chopped_padded
1862,37.24,1500,-1,197,padded
1863,37.26,1500,-1,0,chopped
1864,37.28,1500,-1,1486,chopped_padded
1865,37.3,1500,1,1434,padded
1866,37.32,1500,1,1434,padded
1867,37.34,1500,1,1434,padded
1868,37.36,1500,1,1434,padded
1869,37.38,1500,1,1434,padded
1870,37.4,1500,1,1434,padded
1871,37.42,1500,1,1434,padded
1872,37.44,1500,1,1434,padded
1873,37.46,1500,1,1434,padded
1874,37.48,1500,1,1434,padded
1875,37.5,1500,-1,0,chopped
1876,37.52,1500,-1,1486,chopped_padded
1877,37.54,1500,-1,921,padded
1878,37.56,1500,1,1434,padded
1879,37.58,1500,1,1434,padded
1880,37.6,1500,-1,0,chopped
1881,37.62,1500,-1,1486,chopped_padded
1882,37.64,1500,-1,0,chopped
1883,37.66,1500,-1,1486,chopped_padded
1884,37.68,1500,-1,197,padded
1885,37.7,1500,-1,0,chopped
1886,37.72,1500,-1,1486,chopped_padded
1887,37.74,1500,-1,0,chopped
1888,37.76,1500,-1,1486,chopped_padded
1889,37.78,1500,-1,197,padded
1890,37.8,1500,-1,0,chopped
1891,37.82,1500,-1,1486,chopped_padded
1892,37.84,1500,-1,0,chopped
1893,37.86,1500,-1,1486,chopped_padded
1894,37.88,1500,-1,197,padded
1895,37.9,1500,-1,0,chopped
1896,37.92,1500,-1,1486,chopped_padded
1897,37.94,1500,1,1434,padded
1898,37.96,1500,1,1434,padded
1899,37.98,1500,1,1434,padded
1900,38.0,1500,1,1434,padded
1901,38.02,1500,1,1434,padded
1902,38.04,1500,1,1434,padded
1903,38.06,1500,1,1434,padded
1904,38.08,1500,1,1434,padded
1905,38.1,1500,1,1434,padded
1906,38.12,1500,1,1434,padded
1907,38.14,1500,-1,0,chopped
1908,38.16,1500,-1,1486,chopped_padded
1909,38.18,1500,-1,921,padded
1910,38.2,1500,1,1434,padded
1911,38.22,1500,1,1434,padded
1912,38.24,1500,-1,0,chopped
1913,38.26,1500,-1,1486,chopped_padded
1914,38.28,1500,-1,0,chopped
1915,38.3,1500,-1,1486,chopped_padded
1916,38.32,1500,-1,197,padded
1917,38.34,1500,-1,0,chopped
1918,38.36,1500,-1,1486,chopped_padded
1919,38.38,1500,-1,0,chopped
1920,38.4,1500,-1,1486,chopped_padded
1921,38.42,1500,-1,197,padded
1922,38.44,1500,-1,0,chopped
1923,38.46,1500,-1,1486,chopped_padded
1924,38.48,1500,-1,0,chopped
1925,38.5,1500,-1,1486,chopped_padded
1926,38.52,1500,-1,197,padded
1927,38.54,1500,-1,0,chopped
1928,38.56,1500,-1,1486,chopped_padded
1929,38.58,1500,1,1434,padded
1930,38.6,1500,1,1434,padded
1931,38.62,1500,1,1434,padded
1932,38.64,1500,1,1434,padded
1933,38.66,1500,1,1434,padded
1934,38.68,1500,1,1434,padded
1935,38.7,1500,1,1434,padded
1936,38.72,1500,1,1434,padded
1937,38.74,1500,1,1434,padded
1938,38.76,1500,1,1434,padded
1939,38.78,1500,-1,0,chopped
1940,38.8,1500,-1,1486,chopped_padded
1941,38.82,1500,-1,0,chopped
1942,38.84,1500,-1,1486,chopped_padded
1943,38.86,1500,-1,1288,padded
1944,38.88,1500,1,1434,padded
1945,38.9,1500,1,1434,padded
1946,38.92,1500,1,1434,padded
1947,38.94,1500,-1,0,chopped
1948,38.96,1500,-1,1486,chopped_padded
1949,38.98,1500,-1,0,chopped
1950,39.0,1500,-1,1486,chopped_padded
1951,39.02,1500,-1,197,padded
1952,39.04,1500,-1,0,chopped
1953,39.06,1500,-1,1486,chopped_padded
1954,39.08,1500,-1,0,chopped
1955,39.1,1500,-1,1486,chopped_padded
1956,39.12,1500,-1,197,padded
1957,39.14,1500,-1,0,chopped
1958,39.16,1500,-1,1486,chopped_padded
1959,39.18,1500,-1,0,chopped
1960,39.2,1500,-1,1486,chopped_padded
1961,39.22,1500,-1,197,padded
1962,39.24,1500,1,1434,padded
1963,39.26,1500,1,1434,padded
1964,39.28,1500,1,1434,padded
1965,39.3,1500,1,1434,padded
1966,39.32,1500,1,1434,padded
1967,39.34,1500,1,1434,padded
1968,39.36,1500,1,1434,padded
1969,39.38,1500,1,1434,padded
1970,39.4,1500,1,1434,padded
1971,39.42,1500,-1,0,chopped
1972,39.44,1500,-1,1486,chopped_padded
1973,39.46,1500,-1,517,padded
1974,39.48,1500,1,1434,padded
1975,39.5,1500,1,1434,padded
1976,39.52,1500,-1,0,chopped
1977,39.54,1500,-1,1486,chopped_padded
1978,39.56,1500,-1,0,chopped
1979,39.58,1500,-1,1486,chopped_padded
1980,39.6,1500,-1,197,padded
1981,39.62,1500,-1,0,chopped
1982,39.64,1500,-1,1486,chopped_padded
1983,39.66,1500,-1,0,chopped
1984,39.68,1500,-1,1486,chopped_padded
1985,39.7,1500,-1,197,padded
1986,39.72,1500,-1,0,chopped
1987,39.74,1500,-1,1486,chopped_padded
1988,39.76,1500,-1,0,chopped
1989,39.78,1500,-1,1486,chopped_padded
1990,39.8,1500,-1,197,padded
1991,39.82,1500,-1,0,chopped
1992,39.84,1500,-1,1486,chopped_padded
1993,39.86,1500,1,1434,padded
1994,39.88,1500,1,1434,padded
1995,39.9,1500,1,1434,padded
1996,39.92,1500,1,1434,padded
1997,39.94,1500,1,1434,padded
1998,39.96,1500,1,1434,padded
1999,39.98,1500,1,1434,padded
2000,40.0,1500,1,1434,padded
2001,40.02,1500,1,1434,padded
2002,40.04,1500,1,1434,padded
2003,40.06,1500,-1,0,chopped
2004,40.08,1500,-1,1486,chopped_padded
2005,40.1,1500,-1,0,chopped
2006,40.12,1500,-1,1486,chopped_padded
2007,40.14,1500,-1,1288,padded
2008,40.16,1500,1,1434,padded
2009,40.18,1500,1,1434,padded
2010,40.2,1500,1,1434,padded
2011,40.22,1500,-1,0,chopped
2012,40.24,1500,-1,1486,chopped_padded
2013,40.26,1500,-1,0,chopped
2014,40.28,1500,-1,1486,chopped_padded
2015,40.3,1500,-1,197,padded
2016,40.32,1500,-1,0,chopped
2017,40.34,1500,-1,1486,chopped_padded
2018,40.36,1500,-1,0,chopped
2019,40.38,1500,-1,1486,chopped_padded
2020,40.4,1500,-1,197,padded
2021,40.42,1500,-1,0,chopped
2022,40.44,1500,-1,1486,chopped_padded
2023,40.46,1500,-1,0,chopped
2024,40.48,1500,-1,1486,chopped_padded
2025,40.5,1500,-1,197,padded
2026,40.52,1500,-1,0,chopped
2027,40.54,1500,-1,1486,chopped_padded
2028,40.56,1500,1,1434,padded
2029,40.58,1500,1,1434,padded
2030,40.6,1500,1,1434,padded
2031,40.62,1500,1,1434,padded
2032,40.64,1500,1,1434,padded
2033,40.66,1500,1,1434,padded
2034,40.68,1500,1,1434,padded
2035,40.7,1500,1,1434,padded
2036,40.72,1500,1,1434,padded
2037,40.74,1500,1,1434,padded
2038,40.76,1500,-1,0,chopped
2039,40.78,1500,-1,1486,chopped_padded
2040,40.8,1500,-1,0,chopped
2041,40.82,1500,-1,1486,chopped_padded
2042,40.84,1500,1,1434,padded
2043,40.86,1500,1,1434,padded
2044,40.88,1500,-1,244,padded
2045,40.9,1500,1,1434,padded
2046,40.92,1500,-1,0,chopped
2047,40.94,1500,-1,1486,chopped_padded
2048,40.96,1500,-1,0,chopped
2049,40.98,1500,-1,1486,chopped_padded
2050,41.0,1500,-1,197,padded
2051,41.02,1500,-1,0,chopped
2052,41.04,1500,-1,1486,chopped_padded
2053,41.06,1500,-1,0,chopped
2054,41.08,1500,-1,1486,chopped_padded
2055,41.1,1500,-1,197,padded
2056,41.12,1500,-1,0,chopped
2057,41.14,1500,-1,1486,chopped_padded
2058,41.16,1500,-1,0,chopped
2059,41.18,1500,-1,1486,chopped_padded
2060,41.2,1500,-1,197,padded
2061,41.22,1500,-1,113,padded
2062,41.24,1500,1,1434,padded
2063,41.26,1500,1,1434,padded
2064,41.28,1500,1,1434,padded
2065,41.3,1500,1,1434,padded
2066,41.32,1500,1,1434,padded
2067,41.34,1500,1,1434,padded
2068,41.36,1500,1,1434,padded
2069,41.38,1500,1,1434,padded
2070,41.4,1500,1,1434,padded
2071,41.42,1500,1,1434,padded
2072,41.44,1500,-1,0,chopped
2073,41.46,1500,-1,1486,chopped_padded
2074,41.48,1500,-1,0,chopped
2075,41.5,1500,-1,1486,chopped_padded
2076,41.52,1500,-1,197,padded
2077,41.54,1500,-1,0,chopped
2078,41.56,1500,-1,1486,chopped_padded
2079,41.58,1500,-1,0,chopped
2080,41.6,1500,-1,1486,chopped_padded
2081,41.62,1500,-1,197,padded
2082,41.64,1500,-1,0,chopped
2083,41.66,1500,-1,1486,chopped_padded
2084,41.68,1500,-1,0,chopped
2085,41.7,1500,-1,1486,chopped_padded
2086,41.72,1500,-1,197,padded
2087,41.74,1500,-1,0,chopped
2088,41.76,1500,-1,1486,chopped_padded
2089,41.78,1500,1,1434,padded
2090,41.8,1500,1,1434,padded
2091,41.82,1500,1,1434,padded
2092,41.84,1500,1,1434,padded
2093,41.86,1500,1,1434,padded
2094,41.88,1500,1,1434,padded
2095,41.9,1500,1,1434,padded
2096,41.92,1500,1,1434,padded
2097,41.94,1500,1,1434,padded
2098,41.96,1500,1,1434,padded
2099,41.98,1500,-1,0,chopped
2100,42.0,1500,-1,1486,chopped_padded
2101,42.02,1500,-1,921,padded
2102,42.04,1500,1,1434,padded
2103,42.06,1500,1,1434,padded
2104,42.08,1500,-1,0,chopped
2105,42.1,1500,-1,1486,chopped_padded
2106,42.12,1500,-1,0,chopped
2107,42.14,1500,-1,1486,chopped_padded
2108,42.16,1500,-1,197,padded
2109,42.18,1500,-1,0,chopped
2110,42.2,1500,-1,1486,chopped_padded
2111,42.22,1500,-1,0,chopped
2112,42.24,1500,-1,1486,chopped_padded
2113,42.26,1500,-1,197,padded
2114,42.28,1500,-1,0,chopped
2115,42.3,1500,-1,1486,chopped_padded
2116,42.32,1500,-1,0,chopped
2117,42.34,1500,-1,1486,chopped_padded
2118,42.36,1500,-1,197,padded
2119,42.38,1500,-1,0,chopped
2120,42.4,1500,-1,1486,chopped_padded
2121,42.42,1500,1,1434,padded
2122,42.44,1500,1,1434,padded
2123,42.46,1500,1,1434,padded
2124,42.48,1500,1,1434,padded
2125,42.5,1500,1,1434,padded
2126,42.52,1500,1,1434,padded
2127,42.54,1500,1,1434,padded
2128,42.56,1500,1,1434,padded
2129,42.58,1500,1,1434,padded
2130,42.6,1500,1,1434,padded
2131,42.62,1500,-1,0,chopped
2132,42.64,1500,-1,1486,chopped_padded
2133,42.66,1500,-1,0,chopped
2134,42.68,1500,-1,1486,chopped_padded
2135,42.7,1500,-1,1288,padded
2136,42.72,1500,1,1434,padded
2137,42.74,1500,1,1434,padded
2138,42.76,1500,1,1434,padded
2139,42.78,1500,-1,0,chopped
2140,42.8,1500,-1,1486,chopped_padded
2141,42.82,1500,-1,0,chopped
2142,42.84,1500,-1,1486,chopped_padded
2143,42.86,1500,-1,197,padded
2144,42.88,1500,-1,0,chopped
2145,42.9,1500,-1,1486,chopped_padded
2146,42.92,1500,-1,0,chopped
2147,42.94,1500,-1,1486,chopped_padded
2148,42.96,1500,-1,197,padded
2149,42.98,1500,-1,0,chopped
2150,43.0,1500,-1,1486,chopped_padded
2151,43.02,1500,-1,0,chopped
2152,43.04,1500,-1,1486,chopped_padded
2153,43.06,1500,-1,197,padded
2154,43.08,1500,-1,0,chopped
2155,43.1,1500,-1,1486,chopped_padded
2156,43.12,1500,1,1434,padded
2157,43.14,1500,1,1434,padded
2158,43.16,1500,1,1434,padded
2159,43.18,1500,1,1434,padded
2160,43.2,1500,1,1434,padded
2161,43.22,1500,1,1434,padded
2162,43.24,1500,1,1434,padded
2163,43.26,1500,1,1434,padded
2164,43.28,1500,1,1434,padded
2165,43.3,1500,1,1434,padded
2166,43.32,1500,-1,0,chopped
2167,43.34,1500,-1,1486,chopped_padded
2168,43.36,1500,-1,921,padded
2169,43.38,1500,1,1434,padded
2170,43.4,1500,1,1434,padded
2171,43.42,1500,-1,0,chopped
2172,43.44,1500,-1,1486,chopped_padded
2173,43.46,1500,-1,0,chopped
2174,43.48,1500,-1,1486,chopped_padded
2175,43.5,1500,-1,197,padded
2176,43.52,1500,-1,0,chopped
2177,43.54,1500,-1,1486,chopped_padded
2178,43.56,1500,-1,0,chopped
2179,43.58,1500,-1,1486,chopped_padded
2180,43.6,1500,-1,197,padded
2181,43.62,1500,-1,0,chopped
2182,43.64,1500,-1,1486,chopped_padded
2183,43.66,1500,-1,0,chopped
2184,43.68,1500,-1,1486,chopped_padded
2185,43.7,1500,-1,197,padded
2186,43.72,1500,-1,0,chopped
2187,43.74,1500,-1,1486,chopped_padded
2188,43.76,1500,1,1434,padded
2189,43.78,1500,1,1434,padded
2190,43.8,1500,1,1434,padded
2191,43.82,1500,1,1434,padded
2192,43.84,1500,1,1434,padded
2193,43.86,1500,1,1434,padded
2194,43.88,1500,1,1434,padded
2195,43.9,1500,1,1434,padded
2196,43.92,1500,1,1434,padded
2197,43.94,1500,1,1434,padded
2198,43.96,1500,-1,0,chopped
2199,43.98,1500,-1,1486,chopped_padded
2200,44.0,1500,-1,0,chopped
2201,44.02,1500,-1,1486,chopped_padded
2202,44.04,1500,-1,1288,padded
2203,44.06,1500,1,1434,padded
2204,44.08,1500,1,1434,padded
2205,44.1,1500,1,1434,padded
2206,44.12,1500,-1,0,chopped
2207,44.14,1500,-1,1486,chopped_padded
2208,44.16,1500,-1,0,chopped
2209,44.18,1500,-1,1486,chopped_padded
2210,44.2,1500,-1,197,padded
2211,44.22,1500,-1,0,chopped
2212,44.24,1500,-1,1486,chopped_padded
2213,44.26,1500,-1,0,chopped
2214,44.28,1500,-1,1486,chopped_padded
2215,44.3,1500,-1,197,padded
2216,44.32,1500,-1,0,chopped
2217,44.34,1500,-1,1486,chopped_padded
2218,44.36,1500,-1,0,chopped
2219,44.38,1500,-1,1486,chopped_padded
2220,44.4,1500,-1,197,padded
2221,44.42,1500,1,1434,padded
2222,44.44,1500,1,1434,padded
2223,44.46,1500,1,1434,padded
2224,44.48,1500,1,1434,padded
2225,44.5,1500,1,1434,padded
2226,44.52,1500,1,1434,padded
2227,44.54,1500,1,1434,padded
2228,44.56,1500,1,1434,padded
2229,44.58,1500,1,1434,padded
2230,44.6,1500,-1,0,chopped
2231,44.62,1500,-1,1486,chopped_padded
2232,44.64,1500,-1,517,padded
2233,44.66,1500,1,1434,padded
2234,44.68,1500,1,1434,padded
2235,44.7,1500,-1,0,chopped
2236,44.72,1500,-1,1486,chopped_padded
2237,44.74,1500,-1,0,chopped
2238,44.76,1500,-1,1486,chopped_padded
2239,44.78,1500,-1,197,padded
2240,44.8,1500,-1,0,chopped
2241,44.82,1500,-1,1486,chopped_padded
2242,44.84,1500,-1,0,chopped
2243,44.86,1500,-1,1486,chopped_padded
2244,44.88,1500,-1,197,padded
2245,44.9,1500,-1,0,chopped
2246,44.92,1500,-1,1486,chopped_padded
2247,44.94,1500,-1,0,chopped
2248,44.96,1500,-1,1486,chopped_padded
2249,44.98,1500,-1,197,padded
2250,45.0,1500,-1,0,chopped
2251,45.02,1500,-1,1486,chopped_padded
2252,45.04,1500,1,1434,padded
2253,45.06,1500,1,1434,padded
2254,45.08,1500,1,1434,padded
2255,45.1,1500,1,1434,padded
2256,45.12,1500,1,1434,padded
2257,45.14,1500,1,1434,padded
2258,45.16,1500,1,1434,padded
2259,45.18,1500,1,1434,padded
2260,45.2,1500,1,1434,padded
2261,45.22,1500,1,1434,padded
2262,45.24,1500,-1,0,chopped
2263,45.26,1500,-1,1486,chopped_padded
2264,45.28,1500,-1,0,chopped
2265,45.3,1500,-1,1486,chopped_padded
2266,45.32,1500,-1,1288,padded
2267,45.34,1500,1,1434,padded
2268,45.36,1500,1,1434,padded
2269,45.38,1500,1,1434,padded
2270,45.4,1500,-1,0,chopped
2271,45.42,1500,-1,1486,chopped_padded
2272,45.44,1500,-1,0,chopped
2273,45.46,1500,-1,1486,chopped_padded
2274,45.48,1500,-1,197,padded
2275,45.5,1500,-1,0,chopped
2276,45.52,1500,-1,1486,chopped_padded
2277,45.54,1500,-1,0,chopped
2278,45.56,1500,-1,1486,chopped_padded
2279,45.58,1500,-1,197,padded
2280,45.6,1500,-1,0,chopped
2281,45.62,1500,-1,1486,chopped_padded
2282,45.64,1500,-1,0,chopped
2283,45.66,1500,-1,1486,chopped_padded
2284,45.68,1500,-1,197,padded
2285,45.7,1500,-1,0,chopped
2286,45.72,1500,-1,1486,chopped_padded
2287,45.74,1500,1,1434,padded
2288,45.76,1500,1,1434,padded
2289,45.78,1500,1,1434,padded
2290,45.8,1500,1,1434,padded
2291,45.82,1500,1,1434,padded
2292,45.84,1500,1,1434,padded
2293,45.86,1500,1,1434,padded
2294,45.88,1500,1,1434,padded
2295,45.9,1500,1,1434,padded
2296,45.92,1500,1,1434,padded
2297,45.94,1500,-1,0,chopped
2298,45.96,1500,-1,1486,chopped_padded
2299,45.98,1500,-1,0,chopped
2300,46.0,1500,-1,1486,chopped_padded
2301,46.02,1500,1,1434,padded
2302,46.04,1500,1,1434,padded
2303,46.06,1500,-1,1288,padded
2304,46.08,1500,1,1434,padded
2305,46.1,1500,-1,0,chopped
2306,46.12,1500,-1,1486,chopped_padded
2307,46.14,1500,-1,0,chopped
2308,46.16,1500,-1,1486,chopped_padded
2309,46.18,1500,-1,197,padded
2310,46.2,1500,-1,0,chopped
2311,46.22,1500,-1,1486,chopped_padded
2312,46.24,1500,-1,0,chopped
2313,46.26,1500,-1,1486,chopped_padded
2314,46.28,1500,-1,197,padded
2315,46.3,1500,-1,0,chopped
2316,46.32,1500,-1,1486,chopped_padded
2317,46.34,1500,-1,0,chopped
2318,46.36,1500,-1,1486,chopped_padded
2319,46.38,1500,-1,197,padded
2320,46.4,1500,-1,0,chopped
2321,46.42,1500,-1,1486,chopped_padded
2322,46.44,1500,1,1434,padded
2323,46.46,1500,1,1434,padded
2324,46.48,1500,1,1434,padded
2325,46.5,1500,1,1434,padded
2326,46.52,1500,1,1434,padded
2327,46.54,1500,1,1434,padded
2328,46.56,1500,1,1434,padded
2329,46.58,1500,1,1434,padded
2330,46.6,1500,1,1434,padded
2331,46.62,1500,1,1434,padded
2332,46.64,1500,-1,0,chopped
2333,46.66,1500,-1,1486,chopped_padded
2334,46.68,1500,-1,921,padded
2335,46.7,1500,1,1434,padded
2336,46.72,1500,1,1434,padded
2337,46.74,1500,-1,0,chopped
2338,46.76,1500,-1,1486,chopped_padded
2339,46.78,1500,-1,0,chopped
2340,46.8,1500,-1,1486,chopped_padded
2341,46.82,1500,-1,197,padded
2342,46.84,1500,-1,0,chopped
2343,46.86,1500,-1,1486,chopped_padded
2344,46.88,1500,-1,0,chopped
2345,46.9,1500,-1,1486,chopped_padded
2346,46.92,1500,-1,197,padded
2347,46.94,1500,-1,0,chopped
2348,46.96,1500,-1,1486,chopped_padded
2349,46.98,1500,-1,0,chopped
2350,47.0,1500,-1,1486,chopped_padded
2351,47.02,1500,-1,197,padded
2352,47.04,1500,-1,0,chopped
2353,47.06,1500,-1,1486,chopped_padded
2354,47.08,1500,1,1434,padded
2355,47.1,1500,1,1434,padded
2356,47.12,1500,1,1434,padded
2357,47.14,1500,1,1434,padded
2358,47.16,1500,1,1434,padded
2359,47.18,1500,1,1434,padded
2360,47.2,1500,1,1434,padded
2361,47.22,1500,1,1434,padded
2362,47.24,1500,1,1434,padded
2363,47.26,1500,1,1434,padded
2364,47.28,1500,-1,0,chopped
2365,47.3,1500,-1,1486,chopped_padded
2366,47.32,1500,-1,921,padded
2367,47.34,1500,1,1434,padded
2368,47.36,1500,1,1434,padded
2369,47.38,1500,-1,0,chopped
2370,47.4,1500,-1,1486,chopped_padded
2371,47.42,1500,-1,0,chopped
2372,47.44,1500,-1,1486,chopped_padded
2373,47.46,1500,-1,197,padded
2374,47.48,1500,-1,0,chopped
2375,47.5,1500,-1,1486,chopped_padded
2376,47.52,1500,-1,0,chopped
2377,47.54,1500,-1,1486,chopped_padded
2378,47.56,1500,-1,197,padded
2379,47.58,1500,-1,0,chopped
2380,47.6,1500,-1,1486,chopped_padded
2381,47.62,1500,-1,0,chopped
2382,47.64,1500,-1,1486,chopped_padded
2383,47.66,1500,-1,197,padded
2384,47.68,1500,-1,0,chopped
2385,47.7,1500,-1,1486,chopped_padded
2386,47.72,1500,1,1434,padded
2387,47.74,1500,1,1434,padded
2388,47.76,1500,1,1434,padded
2389,47.78,1500,1,1434,padded
2390,47.8,1500,1,1434,padded
2391,47.82,1500,1,1434,padded
2392,47.84,1500,1,1434,padded
2393,47.86,1500,1,1434,padded
2394,47.88,1500,1,1434,padded
2395,47.9,1500,1,1434,padded
2396,47.92,1500,-1,0,chopped
2397,47.94,1500,-1,1486,chopped_padded
2398,47.96,1500,-1,921,padded
2399,47.98,1500,1,1434,padded
2400,48.0,1500,1,1434,padded
2401,48.02,1500,-1,0,chopped
2402,48.04,1500,-1,1486,chopped_padded
2403,48.06,1500,-1,0,chopped
2404,48.08,1500,-1,1486,chopped_padded
2405,48.1,1500,-1,197,padded
2406,48.12,1500,-1,0,chopped
2407,48.14,1500,-1,1486,chopped_padded
2408,48.16,1500,-1,0,chopped
2409,48.18,1500,-1,1486,chopped_padded
2410,48.2,1500,-1,197,padded
2411,48.22,1500,-1,0,chopped
2412,48.24,1500,-1,1486,chopped_padded
2413,48.26,1500,-1,0,chopped
2414,48.28,1500,-1,1486,chopped_padded
2415,48.3,1500,-1,197,padded
2416,48.32,1500,-1,0,chopped
2417,48.34,1500,-1,1486,chopped_padded
2418,48.36,1500,1,1434,padded
2419,48.38,1500,1,1434,padded
2420,48.4,1500,1,1434,padded
2421,48.42,1500,1,1434,padded
2422,48.44,1500,1,1434,padded
2423,48.46,1500,1,1434,padded
2424,48.48,1500,1,1434,padded
2425,48.5,1500,1,1434,padded
2426,48.52,1500,1,1434,padded
2427,48.54,1500,1,1434,padded
2428,48.56,1500,-1,0,chopped
2429,48.58,1500,-1,1486,chopped_padded
2430,48.6,1500,-1,0,chopped
2431,48.62,1500,-1,1486,chopped_padded
2432,48.64,1500,-1,1288,padded
2433,48.66,1500,1,1434,padded
2434,48.68,1500,1,1434,padded
2435,48.7,1500,1,1434,padded
2436,48.72,1500,-1,0,chopped
2437,48.74,1500,-1,1486,chopped_padded
2438,48.76,1500,-1,0,chopped
2439,48.78,1500,-1,1486,chopped_padded
2440,48.8,1500,-1,197,padded
2441,48.82,1500,-1,0,chopped
2442,48.84,1500,-1,1486,chopped_padded
2443,48.86,1500,-1,0,chopped
2444,48.88,1500,-1,1486,chopped_padded
2445,48.9,1500,-1,197,padded
2446,48.92,1500,-1,0,chopped
2447,48.94,1500,-1,1486,chopped_padded
2448,48.96,1500,-1,0,chopped
2449,48.98,1500,-1,1486,chopped_padded
2450,49.0,1500,-1,197,padded
2451,49.02,1500,-1,113,padded
2452,49.04,1500,1,1434,padded
2453,49.06,1500,1,1434,padded
2454,49.08,1500,1,1434,padded
2455,49.1,1500,1,1434,padded
2456,49.12,1500,1,1434,padded
2457,49.14,1500,1,1434,padded
2458,49.16,1500,1,1434,padded
2459,49.18,1500,1,1434,padded
2460,49.2,1500,1,1434,padded
2461,49.22,1500,1,1434,padded
2462,49.24,1500,-1,0,chopped
2463,49.26,1500,-1,1486,chopped_padded
2464,49.28,1500,-1,0,chopped
2465,49.3,1500,-1,1486,chopped_padded
2466,49.32,1500,-1,197,padded
2467,49.34,1500,-1,0,chopped
2468,49.36,1500,-1,1486,chopped_padded
2469,49.38,1500,-1,0,chopped
2470,49.4,1500,-1,1486,chopped_padded
2471,49.42,1500,-1,197,padded
2472,49.44,1500,-1,0,chopped
2473,49.46,1500,-1,1486,chopped_padded
2474,49.48,1500,-1,0,chopped
2475,49.5,1500,-1,1486,chopped_padded
2476,49.52,1500,-1,197,padded
2477,49.54,1500,-1,0,chopped
2478,49.56,1500,-1,1486,chopped_padded
2479,49.58,1500,1,1434,padded
2480,49.6,1500,1,1434,padded
2481,49.62,1500,1,1434,padded
2482,49.64,1500,1,1434,padded
2483,49.66,1500,1,1434,padded
2484,49.68,1500,1,1434,padded
2485,49.7,1500,1,1434,padded
2486,49.72,1500,1,1434,padded
2487,49.74,1500,1,1434,padded
2488,49.76,1500,1,1434,padded
2489,49.78,1500,-1,0,chopped
2490,49.8,1500,-1,1486,chopped_padded
2491,49.82,1500,-1,0,chopped
2492,49.84,1500,-1,1486,chopped_padded
2493,49.86,1500,-1,244,padded
2494,49.88,1500,1,1434,padded
2495,49.9,1500,1,1434,padded
2496,49.92,1500,1,1434,padded
2497,49.94,1500,-1,0,chopped
2498,49.96,1500,-1,1486,chopped_padded
2499,49.98,1500,-1,0,chopped
2500,50.0,1500,-1,1486,chopped_padded
2501,50.02,1500,-1,197,padded
2502,50.04,1500,-1,0,chopped
2503,50.06,1500,-1,1486,chopped_padded
2504,50.08,1500,-1,0,chopped
2505,50.1,1500,-1,1486,chopped_padded
2506,50.12,1500,-1,197,padded
2507,50.14,1500,-1,0,chopped
2508,50.16,1500,-1,1486,chopped_padded
2509,50.18,1500,-1,0,chopped
2510,50.2,1500,-1,1486,chopped_padded
2511,50.22,1500,-1,197,padded
2512,50.24,1500,-1,0,chopped
2513,50.26,1500,-1,1486,chopped_padded
2514,50.28,1500,1,1434,padded
2515,50.3,1500,1,1434,padded
2516,50.32,1500,1,1434,padded
2517,50.34,1500,1,1434,padded
2518,50.36,1500,1,1434,padded
2519,50.38,1500,1,1434,padded
2520,50.4,1500,1,1434,padded
2521,50.42,1500,1,1434,padded
2522,50.44,1500,1,1434,padded
2523,50.46,1500,1,1434,padded
2524,50.48,1500,-1,0,chopped
2525,50.5,1500,-1,1486,chopped_padded
2526,50.52,1500,-1,921,padded
2527,50.54,1500,1,1434,padded
2528,50.56,1500,1,1434,padded
2529,50.58,1500,-1,0,chopped
2530,50.6,1500,-1,1486,chopped_padded
2531,50.62,1500,-1,0,chopped
2532,50.64,1500,-1,1486,chopped_padded
2533,50.66,1500,-1,197,padded
2534,50.68,1500,-1,0,chopped
2535,50.7,1500,-1,1486,chopped_padded
2536,50.72,1500,-1,0,chopped
2537,50.74,1500,-1,1486,chopped_padded
2538,50.76,1500,-1,197,padded
2539,50.78,1500,-1,0,chopped
2540,50.8,1500,-1,1486,chopped_padded
2541,50.82,1500,-1,0,chopped
2542,50.84,1500,-1,1486,chopped_padded
2543,50.86,1500,-1,197,padded
2544,50.88,1500,-1,0,chopped
2545,50.9,1500,-1,1486,chopped_padded
2546,50.92,1500,1,1434,padded
2547,50.94,1500,1,1434,padded
2548,50.96,1500,1,1434,padded
2549,50.98,1500,1,1434,padded
2550,51.0,1500,1,1434,padded
2551,51.02,1500,1,1434,padded
2552,51.04,1500,1,1434,padded
2553,51.06,1500,1,1434,padded
2554,51.08,1500,1,1434,padded
2555,51.1,1500,1,1434,padded
2556,51.12,1500,-1,0,chopped
2557,51.14,1500,-1,1486,chopped_padded
2558,51.16,1500,-1,0,chopped
2559,51.18,1500,-1,1486,chopped_padded
2560,51.2,1500,1,1434,padded
2561,51.22,1500,1,1434,padded
2562,51.24,1500,-1,1288,padded
2563,51.26,1500,1,1434,padded
2564,51.28,1500,-1,0,chopped
2565,51.3,1500,-1,1486,chopped_padded
2566,51.32,1500,-1,0,chopped
2567,51.34,1500,-1,1486,chopped_padded
2568,51.36,1500,-1,197,padded
2569,51.38,1500,-1,0,chopped
2570,51.4,1500,-1,1486,chopped_padded
2571,51.42,1500,-1,0,chopped
2572,51.44,1500,-1,1486,chopped_padded
2573,51.46,1500,-1,197,padded
2574,51.48,1500,-1,0,chopped
2575,51.5,1500,-1,1486,chopped_padded
2576,51.52,1500,-1,0,chopped
2577,51.54,1500,-1,1486,chopped_padded
2578,51.56,1500,-1,197,padded
2579,51.58,1500,1,1434,padded
2580,51.6,1500,1,1434,padded
2581,51.62,1500,1,1434,padded
2582,51.64,1500,1,1434,padded
2583,51.66,1500,1,1434,padded
2584,51.68,1500,1,1434,padded
2585,51.7,1500,1,1434,padded
2586,51.72,1500,1,1434,padded
2587,51.74,1500,1,1434,padded
2588,51.76,1500,-1,0,chopped
2589,51.78,1500,-1,1486,chopped_padded
2590,51.8,1500,-1,517,padded
2591,51.82,1500,1,1434,padded
2592,51.84,1500,1,1434,padded
2593,51.86,1500,-1,0,chopped
2594,51.88,1500,-1,1486,chopped_padded
2595,51.9,1500,-1,0,chopped
2596,51.92,1500,-1,1486,chopped_padded
2597,51.94,1500,-1,197,padded
2598,51.96,1500,-1,0,chopped
2599,51.98,1500,-1,1486,chopped_padded
2600,52.0,1500,-1,0,chopped
2601,52.02,1500,-1,1486,chopped_padded
2602,52.04,1500,-1,197,padded
2603,52.06,1500,-1,0,chopped
2604,52.08,1500,-1,1486,chopped_padded
2605,52.1,1500,-1,0,chopped
2606,52.12,1500,-1,1486,chopped_padded
2607,52.14,1500,-1,197,padded
2608,52.16,1500,-1,0,chopped
2609,52.18,1500,-1,1486,chopped_padded
2610,52.2,1500,1,1434,padded
2611,52.22,1500,1,1434,padded
2612,52.24,1500,1,1434,padded
2613,52.26,1500,1,1434,padded
2614,52.28,1500,1,1434,padded
2615,52.3,1500,1,1434,padded
2616,52.32,1500,1,1434,padded
2617,52.34,1500,1,1434,padded
2618,52.36,1500,1,1434,padded
2619,52.38,1500,1,1434,padded
2620,52.4,1500,-1,0,chopped
2621,52.42,1500,-1,1486,chopped_padded
2622,52.44,1500,-1,0,chopped
2623,52.46,1500,-1,1486,chopped_padded
2624,52.48,1500,-1,244,padded
2625,52.5,1500,1,1434,padded
2626,52.52,1500,1,1434,padded
2627,52.54,1500,1,1434,padded
2628,52.56,1500,-1,0,chopped
2629,52.58,1500,-1,1486,chopped_padded
2630,52.6,1500,-1,0,chopped
2631,52.62,1500,-1,1486,chopped_padded
2632,52.64,1500,-1,197,padded
2633,52.66,1500,-1,0,chopped
2634,52.68,1500,-1,1486,chopped_padded
2635,52.7,1500,-1,0,chopped
2636,52.72,1500,-1,1486,chopped_padded
2637,52.74,1500,-1,197,padded
2638,52.76,1500,-1,0,chopped
2639,52.78,1500,-1,1486,chopped_padded
2640,52.8,1500,-1,0,chopped
2641,52.82,1500,-1,1486,chopped_padded
2642,52.84,1500,-1,197,padded
2643,52.86,1500,1,1434,padded
2644,52.88,1500,1,1434,padded
2645,52.9,1500,1,1434,padded
2646,52.92,1500,1,1434,padded
2647,52.94,1500,1,1434,padded
2648,52.96,1500,1,1434,padded
2649,52.98,1500,1,1434,padded
2650,53.0,1500,1,1434,padded
2651,53.02,1500,1,1434,padded
2652,53.04,1500,-1,0,chopped
2653,53.06,1500,-1,1486,chopped_padded
2654,53.08,1500,-1,517,padded
2655,53.1,1500,1,1434,padded
2656,53.12,1500,1,1434,padded
2657,53.14,1500,-1,1434,padded
2658,53.16,1500,1,1434,padded
2659,53.18,1500,-1,0,chopped
2660,53.2,1500,-1,1486,chopped_padded
2661,53.22,1500,-1,0,chopped
2662,53.24,1500,-1,1486,chopped_padded
2663,53.26,1500,-1,197,padded
2664,53.28,1500,-1,0,chopped
2665,53.3,1500,-1,1486,chopped_padded
2666,53.32,1500,-1,0,chopped
2667,53.34,1500,-1,1486,chopped_padded
2668,53.36,1500,-1,197,padded
2669,53.38,1500,-1,0,chopped
2670,53.4,1500,-1,1486,chopped_padded
2671,53.42,1500,-1,0,chopped
2672,53.44,1500,-1,1486,chopped_padded
2673,53.46,1500,-1,197,padded
2674,53.48,1500,-1,0,chopped
2675,53.5,1500,-1,1486,chopped_padded
2676,53.52,1500,1,1434,padded
2677,53.54,1500,1,1434,padded
2678,53.56,1500,1,1434,padded
2679,53.58,1500,1,1434,padded
2680,53.6,1500,1,1434,padded
2681,53.62,1500,1,1434,padded
2682,53.64,1500,1,1434,padded
2683,53.66,1500,1,1434,padded
2684,53.68,1500,1,1434,padded
2685,53.7,1500,1,1434,padded
2686,53.72,1500,-1,0,chopped
2687,53.74,1500,-1,1486,chopped_padded
2688,53.76,1500,-1,0,chopped
2689,53.78,1500,-1,1486,chopped_padded
2690,53.8,1500,-1,1288,padded
2691,53.82,1500,1,1434,padded
2692,53.84,1500,1,1434,padded
2693,53.86,1500,1,1434,padded
2694,53.88,1500,-1,0,chopped
2695,53.9,1500,-1,1486,chopped_padded
2696,53.92,1500,-1,0,chopped
2697,53.94,1500,-1,1486,chopped_padded
2698,53.96,1500,-1,197,padded
2699,53.98,1500,-1,0,chopped
2700,54.0,1500,-1,1486,chopped_padded
2701,54.02,1500,-1,0,chopped
2702,54.04,1500,-1,1486,chopped_padded
2703,54.06,1500,-1,197,padded
2704,54.08,1500,-1,0,chopped
2705,54.1,1500,-1,1486,chopped_padded
2706,54.12,1500,-1,0,chopped
2707,54.14,1500,-1,1486,chopped_padded
2708,54.16,1500,-1,197,padded
2709,54.18,1500,-1,0,chopped
2710,54.2,1500,-1,1486,chopped_padded
2711,54.22,1500,1,1434,padded
2712,54.24,1500,1,1434,padded
2713,54.26,1500,1,1434,padded
2714,54.28,1500,1,1434,padded
2715,54.3,1500,1,1434,padded
2716,54.32,1500,1,1434,padded
2717,54.34,1500,1,1434,padded
2718,54.36,1500,1,1434,padded
2719,54.38,1500,1,1434,padded
2720,54.4,1500,1,1434,padded
2721,54.42,1500,-1,0,chopped
2722,54.44,1500,-1,1486,chopped_padded
2723,54.46,1500,-1,921,padded
2724,54.48,1500,1,1434,padded
2725,54.5,1500,1,1434,padded
2726,54.52,1500,-1,0,chopped
2727,54.54,1500,-1,1486,chopped_padded
2728,54.56,1500,-1,0,chopped
2729,54.58,1500,-1,1486,chopped_padded
2730,54.6,1500,-1,197,padded
2731,54.62,1500,-1,0,chopped
2732,54.64,1500,-1,1486,chopped_padded
2733,54.66,1500,-1,0,chopped
2734,54.68,1500,-1,1486,chopped_padded
2735,54.7,1500,-1,197,padded
2736,54.72,1500,-1,0,chopped
2737,54.74,1500,-1,1486,chopped_padded
2738,54.76,1500,-1,0,chopped
2739,54.78,1500,-1,1486,chopped_padded
2740,54.8,1500,-1,197,padded
2741,54.82,1500,-1,0,chopped
2742,54.84,1500,-1,1486,chopped_padded
2743,54.86,1500,1,1434,padded
2744,54.88,1500,1,1434,padded
2745,54.9,1500,1,1434,padded
2746,54.92,1500,1,1434,padded
2747,54.94,1500,1,1434,padded
2748,54.96,1500,1,1434,padded
2749,54.98,1500,1,1434,padded
2750,55.0,1500,1,1434,padded
2751,55.02,1500,1,1434,padded
2752,55.04,1500,1,1434,padded
2753,55.06,1500,-1,0,chopped
2754,55.08,1500,-1,1486,chopped_padded
2755,55.1,1500,-1,0,chopped
2756,55.12,1500,-1,1486,chopped_padded
2757,55.14,1500,1,1434,padded
2758,55.16,1500,1,1434,padded
2759,55.18,1500,-1,1288,padded
2760,55.2,1500,1,1434,padded
2761,55.22,1500,-1,0,chopped
2762,55.24,1500,-1,1486,chopped_padded
2763,55.26,1500,-1,0,chopped
2764,55.28,1500,-1,1486,chopped_padded
2765,55.3,1500,-1,197,padded
2766,55.32,1500,-1,0,chopped
2767,55.34,1500,-1,1486,chopped_padded
2768,55.36,1500,-1,0,chopped
2769,55.38,1500,-1,1486,chopped_padded
2770,55.4,1500,-1,197,padded
2771,55.42,1500,-1,0,chopped
2772,55.44,1500,-1,1486,chopped_padded
2773,55.46,1500,-1,0,chopped
2774,55.48,1500,-1,1486,chopped_padded
2775,55.5,1500,-1,197,padded
2776,55.52,1500,1,1434,padded
2777,55.54,1500,1,1434,padded
2778,55.56,1500,1,1434,padded
2779,55.58,1500,1,1434,padded
2780,55.6,1500,1,1434,padded
2781,55.62,1500,1,1434,padded
2782,55.64,1500,1,1434,padded
2783,55.66,1500,1,1434,padded
2784,55.68,1500,1,1434,padded
2785,55.7,1500,-1,0,chopped
2786,55.72,1500,-1,1486,chopped_padded
2787,55.74,1500,-1,517,padded
2788,55.76,1500,1,1434,padded
2789,55.78,1500,1,1434,padded
2790,55.8,1500,-1,0,chopped
2791,55.82,1500,-1,1486,chopped_padded
2792,55.84,1500,-1,0,chopped
2793,55.86,1500,-1,1486,chopped_padded
2794,55.88,1500,-1,197,padded
2795,55.9,1500,-1,0,chopped
2796,55.92,1500,-1,1486,chopped_padded
2797,55.94,1500,-1,0,chopped
2798,55.96,1500,-1,1486,chopped_padded
2799,55.98,1500,-1,197,padded
2800,56.0,1500,-1,0,chopped
2801,56.02,1500,-1,1486,chopped_padded
2802,56.04,1500,-1,0,chopped
2803,56.06,1500,-1,1486,chopped_padded
2804,56.08,1500,-1,197,padded
2805,56.1,1500,-1,0,chopped
2806,56.12,1500,-1,1486,chopped_padded
2807,56.14,1500,1,1434,padded
2808,56.16,1500,1,1434,padded
2809,56.18,1500,1,1434,padded
2810,56.2,1500,1,1434,padded
2811,56.22,1500,1,1434,padded
2812,56.24,1500,1,1434,padded
2813,56.26,1500,1,1434,padded
2814,56.28,1500,1,1434,padded
2815,56.3,1500,1,1434,padded
2816,56.32,1500,1,1434,padded
2817,56.34,1500,-1,0,chopped
2818,56.36,1500,-1,1486,chopped_padded
2819,56.38,1500,-1,0,chopped
2820,56.4,1500,-1,1486,chopped_padded
2821,56.42,1500,-1,1288,padded
2822,56.44,1500,1,1434,padded
2823,56.46,1500,1,1434,padded
2824,56.48,1500,1,1434,padded
2825,56.5,1500,-1,0,chopped
2826,56.52,1500,-1,1486,chopped_padded
2827,56.54,1500,-1,0,chopped
2828,56.56,1500,-1,1486,chopped_padded
2829,56.58,1500,-1,197,padded
2830,56.6,1500,-1,0,chopped
2831,56.62,1500,-1,1486,chopped_padded
2832,56.64,1500,-1,0,chopped
2833,56.66,1500,-1,1486,chopped_padded
2834,56.68,1500,-1,197,padded
2835,56.7,1500,-1,0,chopped
2836,56.72,1500,-1,1486,chopped_padded
2837,56.74,1500,-1,0,chopped
2838,56.76,1500,-1,1486,chopped_padded
2839,56.78,1500,-1,197,padded
2840,56.8,1500,-1,0,chopped
2841,56.82,1500,-1,1486,chopped_padded
2842,56.84,1500,1,1434,padded
2843,56.86,1500,1,1434,padded
2844,56.88,1500,1,1434,padded
2845,56.9,1500,1,1434,padded
2846,56.92,1500,1,1434,padded
2847,56.94,1500,1,1434,padded
2848,56.96,1500,1,1434,padded
2849,56.98,1500,1,1434,padded
2850,57.0,1500,1,1434,padded
2851,57.02,1500,1,1434,padded
2852,57.04,1500,-1,0,chopped
2853,57.06,1500,-1,1486,chopped_padded
2854,57.08,1500,-1,0,chopped
2855,57.1,1500,-1,1486,chopped_padded
2856,57.12,1500,1,1434,padded
2857,57.14,1500,1,1434,padded
2858,57.16,1500,-1,244,padded
2859,57.18,1500,1,1434,padded
2860,57.2,1500,-1,0,chopped
2861,57.22,1500,-1,1486,chopped_padded
2862,57.24,1500,-1,0,chopped
2863,57.26,1500,-1,1486,chopped_padded
2864,57.28,1500,-1,197,padded
2865,57.3,1500,-1,0,chopped
2866,57.32,1500,-1,1486,chopped_padded
2867,57.34,1500,-1,0,chopped
2868,57.36,1500,-1,1486,chopped_padded
2869,57.38,1500,-1,197,padded
2870,57.4,1500,-1,0,chopped
2871,57.42,1500,-1,1486,chopped_padded
2872,57.44,1500,-1,0,chopped
2873,57.46,1500,-1,1486,chopped_padded
2874,57.48,1500,-1,197,padded
2875,57.5,1500,-1,0,chopped
2876,57.52,1500,-1,1486,chopped_padded
2877,57.54,1500,1,1434,padded
2878,57.56,1500,1,1434,padded
2879,57.58,1500,1,1434,padded
2880,57.6,1500,1,1434,padded
2881,57.62,1500,1,1434,padded
2882,57.64,1500,1,1434,padded
2883,57.66,1500,1,1434,padded
2884,57.68,1500,1,1434,padded
2885,57.7,1500,1,1434,padded
2886,57.72,1500,1,1434,padded
2887,57.74,1500,-1,0,chopped
2888,57.76,1500,-1,1486,chopped_padded
2889,57.78,1500,-1,921,padded
2890,57.8,1500,1,1434,padded
2891,57.82,1500,1,1434,padded
2892,57.84,1500,-1,0,chopped
2893,57.86,1500,-1,1486,chopped_padded
2894,57.88,1500,-1,0,chopped
2895,57.9,1500,-1,1486,chopped_padded
2896,57.92,1500,-1,197,padded
2897,57.94,1500,-1,0,chopped
2898,57.96,1500,-1,1486,chopped_padded
2899,57.98,1500,-1,0,chopped
2900,58.0,1500,-1,1486,chopped_padded
2901,58.02,1500,-1,197,padded
2902,58.04,1500,-1,0,chopped
2903,58.06,1500,-1,1486,chopped_padded
2904,58.08,1500,-1,0,chopped
2905,58.1,1500,-1,1486,chopped_padded
2906,58.12,1500,-1,197,padded
2907,58.14,1500,-1,0,chopped
2908,58.16,1500,-1,1486,chopped_padded
2909,58.18,1500,1,1434,padded
2910,58.2,1500,1,1434,padded
2911,58.22,1500,1,1434,padded
2912,58.24,1500,1,1434,padded
2913,58.26,1500,1,1434,padded
2914,58.28,1500,1,1434,padded
2915,58.3,1500,1,1434,padded
2916,58.32,1500,1,1434,padded
2917,58.34,1500,1,1434,padded
2918,58.36,1500,1,1434,padded
2919,58.38,1500,-1,0,chopped
2920,58.4,1500,-1,1486,chopped_padded
2921,58.42,1500,-1,921,padded
2922,58.44,1500,1,1434,padded
2923,58.46,1500,1,1434,padded
2924,58.48,1500,-1,0,chopped
2925,58.5,1500,-1,1486,chopped_padded
2926,58.52,1500,-1,0,chopped
2927,58.54,1500,-1,1486,chopped_padded
2928,58.56,1500,-1,197,padded
2929,58.58,1500,-1,0,chopped
2930,58.6,1500,-1,1486,chopped_padded
2931,58.62,1500,-1,0,chopped
2932,58.64,1500,-1,1486,chopped_padded
2933,58.66,1500,-1,197,padded
2934,58.68,1500,-1,0,chopped
2935,58.7,1500,-1,1486,chopped_padded
2936,58.72,1500,-1,0,chopped
2937,58.74,1500,-1,1486,chopped_padded
2938,58.76,1500,-1,197,padded
2939,58.78,1500,-1,113,padded
2940,58.8,1500,1,1434,padded
2941,58.82,1500,1,1434,padded
2942,58.84,1500,1,1434,padded
2943,58.86,1500,1,1434,padded
2944,58.88,1500,1,1434,padded
2945,58.9,1500,1,1434,padded
2946,58.92,1500,1,1434,padded
2947,58.94,1500,1,1434,padded
2948,58.96,1500,1,1434,padded
2949,58.98,1500,1,1434,padded
2950,59.0,1500,-1,0,chopped
2951,59.02,1500,-1,1486,chopped_padded
2952,59.04,1500,-1,0,chopped
2953,59.06,1500,-1,1486,chopped_padded
2954,59.08,1500,-1,197,padded
2955,59.1,1500,-1,0,chopped
2956,59.12,1500,-1,1486,chopped_padded
2957,59.14,1500,-1,0,chopped
2958,59.16,1500,-1,1486,chopped_padded
2959,59.18,1500,-1,197,padded
2960,59.2,1500,-1,0,chopped
2961,59.22,1500,-1,1486,chopped_padded
2962,59.24,1500,-1,0,chopped
2963,59.26,1500,-1,1486,chopped_padded
2964,59.28,1500,-1,197,padded
2965,59.3,1500,-1,0,chopped
2966,59.32,1500,-1,1486,chopped_padded
2967,59.34,1500,1,1434,padded
2968,59.36,1500,1,1434,padded
2969,59.38,1500,1,1434,padded
2970,59.4,1500,1,1434,padded
2971,59.42,1500,1,1434,padded
2972,59.44,1500,1,1434,padded
2973,59.46,1500,1,1434,padded
2974,59.48,1500,1,1434,padded
2975,59.5,1500,1,1434,padded
2976,59.52,1500,1,1434,padded
2977,59.54,1500,-1,0,chopped
2978,59.56,1500,-1,1486,chopped_padded
2979,59.58,1500,-1,0,chopped
2980,59.6,1500,-1,1486,chopped_padded
2981,59.62,1500,-1,244,padded
2982,59.64,1500,1,1434,padded
2983,59.66,1500,1,1434,padded
2984,59.68,1500,1,1434,padded
2985,59.7,1500,-1,0,chopped
2986,59.72,1500,-1,1486,chopped_padded
2987,59.74,1500,-1,0,chopped
2988,59.76,1500,-1,1486,chopped_padded
2989,59.78,1500,-1,197,padded
2990,59.8,1500,-1,0,chopped
2991,59.82,1500,-1,1486,chopped_padded
2992,59.84,1500,-1,0,chopped
2993,59.86,1500,-1,1486,chopped_padded
2994,59.88,1500,-1,197,padded
2995,59.9,1500,-1,0,chopped
2996,59.92,1500,-1,1486,chopped_padded
2997,59.94,1500,-1,0,chopped
2998,59.96,1500,-1,1486,chopped_padded
2999,59.98,1500,-1,197,padded
3000,60.0,1500,1,1434,padded
3001,60.02,1500,1,1434,padded
3002,60.04,1500,1,1434,padded
3003,60.06,1500,1,1434,padded
3004,60.08,1500,1,1434,padded
3005,60.1,1500,1,1434,padded
3006,60.12,1500,1,1434,padded
3007,60.14,1500,1,1434,padded
3008,60.16,1500,1,1434,padded
3009,60.18,1500,-1,0,chopped
3010,60.2,1500,-1,1486,chopped_padded
3011,60.22,1500,-1,517,padded
3012,60.24,1500,1,1434,padded
3013,60.26,1500,1,1434,padded
3014,60.28,1500,-1,0,chopped
3015,60.3,1500,-1,1486,chopped_padded
3016,60.32,1500,-1,0,chopped
3017,60.34,1500,-1,1486,chopped_padded
3018,60.36,1500,-1,197,padded
3019,60.38,1500,-1,0,chopped
3020,60.4,1500,-1,1486,chopped_padded
3021,60.42,1500,-1,0,chopped
3022,60.44,1500,-1,1486,chopped_padded
3023,60.46,1500,-1,197,padded
3024,60.48,1500,-1,0,chopped
3025,60.5,1500,-1,1486,chopped_padded
3026,60.52,1500,-1,0,chopped
3027,60.54,1500,-1,1486,chopped_padded
3028,60.56,1500,-1,197,padded
3029,60.58,1500,-1,0,chopped
3030,60.6,1500,-1,1486,chopped_padded
3031,60.62,1500,1,1434,padded
3032,60.64,1500,1,1434,padded
3033,60.66,1500,1,1434,padded
3034,60.68,1500,1,1434,padded
3035,60.7,1500,1,1434,padded
3036,60.72,1500,1,1434,padded
3037,60.74,1500,1,1434,padded
3038,60.76,1500,1,1434,padded
3039,60.78,1500,1,1434,padded
3040,60.8,1500,1,1434,padded
3041,60.82,1500,-1,0,chopped
3042,60.84,1500,-1,1486,chopped_padded
3043,60.86,1500,-1,0,chopped
3044,60.88,1500,-1,1486,chopped_padded
3045,60.9,1500,-1,1288,padded
3046,60.92,1500,1,1434,padded
3047,60.94,1500,1,1434,padded
3048,60.96,1500,1,1434,padded
3049,60.98,1500,-1,0,chopped
3050,61.0,1500,-1,1486,chopped_padded
3051,61.02,1500,-1,0,chopped
3052,61.04,1500,-1,1486,chopped_padded
3053,61.06,1500,-1,197,padded
3054,61.08,1500,-1,0,chopped
3055,61.1,1500,-1,1486,chopped_padded
3056,61.12,1500,-1,0,chopped
3057,61.14,1500,-1,1486,chopped_padded
3058,61.16,1500,-1,197,padded
3059,61.18,1500,-1,0,chopped
3060,61.2,1500,-1,1486,chopped_padded
3061,61.22,1500,-1,0,chopped
3062,61.24,1500,-1,1486,chopped_padded
3063,61.26,1500,-1,197,padded
3064,61.28,1500,-1,0,chopped
3065,61.3,1500,-1,1486,chopped_padded
3066,61.32,1500,1,1434,padded
3067,61.34,1500,1,1434,padded
3068,61.36,1500,1,1434,padded
3069,61.38,1500,1,1434,padded
3070,61.4,1500,1,1434,padded
3071,61.42,1500,1,1434,padded
3072,61.44,1500,1,1434,padded
3073,61.46,1500,1,1434,padded
3074,61.48,1500,1,1434,padded
3075,61.5,1500,1,1434,padded
3076,61.52,1500,-1,0,chopped
3077,61.54,1500,-1,1486,chopped_padded
3078,61.56,1500,-1,0,chopped
3079,61.58,1500,-1,1486,chopped_padded
3080,61.6,1500,-1,1288,padded
3081,61.62,1500,1,1434,padded
3082,61.64,1500,1,1434,padded
3083,61.66,1500,1,1434,padded
3084,61.68,1500,-1,1400,padded
3085,61.7,1500,1,1400,padded
3086,61.72,1500,-1,1440,padded
3087,61.74,1500,-1,0,chopped
3088,61.76,1500,-1,1486,chopped_padded
3089,61.78,1500,-1,0,chopped
3090,61.8,1500,-1,1486,chopped_padded
3091,61.82,1500,-1,197,padded
3092,61.84,1500,-1,0,chopped
3093,61.86,1500,-1,1486,chopped_padded
3094,61.88,1500,-1,0,chopped
3095,61.9,1500,-1,1486,chopped_padded
3096,61.92,1500,-1,197,padded
3097,61.94,1500,-1,0,chopped
3098,61.96,1500,-1,1486,chopped_padded
3099,61.98,1500,-1,0,chopped
3100,62.0,1500,-1,1486,chopped_padded
3101,62.02,1500,-1,197,padded
3102,62.04,1500,-1,0,chopped
3103,62.06,1500,-1,1486,chopped_padded
3104,62.08,1500,1,1434,padded
3105,62.1,1500,1,1434,padded
3106,62.12,1500,1,1434,padded
3107,62.14,1500,1,1434,padded
3108,62.16,1500,1,1434,padded
3109,62.18,1500,1,1434,padded
3110,62.2,1500,1,1434,padded
3111,62.22,1500,1,1434,padded
3112,62.24,1500,1,1434,padded
3113,62.26,1500,1,1434,padded
3114,62.28,1500,-1,0,chopped
3115,62.3,1500,-1,1486,chopped_padded
3116,62.32,1500,-1,921,padded
3117,62.34,1500,1,1434,padded
3118,62.36,1500,1,1434,padded
3119,62.38,1500,-1,0,chopped
3120,62.4,1500,-1,1486,chopped_padded
3121,62.42,1500,-1,0,chopped
3122,62.44,1500,-1,1486,chopped_padded
3123,62.46,1500,-1,197,padded
3124,62.48,1500,-1,0,chopped
3125,62.5,1500,-1,1486,chopped_padded
3126,62.52,1500,-1,0,chopped
3127,62.54,1500,-1,1486,chopped_padded
3128,62.56,1500,-1,197,padded
3129,62.58,1500,-1,0,chopped
3130,62.6,1500,-1,1486,chopped_padded
3131,62.62,1500,-1,0,chopped
3132,62.64,1500,-1,1486,chopped_padded
3133,62.66,1500,-1,197,padded
3134,62.68,1500,-1,0,chopped
3135,62.7,1500,-1,1486,chopped_padded
3136,62.72,1500,1,1434,padded
3137,62.74,1500,-1,0,chopped
3138,62.76,1500,-1,1486,chopped_padded
3139,62.78,1500,-1,0,chopped
3140,62.8,1500,-1,1486,chopped_padded
3141,62.82,1500,1,1434,padded
3142,62.84,1500,1,1434,padded
3143,62.86,1500,-1,1288,padded
3144,62.88,1500,1,1434,padded
3145,62.9,1500,-1,0,chopped
3146,62.92,1500,-1,1486,chopped_padded
3147,62.94,1500,-1,0,chopped
3148,62.96,1500,-1,1486,chopped_padded
3149,62.98,1500,-1,197,padded
3150,63.0,1500,-1,0,chopped
3151,63.02,1500,-1,1486,chopped_padded
3152,63.04,1500,-1,0,chopped
3153,63.06,1500,-1,1486,chopped_padded
3154,63.08,1500,-1,197,padded
3155,63.1,1500,-1,0,chopped
3156,63.12,1500,-1,1486,chopped_padded
3157,63.14,1500,-1,0,chopped
3158,63.16,1500,-1,1486,chopped_padded
3159,63.18,1500,-1,197,padded
3160,63.2,1500,-1,0,chopped
3161,63.22,1500,-1,1486,chopped_padded
3162,63.24,1500,1,1434,padded
3163,63.26,1500,1,1434,padded
3164,63.28,1500,1,1434,padded
3165,63.3,1500,1,1434,padded
3166,63.32,1500,1,1434,padded
3167,63.34,1500,1,1434,padded
3168,63.36,1500,1,1434,padded
3169,63.38,1500,1,1434,padded
3170,63.4,1500,1,1434,padded
3171,63.42,1500,1,1434,padded
3172,63.44,1500,-1,0,chopped
3173,63.46,1500,-1,1486,chopped_padded
3174,63.48,1500,-1,921,padded
3175,63.5,1500,1,1434,padded
3176,63.52,1500,1,1434,padded
3177,63.54,1500,-1,271,padded
3178,63.56,1500,-1,0,chopped
3179,63.58,1500,-1,1486,chopped_padded
3180,63.6,1500,-1,0,chopped
3181,63.62,1500,-1,1486,chopped_padded
3182,63.64,1500,-1,197,padded
3183,63.66,1500,-1,0,chopped
3184,63.68,1500,-1,1486,chopped_padded
3185,63.7,1500,-1,0,chopped
3186,63.72,1500,-1,1486,chopped_padded
3187,63.74,1500,-1,197,padded
3188,63.76,1500,-1,0,chopped
3189,63.78,1500,-1,1486,chopped_padded
3190,63.8,1500,-1,0,chopped
3191,63.82,1500,-1,1486,chopped_padded
3192,63.84,1500,-1,197,padded
3193,63.86,1500,1,1434,padded
3194,63.88,1500,1,1434,padded
3195,63.9,1500,1,1434,padded
3196,63.92,1500,1,1434,padded
3197,63.94,1500,1,1434,padded
3198,63.96,1500,1,1434,padded
3199,63.98,1500,1,1434,padded
3200,64.0,1500,1,1434,padded
3201,64.02,1500,1,1434,padded
3202,64.04,1500,1,1434,padded
3203,64.06,1500,-1,0,chopped
3204,64.08,1500,-1,1486,chopped_padded
3205,64.1,1500,-1,600,padded
3206,64.12,1500,1,1434,padded
3207,64.14,1500,1,1434,padded
3208,64.16,1500,-1,0,chopped
3209,64.18,1500,-1,1486,chopped_padded
3210,64.2,1500,-1,0,chopped
3211,64.22,1500,-1,1486,chopped_padded
3212,64.24,1500,-1,197,padded
3213,64.26,1500,-1,0,chopped
3214,64.28,1500,-1,1486,chopped_padded
3215,64.3,1500,-1,0,chopped
3216,64.32,1500,-1,1486,chopped_padded
3217,64.34,1500,-1,197,padded
3218,64.36,1500,-1,0,chopped
3219,64.38,1500,-1,1486,chopped_padded
3220,64.4,1500,-1,0,chopped
3221,64.42,1500,-1,1486,chopped_padded
3222,64.44,1500,-1,197,padded
3223,64.46,1500,-1,0,chopped
3224,64.48,1500,-1,1486,chopped_padded
3225,64.5,1500,1,1434,padded
3226,64.52,1500,1,1434,padded
3227,64.54,1500,1,1434,padded
3228,64.56,1500,1,1434,padded
3229,64.58,1500,1,1434,padded
3230,64.6,1500,1,1434,padded
3231,64.62,1500,1,1434,padded
3232,64.64,1500,1,1434,padded
3233,64.66,1500,1,1434,padded
3234,64.68,1500,1,1434,padded
3235,64.7,1500,-1,0,chopped
3236,64.72,1500,-1,1486,chopped_padded
3237,64.74,1500,-1,921,padded
3238,64.76,1500,1,1434,padded
3239,64.78,1500,1,1434,padded
3240,64.8,1500,1,1205,padded
3241,64.82,1500,1,1310,padded
3242,64.84,1500,1,0,chopped
3243,64.86,1500,1,1486,chopped_padded
3244,64.88,1500,1,0,chopped
3245,64.9,1500,1,1486,chopped_padded
3246,64.92,1500,1,0,chopped
3247,64.94,1500,1,1486,chopped_padded
3248,64.96,1500,1,1091,padded
3249,64.98,1500,1,1368,padded
3250,65.0,1500,1,1320,padded
3251,65.02,1500,1,0,chopped
3252,65.04,1500,1,1486,chopped_padded
3253,65.06,1500,1,1356,padded
3254,65.08,1500,-1,1440,padded
3255,65.1,1500,-1,1440,padded
3256,65.12,1500,-1,1434,padded
3257,65.14,1500,-1,1434,padded
3258,65.16,1500,-1,1434,padded
3259,65.18,1500,-1,1434,padded
3260,65.2,1500,-1,1440,padded
3261,65.22,1500,-1,1440,padded
3262,65.24,1500,-1,1440,padded
3263,65.26,1500,-1,1440,padded
3264,65.28,1500,1,0,chopped
3265,65.3,1500,1,1486,chopped_padded
3266,65.32,1500,1,0,chopped
3267,65.34,1500,1,1486,chopped_padded
3268,65.36,1500,1,0,chopped
3269,65.38,1500,1,1486,chopped_padded
3270,65.4,1500,1,645,padded
3271,65.42,1500,1,0,chopped
3272,65.44,1500,1,1486,chopped_padded
3273,65.46,1500,-1,1440,padded
3274,65.48,1500,-1,1440,padded
3275,65.5,1500,-1,1440,padded
3276,65.52,1500,-1,1440,padded
3277,65.54,1500,1,1421,padded
3278,65.56,1500,-1,1405,padded
3279,65.58,1500,1,1426,padded
3280,65.6,1500,1,0,chopped
3281,65.62,1500,1,1486,chopped_padded
3282,65.64,1500,1,0,chopped
3283,65.66,1500,1,1486,chopped_padded
3284,65.68,1500,1,0,chopped
3285,65.7,1500,1,1486,chopped_padded
3286,65.72,1500,1,0,chopped
3287,65.74,1500,1,1486,chopped_padded
3288,65.76,1500,1,1168,padded
3289,65.78,1500,1,1328,padded
3290,65.8,1500,-1,1434,padded
3291,65.82,1500,-1,1354,padded
3292,65.84,1500,-1,1408,padded
3293,65.86,1500,1,1446,padded
3294,65.88,1500,-1,1440,padded
3295,65.9,1500,1,1188,padded
3296,65.92,1500,1,1446,padded
3297,65.94,1500,-1,1440,padded
3298,65.96,1500,-1,1440,padded
3299,65.98,1500,-1,0,chopped
3300,66.0,1500,-1,1486,chopped_padded
3301,66.02,1500,-1,0,chopped
3302,66.04,1500,-1,1486,chopped_padded
3303,66.06,1500,-1,197,padded
3304,66.08,1500,-1,0,chopped
3305,66.1,1500,-1,1486,chopped_padded
3306,66.12,1500,-1,0,chopped
3307,66.14,1500,-1,1486,chopped_padded
3308,66.16,1500,-1,197,padded
3309,66.18,1500,-1,0,chopped
3310,66.2,1500,-1,1486,chopped_padded
3311,66.22,1500,-1,0,chopped
3312,66.24,1500,-1,1486,chopped_padded
3313,66.26,1500,-1,197,padded
3314,66.28,1500,1,1328,padded
3315,66.3,1500,-1,1440,padded
3316,66.32,1500,1,1434,padded
3317,66.34,1500,1,1434,padded
3318,66.36,1500,1,1434,padded
3319,66.38,1500,1,1434,padded
3320,66.4,1500,1,1434,padded
3321,66.42,1500,1,1434,padded
3322,66.44,1500,1,1434,padded
3323,66.46,1500,1,1434,padded
3324,66.48,1500,1,1434,padded
3325,66.5,1500,1,1328,padded
3326,66.52,1500,1,1328,padded
3327,66.54,1500,-1,1440,padded
3328,66.56,1500,-1,0,chopped
3329,66.58,1500,-1,1486,chopped_padded
3330,66.6,1500,-1,517,padded
3331,66.62,1500,-1,1440,padded
3332,66.64,1500,-1,1309,padded
3333,66.66,1500,1,1434,padded
3334,66.68,1500,1,1434,padded
3335,66.7,1500,1,1446,padded
3336,66.72,1500,1,1395,padded
3337,66.74,1500,-1,1440,padded
3338,66.76,1500,1,1328,padded
3339,66.78,1500,-1,1440,padded
3340,66.8,1500,1,1214,padded
3341,66.82,1500,1,0,chopped
3342,66.84,1500,1,1486,chopped_padded
3343,66.86,1500,1,0,chopped
3344,66.88,1500,1,1486,chopped_padded
3345,66.9,1500,1,0,chopped
3346,66.92,1500,1,1486,chopped_padded
3347,66.94,1500,1,1245,padded
3348,66.96,1500,1,1364,padded
3349,66.98,1500,-1,1440,padded
3350,67.0,1500,1,1408,padded
3351,67.02,1500,-1,1440,padded
3352,67.04,1500,1,0,chopped
3353,67.06,1500,1,1486,chopped_padded
3354,67.08,1500,-1,1440,padded
3355,67.1,1500,-1,1440,padded
3356,67.12,1500,-1,1440,padded
3357,67.14,1500,-1,1440,padded
3358,67.16,1500,1,0,chopped
3359,67.18,1500,1,1486,chopped_padded
3360,67.2,1500,1,0,chopped
3361,67.22,1500,1,1486,chopped_padded
3362,67.24,1500,1,659,padded
3363,67.26,1500,-1,1440,padded
3364,67.28,1500,1,1328,padded
3365,67.3,1500,-1,1440,padded
3366,67.32,1500,1,735,padded
3367,67.34,1500,1,1328,padded
3368,67.36,1500,-1,1440,padded
3369,67.38,1500,-1,1440,padded
3370,67.4,1500,-1,1404,padded
3371,67.42,1500,-1,1440,padded
3372,67.44,1500,1,1328,padded
3373,67.46,1500,-1,1440,padded
3374,67.48,1500,-1,1081,padded
3375,67.5,1500,1,1415,padded
3376,67.52,1500,1,1446,padded
3377,67.54,1500,1,1328,padded
3378,67.56,1500,1,1328,padded
3379,67.58,1500,-1,1440,padded
3380,67.6,1500,1,1446,padded
3381,67.62,1500,1,1328,padded
3382,67.64,1500,-1,1440,padded
3383,67.66,1500,-1,1440,padded
3384,67.68,1500,-1,1354,padded
3385,67.7,1500,-1,1408,padded
3386,67.72,1500,1,1446,padded
3387,67.74,1500,1,1328,padded
3388,67.76,1500,-1,1440,padded
3389,67.78,1500,1,1328,padded
3390,67.8,1500,1,1328,padded
3391,67.82,1500,1,1328,padded
3392,67.84,1500,-1,1440,padded
3393,67.86,1500,1,1328,padded
3394,67.88,1500,-1,1440,padded
3395,67.9,1500,1,1328,padded
3396,67.92,1500,1,1328,padded
3397,67.94,1500,-1,1440,padded
3398,67.96,1500,1,1328,padded
3399,67.98,1500,1,1213,padded
3400,68.0,1500,1,1310,padded
3401,68.02,1500,1,0,chopped
3402,68.04,1500,1,1486,chopped_padded
3403,68.06,1500,1,0,chopped
3404,68.08,1500,1,1486,chopped_padded
3405,68.1,1500,1,0,chopped
3406,68.12,1500,1,1486,chopped_padded
3407,68.14,1500,1,1387,padded
3408,68.16,1500,-1,0,chopped
3409,68.18,1500,-1,1486,chopped_padded
3410,68.2,1500,-1,0,chopped
3411,68.22,1500,-1,1486,chopped_padded
3412,68.24,1500,-1,197,padded
3413,68.26,1500,-1,0,chopped
3414,68.28,1500,-1,1486,chopped_padded
3415,68.3,1500,-1,0,chopped
3416,68.32,1500,-1,1486,chopped_padded
3417,68.34,1500,-1,197,padded
3418,68.36,1500,-1,0,chopped
3419,68.38,1500,-1,1486,chopped_padded
3420,68.4,1500,-1,0,chopped
3421,68.42,1500,-1,1486,chopped_padded
3422,68.44,1500,-1,197,padded
3423,68.46,1500,-1,0,chopped
3424,68.48,1500,-1,1486,chopped_padded
3425,68.5,1500,-1,1440,padded
3426,68.52,1500,1,1434,padded
3427,68.54,1500,1,1434,padded
3428,68.56,1500,1,1434,padded
3429,68.58,1500,1,1434,padded
3430,68.6,1500,1,1434,padded
3431,68.62,1500,1,1434,padded
3432,68.64,1500,1,1434,padded
3433,68.66,1500,1,1434,padded
3434,68.68,1500,1,1434,padded
3435,68.7,1500,1,1434,padded
3436,68.72,1500,1,1208,padded
3437,68.74,1500,1,1328,padded
3438,68.76,1500,-1,1440,padded
3439,68.78,1500,-1,1440,padded
3440,68.8,1500,-1,0,chopped
3441,68.82,1500,-1,1486,chopped_padded
3442,68.84,1500,-1,0,chopped
3443,68.86,1500,-1,1486,chopped_padded
3444,68.88,1500,-1,1288,padded
3445,68.9,1500,1,1328,padded
3446,68.92,1500,1,1434,padded
3447,68.94,1500,1,1434,padded
3448,68.96,1500,1,1434,padded
3449,68.98,1500,1,1328,padded
3450,69.0,1500,-1,1440,padded
3451,69.02,1500,1,1328,padded
3452,69.04,1500,-1,1440,padded
3453,69.06,1500,1,1328,padded
3454,69.08,1500,1,1328,padded
3455,69.1,1500,1,1328,padded
3456,69.12,1500,-1,1440,padded
3457,69.14,1500,-1,1354,padded
3458,69.16,1500,-1,1408,padded
3459,69.18,1500,1,1446,padded
3460,69.2,1500,1,1328,padded
3461,69.22,1500,-1,1354,padded
3462,69.24,1500,-1,1408,padded
3463,69.26,1500,1,1446,padded
3464,69.28,1500,1,1328,padded
3465,69.3,1500,1,1328,padded
3466,69.32,1500,-1,1440,padded
3467,69.34,1500,1,1328,padded
3468,69.36,1500,-1,1440,padded
3469,69.38,1500,1,1328,padded
3470,69.4,1500,1,1328,padded
3471,69.42,1500,1,1328,padded
3472,69.44,1500,-1,1440,padded
3473,69.46,1500,1,1328,padded
3474,69.48,1500,-1,1440,padded
3475,69.5,1500,1,1328,padded
3476,69.52,1500,1,1328,padded
3477,69.54,1500,-1,1440,padded
3478,69.56,1500,1,1328,padded
3479,69.58,1500,1,1328,padded
3480,69.6,1500,-1,1440,padded
3481,69.62,1500,-1,0,chopped
3482,69.64,1500,-1,1486,chopped_padded
3483,69.66,1500,-1,0,chopped
3484,69.68,1500,-1,1486,chopped_padded
3485,69.7,1500,-1,197,padded
3486,69.72,1500,-1,0,chopped
3487,69.74,1500,-1,1486,chopped_padded
3488,69.76,1500,-1,0,chopped
3489,69.78,1500,-1,1486,chopped_padded
3490,69.8,1500,-1,197,padded
3491,69.82,1500,-1,0,chopped
3492,69.84,1500,-1,1486,chopped_padded
3493,69.86,1500,-1,0,chopped
3494,69.88,1500,-1,1486,chopped_padded
3495,69.9,1500,-1,197,padded
3496,69.92,1500,-1,0,chopped
3497,69.94,1500,-1,1486,chopped_padded
3498,69.96,1500,1,1434,padded
3499,69.98,1500,1,1434,padded
3500,70.0,1500,1,1434,padded
3501,70.02,1500,1,1328,padded
3502,70.04,1500,1,1434,padded
3503,70.06,1500,1,1434,padded
3504,70.08,1500,1,1434,padded
3505,70.1,1500,1,1434,padded
3506,70.12,1500,1,1434,padded
3507,70.14,1500,1,1434,padded
3508,70.16,1500,1,1434,padded
3509,70.18,1500,1,1328,padded
3510,70.2,1500,-1,0,chopped
3511,70.22,1500,-1,1486,chopped_padded
3512,70.24,1500,-1,921,padded
3513,70.26,1500,1,1434,padded
3514,70.28,1500,1,1434,padded
3515,70.3,1500,1,1328,padded
3516,70.32,1500,-1,1440,padded
3517,70.34,1500,1,1328,padded
3518,70.36,1500,-1,1440,padded
3519,70.38,1500,1,1328,padded
3520,70.4,1500,1,1328,padded
3521,70.42,1500,1,1328,padded
3522,70.44,1500,-1,1440,padded
3523,70.46,1500,1,1328,padded
3524,70.48,1500,-1,1440,padded
3525,70.5,1500,1,1328,padded
3526,70.52,1500,1,1328,padded
3527,70.54,1500,1,1328,padded
3528,70.56,1500,-1,1440,padded
3529,70.58,1500,1,1328,padded
3530,70.6,1500,-1,1440,padded
3531,70.62,1500,-1,1440,padded
3532,70.64,1500,1,1328,padded
3533,70.66,1500,-1,1440,padded
3534,70.68,1500,1,1328,padded
3535,70.7,1500,1,1328,padded
3536,70.72,1500,-1,1440,padded
3537,70.74,1500,1,1328,padded
3538,70.76,1500,-1,1440,padded
3539,70.78,1500,-1,1440,padded
3540,70.8,1500,1,1328,padded
3541,70.82,1500,-1,1440,padded
3542,70.84,1500,1,1328,padded
3543,70.86,1500,1,1328,padded
3544,70.88,1500,-1,1440,padded
3545,70.9,1500,1,1328,padded
3546,70.92,1500,-1,1440,padded
3547,70.94,1500,-1,1440,padded
3548,70.96,1500,1,1328,padded
3549,70.98,1500,-1,1440,padded
3550,71.0,1500,1,1328,padded
3551,71.02,1500,1,1328,padded
3552,71.04,1500,-1,1440,padded
3553,71.06,1500,-1,0,chopped
3554,71.08,1500,-1,1486,chopped_padded
3555,71.1,1500,-1,0,chopped
3556,71.12,1500,-1,1486,chopped_padded
3557,71.14,1500,-1,197,padded
3558,71.16,1500,-1,0,chopped
3559,71.18,1500,-1,1486,chopped_padded
3560,71.2,1500,-1,0,chopped
3561,71.22,1500,-1,1486,chopped_padded
3562,71.24,1500,-1,197,padded
3563,71.26,1500,-1,0,chopped
3564,71.28,1500,-1,1486,chopped_padded
3565,71.3,1500,-1,0,chopped
3566,71.32,1500,-1,1486,chopped_padded
3567,71.34,1500,-1,197,padded
3568,71.36,1500,-1,0,chopped
3569,71.38,1500,-1,1486,chopped_padded
3570,71.4,1500,1,1434,padded
3571,71.42,1500,1,1434,padded
3572,71.44,1500,1,1434,padded
3573,71.46,1500,1,1434,padded
3574,71.48,1500,1,1434,padded
3575,71.5,1500,1,1434,padded
3576,71.52,1500,1,1434,padded
3577,71.54,1500,1,1434,padded
3578,71.56,1500,1,1434,padded
3579,71.58,1500,1,1328,padded
3580,71.6,1500,1,1434,padded
3581,71.62,1500,-1,1440,padded
3582,71.64,1500,-1,0,chopped
3583,71.66,1500,-1,1486,chopped_padded
3584,71.68,1500,-1,0,chopped
3585,71.7,1500,-1,1486,chopped_padded
3586,71.72,1500,1,1434,padded
3587,71.74,1500,1,1434,padded
3588,71.76,1500,-1,244,padded
3589,71.78,1500,-1,1440,padded
3590,71.8,1500,1,1434,padded
3591,71.82,1500,1,1328,padded
3592,71.84,1500,-1,1440,padded
3593,71.86,1500,1,1328,padded
3594,71.88,1500,1,1328,padded
3595,71.9,1500,-1,1440,padded
3596,71.92,1500,1,1328,padded
3597,71.94,1500,-1,1440,padded
3598,71.96,1500,-1,1440,padded
3599,71.98,1500,1,1328,padded
3600,72.0,1500,-1,1440,padded
3601,72.02,1500,-1,1066,padded
3602,72.04,1500,1,1364,padded
3603,72.06,1500,1,1408,padded
3604,72.08,1500,-1,810,padded
3605,72.1,1500,1,1426,padded
3606,72.12,1500,-1,1440,padded
3607,72.14,1500,1,1446,padded
3608,72.16,1500,-1,1434,padded
3609,72.18,1500,1,1446,padded
3610,72.2,1500,1,1188,padded
3611,72.22,1500,-1,1440,padded
3612,72.24,1500,-1,1440,padded
3613,72.26,1500,-1,1440,padded
3614,72.28,1500,-1,1309,padded
3615,72.3,1500,1,1446,padded
3616,72.32,1500,1,1395,padded
3617,72.34,1500,-1,1440,padded
3618,72.36,1500,1,691,padded
3619,72.38,1500,-1,0,chopped
3620,72.4,1500,-1,1486,chopped_padded
3621,72.42,1500,-1,0,chopped
3622,72.44,1500,-1,1486,chopped_padded
3623,72.46,1500,-1,197,padded
3624,72.48,1500,-1,0,chopped
3625,72.5,1500,-1,1486,chopped_padded
3626,72.52,1500,-1,0,chopped
3627,72.54,1500,-1,1486,chopped_padded
3628,72.56,1500,-1,197,padded
3629,72.58,1500,-1,0,chopped
3630,72.6,1500,-1,1486,chopped_padded
3631,72.62,1500,-1,0,chopped
3632,72.64,1500,-1,1486,chopped_padded
3633,72.66,1500,-1,197,padded
3634,72.68,1500,1,1434,padded
3635,72.7,1500,1,1434,padded
3636,72.72,1500,1,1434,padded
3637,72.74,1500,1,1434,padded
3638,72.76,1500,1,1434,padded
3639,72.78,1500,-1,1440,padded
3640,72.8,1500,1,1434,padded
3641,72.82,1500,1,1434,padded
3642,72.84,1500,1,1434,padded
3643,72.86,1500,1,1434,padded
3644,72.88,1500,-1,1081,padded
3645,72.9,1500,1,1415,padded
3646,72.92,1500,1,1446,padded
3647,72.94,1500,-1,0,chopped
3648,72.96,1500,-1,1486,chopped_padded
3649,72.98,1500,-1,517,padded
3650,73.0,1500,1,1434,padded
3651,73.02,1500,1,1434,padded
3652,73.04,1500,-1,1051,padded
3653,73.06,1500,1,1446,padded
3654,73.08,1500,-1,1440,padded
3655,73.1,1500,1,1426,padded
3656,73.12,1500,1,1446,padded
3657,73.14,1500,-1,1434,padded
3658,73.16,1500,1,1446,padded
3659,73.18,1500,1,1188,padded
3660,73.2,1500,-1,1440,padded
3661,73.22,1500,-1,1440,padded
3662,73.24,1500,-1,1309,padded
3663,73.26,1500,1,1446,padded
3664,73.28,1500,1,1395,padded
3665,73.3,1500,-1,1025,padded
3666,73.32,1500,1,1446,padded
3667,73.34,1500,1,1426,padded
3668,73.36,1500,-1,1354,padded
3669,73.38,1500,-1,1408,padded
3670,73.4,1500,1,1446,padded
3671,73.42,1500,1,1446,padded
3672,73.44,1500,-1,1434,padded
3673,73.46,1500,1,1446,padded
3674,73.48,1500,1,1188,padded
3675,73.5,1500,-1,1440,padded
3676,73.52,1500,1,719,padded
3677,73.54,1500,-1,1440,padded
3678,73.56,1500,-1,1440,padded
3679,73.58,1500,-1,1309,padded
3680,73.6,1500,1,1446,padded
3681,73.62,1500,1,1395,padded
3682,73.64,1500,-1,1440,padded
3683,73.66,1500,-1,1081,padded
3684,73.68,1500,1,1415,padded
3685,73.7,1500,1,1446,padded
3686,73.72,1500,1,1213,padded
3687,73.74,1500,1,1310,padded
3688,73.76,1500,1,0,chopped
3689,73.78,1500,1,1486,chopped_padded
3690,73.8,1500,1,0,chopped
3691,73.82,1500,1,1486,chopped_padded
3692,73.84,1500,1,0,chopped
3693,73.86,1500,1,1486,chopped_padded
3694,73.88,1500,1,1389,padded
3695,73.9,1500,1,1364,padded
3696,73.92,1500,1,1408,padded
3697,73.94,1500,-1,1440,padded
3698,73.96,1500,1,1446,padded
3699,73.98,1500,-1,1440,padded
3700,74.0,1500,-1,1440,padded
3701,74.02,1500,1,704,padded
3702,74.04,1500,-1,1440,padded
3703,74.06,1500,-1,1440,padded
3704,74.08,1500,-1,1440,padded
3705,74.1,1500,-1,1440,padded
3706,74.12,1500,-1,1440,padded
3707,74.14,1500,-1,1440,padded
3708,74.16,1500,-1,0,chopped
3709,74.18,1500,-1,1486,chopped_padded
3710,74.2,1500,-1,0,chopped
3711,74.22,1500,-1,1486,chopped_padded
3712,74.24,1500,-1,197,padded
3713,74.26,1500,-1,0,chopped
3714,74.28,1500,-1,1486,chopped_padded
3715,74.3,1500,-1,0,chopped
3716,74.32,1500,-1,1486,chopped_padded
3717,74.34,1500,-1,197,padded
3718,74.36,1500,-1,0,chopped
3719,74.38,1500,-1,1486,chopped_padded
3720,74.4,1500,-1,0,chopped
3721,74.42,1500,-1,1486,chopped_padded
3722,74.44,1500,-1,197,padded
3723,74.46,1500,-1,0,chopped
3724,74.48,1500,-1,1486,chopped_padded
3725,74.5,1500,1,1434,padded
3726,74.52,1500,1,1434,padded
3727,74.54,1500,1,1434,padded
3728,74.56,1500,1,1434,padded
3729,74.58,1500,1,1434,padded
3730,74.6,1500,1,1434,padded
3731,74.62,1500,1,1434,padded
3732,74.64,1500,1,1434,padded
3733,74.66,1500,1,1434,padded
3734,74.68,1500,1,1434,padded
3735,74.7,1500,-1,1440,padded
3736,74.72,1500,-1,1081,padded
3737,74.74,1500,1,1415,padded
3738,74.76,1500,1,1446,padded
3739,74.78,1500,-1,0,chopped
3740,74.8,1500,-1,1486,chopped_padded
3741,74.82,1500,-1,921,padded
3742,74.84,1500,1,1434,padded
3743,74.86,1500,1,1434,padded
3744,74.88,1500,1,1421,padded
3745,74.9,1500,-1,1440,padded
3746,74.92,1500,1,1446,padded
3747,74.94,1500,-1,1354,padded
3748,74.96,1500,-1,1408,padded
3749,74.98,1500,-1,1317,padded
3750,75.0,1500,1,1446,padded
3751,75.02,1500,1,1446,padded
3752,75.04,1500,1,1426,padded
3753,75.06,1500,-1,1426,padded
3754,75.08,1500,1,1434,padded
3755,75.1,1500,1,1212,padded
3756,75.12,1500,-1,1434,padded
3757,75.14,1500,-1,0,chopped
3758,75.16,1500,-1,1486,chopped_padded
3759,75.18,1500,-1,0,chopped
3760,75.2,1500,-1,1486,chopped_padded
3761,75.22,1500,-1,0,chopped
3762,75.24,1500,-1,1486,chopped_padded
3763,75.26,1500,-1,485,padded
3764,75.28,1500,1,1434,padded
3765,75.3,1500,1,1434,padded
3766,75.32,1500,1,1434,padded
3767,75.34,1500,1,1434,padded
3768,75.36,1500,1,1308,padded
3769,75.38,1500,-1,1192,padded
3770,75.4,1500,-1,1365,padded
3771,75.42,1500,1,1434,padded
3772,75.44,1500,1,1434,padded
3773,75.46,1500,1,1381,padded
3774,75.48,1500,1,1212,padded
3775,75.5,1500,1,0,chopped
3776,75.52,1500,1,1486,chopped_padded
3777,75.54,1500,1,0,chopped
3778,75.56,1500,1,1486,chopped_padded
3779,75.58,1500,1,0,chopped
3780,75.6,1500,1,1486,chopped_padded
3781,75.62,1500,1,1132,padded
3782,75.64,1500,-1,1440,padded
3783,75.66,1500,-1,1440,padded
3784,75.68,1500,-1,1440,padded
3785,75.7,1500,-1,1440,padded
3786,75.72,1500,-1,1434,padded
3787,75.74,1500,1,743,padded
3788,75.76,1500,-1,0,chopped
3789,75.78,1500,-1,1486,chopped_padded
3790,75.8,1500,-1,0,chopped
3791,75.82,1500,-1,1486,chopped_padded
3792,75.84,1500,-1,197,padded
3793,75.86,1500,-1,0,chopped
3794,75.88,1500,-1,1486,chopped_padded
3795,75.9,1500,-1,0,chopped
3796,75.92,1500,-1,1486,chopped_padded
3797,75.94,1500,-1,197,padded
3798,75.96,1500,-1,0,chopped
3799,75.98,1500,-1,1486,chopped_padded
3800,76.0,1500,-1,0,chopped
3801,76.02,1500,-1,1486,chopped_padded
3802,76.04,1500,-1,197,padded
3803,76.06,1500,-1,0,chopped
3804,76.08,1500,-1,1486,chopped_padded
3805,76.1,1500,1,1434,padded
3806,76.12,1500,1,1434,padded
3807,76.14,1500,1,1434,padded
3808,76.16,1500,1,1434,padded
3809,76.18,1500,1,1434,padded
3810,76.2,1500,1,1434,padded
3811,76.22,1500,1,1434,padded
3812,76.24,1500,1,1434,padded
3813,76.26,1500,1,1434,padded
3814,76.28,1500,1,1434,padded
3815,76.3,1500,-1,1434,padded
3816,76.32,1500,-1,0,chopped
3817,76.34,1500,-1,1486,chopped_padded
3818,76.36,1500,-1,0,chopped
3819,76.38,1500,-1,1486,chopped_padded
3820,76.4,1500,-1,244,padded
3821,76.42,1500,1,1434,padded
3822,76.44,1500,1,1434,padded
3823,76.46,1500,1,1434,padded
3824,76.48,1500,-1,1354,padded
3825,76.5,1500,-1,1408,padded
3826,76.52,1500,1,1446,padded
3827,76.54,1500,1,1446,padded
3828,76.56,1500,-1,1396,padded
3829,76.58,1500,1,1434,padded
3830,76.6,1500,-1,1180,padded
3831,76.62,1500,1,1434,padded
3832,76.64,1500,-1,0,chopped
3833,76.66,1500,-1,1486,chopped_padded
3834,76.68,1500,-1,0,chopped
3835,76.7,1500,-1,1486,chopped_padded
3836,76.72,1500,-1,197,padded
3837,76.74,1500,-1,0,chopped
3838,76.76,1500,-1,1486,chopped_padded
3839,76.78,1500,-1,0,chopped
3840,76.8,1500,-1,1486,chopped_padded
3841,76.82,1500,-1,197,padded
3842,76.84,1500,-1,0,chopped
3843,76.86,1500,-1,1486,chopped_padded
3844,76.88,1500,-1,0,chopped
3845,76.9,1500,-1,1486,chopped_padded
3846,76.92,1500,-1,197,padded
3847,76.94,1500,-1,0,chopped
3848,76.96,1500,-1,1486,chopped_padded
3849,76.98,1500,1,1434,padded
3850,77.0,1500,1,1434,padded
3851,77.02,1500,1,1434,padded
3852,77.04,1500,1,1434,padded
3853,77.06,1500,1,1434,padded
3854,77.08,1500,1,1434,padded
3855,77.1,1500,1,1434,padded
3856,77.12,1500,1,1434,padded
3857,77.14,1500,1,1434,padded
3858,77.16,1500,1,1434,padded
3859,77.18,1500,-1,0,chopped
3860,77.2,1500,-1,1486,chopped_padded
3861,77.22,1500,-1,921,padded
3862,77.24,1500,1,1434,padded
3863,77.26,1500,1,1434,padded
3864,77.28,1500,-1,0,chopped
3865,77.3,1500,-1,1486,chopped_padded
3866,77.32,1500,-1,0,chopped
3867,77.34,1500,-1,1486,chopped_padded
3868,77.36,1500,-1,197,padded
3869,77.38,1500,-1,0,chopped
3870,77.4,1500,-1,1486,chopped_padded
3871,77.42,1500,-1,0,chopped
3872,77.44,1500,-1,1486,chopped_padded
3873,77.46,1500,-1,197,padded
3874,77.48,1500,-1,0,chopped
3875,77.5,1500,-1,1486,chopped_padded
3876,77.52,1500,-1,0,chopped
3877,77.54,1500,-1,1486,chopped_padded
3878,77.56,1500,-1,197,padded
3879,77.58,1500,1,1434,padded
3880,77.6,1500,1,1434,padded
3881,77.62,1500,1,1434,padded
3882,77.64,1500,1,1434,padded
3883,77.66,1500,1,1434,padded
3884,77.68,1500,1,1434,padded
3885,77.7,1500,1,1434,padded
3886,77.72,1500,1,1434,padded
3887,77.74,1500,1,1434,padded
3888,77.76,1500,-1,0,chopped
3889,77.78,1500,-1,1486,chopped_padded
3890,77.8,1500,-1,517,padded
3891,77.82,1500,1,1434,padded
3892,77.84,1500,1,1434,padded
3893,77.86,1500,-1,0,chopped
3894,77.88,1500,-1,1486,chopped_padded
3895,77.9,1500,-1,0,chopped
3896,77.92,1500,-1,1486,chopped_padded
3897,77.94,1500,-1,197,padded
3898,77.96,1500,-1,0,chopped
3899,77.98,1500,-1,1486,chopped_padded
3900,78.0,1500,-1,0,chopped
3901,78.02,1500,-1,1486,chopped_padded
3902,78.04,1500,-1,197,padded
3903,78.06,1500,-1,0,chopped
3904,78.08,1500,-1,1486,chopped_padded
3905,78.1,1500,-1,0,chopped
3906,78.12,1500,-1,1486,chopped_padded
3907,78.14,1500,-1,197,padded
3908,78.16,1500,-1,0,chopped
3909,78.18,1500,-1,1486,chopped_padded
3910,78.2,1500,1,1434,padded
3911,78.22,1500,1,1434,padded
3912,78.24,1500,1,1434,padded
3913,78.26,1500,1,1434,padded
3914,78.28,1500,1,1434,padded
3915,78.3,1500,1,1434,padded
3916,78.32,1500,1,1434,padded
3917,78.34,1500,1,1434,padded
3918,78.36,1500,1,1434,padded
3919,78.38,1500,1,1434,padded
3920,78.4,1500,-1,0,chopped
3921,78.42,1500,-1,1486,chopped_padded
3922,78.44,1500,-1,0,chopped
3923,78.46,1500,-1,1486,chopped_padded
3924,78.48,1500,-1,244,padded
3925,78.5,1500,1,1434,padded
3926,78.52,1500,1,1434,padded
3927,78.54,1500,1,1434,padded
3928,78.56,1500,-1,0,chopped
3929,78.58,1500,-1,1486,chopped_padded
3930,78.6,1500,-1,0,chopped
3931,78.62,1500,-1,1486,chopped_padded
3932,78.64,1500,-1,197,padded
3933,78.66,1500,-1,0,chopped
3934,78.68,1500,-1,1486,chopped_padded
3935,78.7,1500,-1,0,chopped
3936,78.72,1500,-1,1486,chopped_padded
3937,78.74,1500,-1,197,padded
3938,78.76,1500,-1,0,chopped
3939,78.78,1500,-1,1486,chopped_padded
3940,78.8,1500,-1,0,chopped
3941,78.82,1500,-1,1486,chopped_padded
3942,78.84,1500,-1,197,padded
3943,78.86,1500,-1,113,padded
3944,78.88,1500,1,1434,padded
3945,78.9,1500,1,1434,padded
3946,78.92,1500,1,1434,padded
3947,78.94,1500,1,1434,padded
3948,78.96,1500,1,1434,padded
3949,78.98,1500,1,1434,padded
3950,79.0,1500,1,1434,padded
3951,79.02,1500,1,1434,padded
3952,79.04,1500,1,1434,padded
3953,79.06,1500,1,1434,padded
3954,79.08,1500,-1,0,chopped
3955,79.1,1500,-1,1486,chopped_padded
3956,79.12,1500,-1,0,chopped
3957,79.14,1500,-1,1486,chopped_padded
3958,79.16,1500,-1,197,padded
3959,79.18,1500,-1,0,chopped
3960,79.2,1500,-1,1486,chopped_padded
3961,79.22,1500,-1,0,chopped
3962,79.24,1500,-1,1486,chopped_padded
3963,79.26,1500,-1,197,padded
3964,79.28,1500,-1,0,chopped
3965,79.3,1500,-1,1486,chopped_padded
3966,79.32,1500,-1,0,chopped
3967,79.34,1500,-1,1486,chopped_padded
3968,79.36,1500,-1,197,padded
3969,79.38,1500,-1,0,chopped
3970,79.4,1500,-1,1486,chopped_padded
3971,79.42,1500,1,1434,padded
3972,79.44,1500,1,1434,padded
3973,79.46,1500,1,1434,padded
3974,79.48,1500,1,1434,padded
3975,79.5,1500,1,1434,padded
3976,79.52,1500,1,1434,padded
3977,79.54,1500,1,1434,padded
3978,79.56,1500,1,1434,padded
3979,79.58,1500,1,1434,padded
3980,79.6,1500,1,1434,padded
3981,79.62,1500,-1,0,chopped
3982,79.64,1500,-1,1486,chopped_padded
3983,79.66,1500,-1,0,chopped
3984,79.68,1500,-1,1486,chopped_padded
3985,79.7,1500,-1,1288,padded
3986,79.72,1500,1,1434,padded
3987,79.74,1500,1,1434,padded
3988,79.76,1500,1,1434,padded
3989,79.78,1500,-1,0,chopped
3990,79.8,1500,-1,1486,chopped_padded
3991,79.82,1500,-1,0,chopped
3992,79.84,1500,-1,1486,chopped_padded
3993,79.86,1500,-1,197,padded
3994,79.88,1500,-1,0,chopped
3995,79.9,1500,-1,1486,chopped_padded
3996,79.92,1500,-1,0,chopped
3997,79.94,1500,-1,1486,chopped_padded
3998,79.96,1500,-1,197,padded
3999,79.98,1500,-1,0,chopped
4000,80.0,1500,-1,1486,chopped_padded
4001,80.02,1500,-1,0,chopped
4002,80.04,1500,-1,1486,chopped_padded
4003,80.06,1500,-1,197,padded
4004,80.08,1500,-1,0,chopped
4005,80.1,1500,-1,1486,chopped_padded
4006,80.12,1500,1,1434,padded
4007,80.14,1500,1,1434,padded
4008,80.16,1500,1,1434,padded
4009,80.18,1500,1,1434,padded
4010,80.2,1500,1,1434,padded
4011,80.22,1500,1,1434,padded
4012,80.24,1500,1,1434,padded
4013,80.26,1500,1,1434,padded
4014,80.28,1500,1,1434,padded
4015,80.3,1500,1,1434,padded
4016,80.32,1500,-1,0,chopped
4017,80.34,1500,-1,1486,chopped_padded
4018,80.36,1500,-1,0,chopped
4019,80.38,1500,-1,1486,chopped_padded
4020,80.4,1500,-1,1288,padded
4021,80.42,1500,1,1434,padded
4022,80.44,1500,1,1434,padded
4023,80.46,1500,1,1434,padded
4024,80.48,1500,-1,0,chopped
4025,80.5,1500,-1,1486,chopped_padded
4026,80.52,1500,-1,0,chopped
4027,80.54,1500,-1,1486,chopped_padded
4028,80.56,1500,-1,197,padded
4029,80.58,1500,-1,0,chopped
4030,80.6,1500,-1,1486,chopped_padded
4031,80.62,1500,-1,0,chopped
4032,80.64,1500,-1,1486,chopped_padded
4033,80.66,1500,-1,197,padded
4034,80.68,1500,-1,0,chopped
4035,80.7,1500,-1,1486,chopped_padded
4036,80.72,1500,-1,0,chopped
4037,80.74,1500,-1,1486,chopped_padded
4038,80.76,1500,-1,197,padded
4039,80.78,1500,-1,0,chopped
4040,80.8,1500,-1,1486,chopped_padded
4041,80.82,1500,1,1434,padded
4042,80.84,1500,1,1434,padded
4043,80.86,1500,1,1434,padded
4044,80.88,1500,1,1434,padded
4045,80.9,1500,1,1434,padded
4046,80.92,1500,1,1434,padded
4047,80.94,1500,1,1434,padded
4048,80.96,1500,1,1434,padded
4049,80.98,1500,1,1434,padded
4050,81.0,1500,1,1434,padded
4051,81.02,1500,-1,0,chopped
4052,81.04,1500,-1,1486,chopped_padded
4053,81.06,1500,-1,0,chopped
4054,81.08,1500,-1,1486,chopped_padded
4055,81.1,1500,-1,244,padded
4056,81.12,1500,1,1434,padded
4057,81.14,1500,1,1434,padded
4058,81.16,1500,1,1434,padded
4059,81.18,1500,-1,0,chopped
4060,81.2,1500,-1,1486,chopped_padded
4061,81.22,1500,-1,0,chopped
4062,81.24,1500,-1,1486,chopped_padded
4063,81.26,1500,-1,197,padded
4064,81.28,1500,-1,0,chopped
4065,81.3,1500,-1,1486,chopped_padded
4066,81.32,1500,-1,0,chopped
4067,81.34,1500,-1,1486,chopped_padded
4068,81.36,1500,-1,197,padded
4069,81.38,1500,-1,0,chopped
4070,81.4,1500,-1,1486,chopped_padded
4071,81.42,1500,-1,0,chopped
4072,81.44,1500,-1,1486,chopped_padded
4073,81.46,1500,-1,197,padded
4074,81.48,1500,-1,113,padded
4075,81.5,1500,1,1434,padded
4076,81.52,1500,1,1434,padded
4077,81.54,1500,1,1434,padded
4078,81.56,1500,1,1434,padded
4079,81.58,1500,1,1434,padded
4080,81.6,1500,1,1434,padded
4081,81.62,1500,1,1434,padded
4082,81.64,1500,1,1434,padded
4083,81.66,1500,1,1434,padded
4084,81.68,1500,1,1434,padded
4085,81.7,1500,-1,0,chopped
4086,81.72,1500,-1,1486,chopped_padded
4087,81.74,1500,-1,0,chopped
4088,81.76,1500,-1,1486,chopped_padded
4089,81.78,1500,-1,197,padded
4090,81.8,1500,-1,0,chopped
4091,81.82,1500,-1,1486,chopped_padded
4092,81.84,1500,-1,0,chopped
4093,81.86,1500,-1,1486,chopped_padded
4094,81.88,1500,-1,197,padded
4095,81.9,1500,-1,0,chopped
4096,81.92,1500,-1,1486,chopped_padded
4097,81.94,1500,-1,0,chopped
4098,81.96,1500,-1,1486,chopped_padded
4099,81.98,1500,-1,197,padded
4100,82.0,1500,-1,0,chopped
4101,82.02,1500,-1,1486,chopped_padded
4102,82.04,1500,1,1434,padded
4103,82.06,1500,1,1434,padded
4104,82.08,1500,1,1434,padded
4105,82.1,1500,1,1434,padded
4106,82.12,1500,1,1434,padded
4107,82.14,1500,1,1434,padded
4108,82.16,1500,1,1434,padded
4109,82.18,1500,1,1434,padded
4110,82.2,1500,1,1434,padded
4111,82.22,1500,1,1434,padded
4112,82.24,1500,-1,0,chopped
4113,82.26,1500,-1,1486,chopped_padded
4114,82.28,1500,-1,0,chopped
4115,82.3,1500,-1,1486,chopped_padded
4116,82.32,1500,-1,1288,padded
4117,82.34,1500,1,1434,padded
4118,82.36,1500,1,1434,padded
4119,82.38,1500,1,1434,padded
4120,82.4,1500,-1,0,chopped
4121,82.42,1500,-1,1486,chopped_padded
4122,82.44,1500,-1,0,chopped
4123,82.46,1500,-1,1486,chopped_padded
4124,82.48,1500,-1,197,padded
4125,82.5,1500,-1,0,chopped
4126,82.52,1500,-1,1486,chopped_padded
4127,82.54,1500,-1,0,chopped
4128,82.56,1500,-1,1486,chopped_padded
4129,82.58,1500,-1,197,padded
4130,82.6,1500,-1,0,chopped
4131,82.62,1500,-1,1486,chopped_padded
4132,82.64,1500,-1,0,chopped
4133,82.66,1500,-1,1486,chopped_padded
4134,82.68,1500,-1,197,padded
4135,82.7,1500,-1,0,chopped
4136,82.72,1500,-1,1486,chopped_padded
4137,82.74,1500,1,1434,padded
4138,82.76,1500,1,1434,padded
4139,82.78,1500,1,1434,padded
4140,82.8,1500,1,1434,padded
4141,82.82,1500,1,1434,padded
4142,82.84,1500,1,1434,padded
4143,82.86,1500,1,1434,padded
4144,82.88,1500,1,1434,padded
4145,82.9,1500,1,1434,padded
4146,82.92,1500,1,1434,padded
4147,82.94,1500,-1,0,chopped
4148,82.96,1500,-1,1486,chopped_padded
4149,82.98,1500,-1,921,padded
4150,83.0,1500,1,1434,padded
4151,83.02,1500,1,1434,padded
4152,83.04,1500,-1,0,chopped
4153,83.06,1500,-1,1486,chopped_padded
4154,83.08,1500,-1,0,chopped
4155,83.1,1500,-1,1486,chopped_padded
4156,83.12,1500,-1,197,padded
4157,83.14,1500,-1,0,chopped
4158,83.16,1500,-1,1486,chopped_padded
4159,83.18,1500,-1,0,chopped
4160,83.2,1500,-1,1486,chopped_padded
4161,83.22,1500,-1,197,padded
4162,83.24,1500,-1,0,chopped
4163,83.26,1500,-1,1486,chopped_padded
4164,83.28,1500,-1,0,chopped
4165,83.3,1500,-1,1486,chopped_padded
4166,83.32,1500,-1,197,padded
4167,83.34,1500,-1,0,chopped
4168,83.36,1500,-1,1486,chopped_padded
4169,83.38,1500,1,1434,padded
4170,83.4,1500,1,1434,padded
4171,83.42,1500,1,1434,padded
4172,83.44,1500,1,1434,padded
4173,83.46,1500,1,1434,padded
4174,83.48,1500,1,1434,padded
4175,83.5,1500,1,1434,padded
4176,83.52,1500,1,1434,padded
4177,83.54,1500,1,1434,padded
4178,83.56,1500,1,1434,padded
4179,83.58,1500,-1,0,chopped
4180,83.6,1500,-1,1486,chopped_padded
4181,83.62,1500,-1,0,chopped
4182,83.64,1500,-1,1486,chopped_padded
4183,83.66,1500,-1,1288,padded
4184,83.68,1500,1,1434,padded
4185,83.7,1500,1,1434,padded
4186,83.72,1500,1,1434,padded
4187,83.74,1500,-1,0,chopped
4188,83.76,1500,-1,1486,chopped_padded
4189,83.78,1500,-1,0,chopped
4190,83.8,1500,-1,1486,chopped_padded
4191,83.82,1500,-1,197,padded
4192,83.84,1500,-1,0,chopped
4193,83.86,1500,-1,1486,chopped_padded
4194,83.88,1500,-1,0,chopped
4195,83.9,1500,-1,1486,chopped_padded
4196,83.92,1500,-1,197,padded
4197,83.94,1500,-1,0,chopped
4198,83.96,1500,-1,1486,chopped_padded
4199,83.98,1500,-1,0,chopped
4200,84.0,1500,-1,1486,chopped_padded
4201,84.02,1500,-1,197,padded
4202,84.04,1500,1,1434,padded
4203,84.06,1500,1,1434,padded
4204,84.08,1500,1,1434,padded
4205,84.1,1500,1,1434,padded
4206,84.12,1500,1,1434,padded
4207,84.14,1500,1,1434,padded
4208,84.16,1500,1,1434,padded
4209,84.18,1500,1,1434,padded
4210,84.2,1500,1,1434,padded
4211,84.22,1500,-1,0,chopped
4212,84.24,1500,-1,1486,chopped_padded
4213,84.26,1500,-1,517,padded
4214,84.28,1500,1,1434,padded
4215,84.3,1500,1,1434,padded
4216,84.32,1500,-1,0,chopped
4217,84.34,1500,-1,1486,chopped_padded
4218,84.36,1500,-1,0,chopped
4219,84.38,1500,-1,1486,chopped_padded
4220,84.4,1500,-1,197,padded
4221,84.42,1500,-1,0,chopped
4222,84.44,1500,-1,1486,chopped_padded
4223,84.46,1500,-1,0,chopped
4224,84.48,1500,-1,1486,chopped_padded
4225,84.5,1500,-1,197,padded
4226,84.52,1500,-1,0,chopped
4227,84.54,1500,-1,1486,chopped_padded
4228,84.56,1500,-1,0,chopped
4229,84.58,1500,-1,1486,chopped_padded
4230,84.6,1500,-1,197,padded
4231,84.62,1500,-1,0,chopped
4232,84.64,1500,-1,1486,chopped_padded
4233,84.66,1500,1,1434,padded
4234,84.68,1500,1,1434,padded
4235,84.7,1500,1,1434,padded
4236,84.72,1500,1,1434,padded
4237,84.74,1500,1,1434,padded
4238,84.76,1500,1,1434,padded
4239,84.78,1500,1,1434,padded
4240,84.8,1500,1,1434,padded
4241,84.82,1500,1,1434,padded
4242,84.84,1500,1,1434,padded
4243,84.86,1500,-1,0,chopped
4244,84.88,1500,-1,1486,chopped_padded
4245,84.9,1500,-1,0,chopped
4246,84.92,1500,-1,1486,chopped_padded
4247,84.94,1500,-1,1288,padded
4248,84.96,1500,1,1434,padded
4249,84.98,1500,1,1434,padded
4250,85.0,1500,1,1434,padded
4251,85.02,1500,-1,0,chopped
4252,85.04,1500,-1,1486,chopped_padded
4253,85.06,1500,-1,0,chopped
4254,85.08,1500,-1,1486,chopped_padded
4255,85.1,1500,-1,197,padded
4256,85.12,1500,-1,0,chopped
4257,85.14,1500,-1,1486,chopped_padded
4258,85.16,1500,-1,0,chopped
4259,85.18,1500,-1,1486,chopped_padded
4260,85.2,1500,-1,197,padded
4261,85.22,1500,-1,0,chopped
4262,85.24,1500,-1,1486,chopped_padded
4263,85.26,1500,-1,0,chopped
4264,85.28,1500,-1,1486,chopped_padded
4265,85.3,1500,-1,197,padded
4266,85.32,1500,-1,0,chopped
4267,85.34,1500,-1,1486,chopped_padded
4268,85.36,1500,1,1434,padded
4269,85.38,1500,1,1434,padded
4270,85.4,1500,1,1434,padded
4271,85.42,1500,1,1434,padded
4272,85.44,1500,1,1434,padded
4273,85.46,1500,1,1434,padded
4274,85.48,1500,1,1434,padded
4275,85.5,1500,1,1434,padded
4276,85.52,1500,1,1434,padded
4277,85.54,1500,1,1434,padded
4278,85.56,1500,-1,0,chopped
4279,85.58,1500,-1,1486,chopped_padded
4280,85.6,1500,-1,0,chopped
4281,85.62,1500,-1,1486,chopped_padded
4282,85.64,1500,-1,1288,padded
4283,85.66,1500,1,1434,padded
4284,85.68,1500,1,1434,padded
4285,85.7,1500,1,1434,padded
4286,85.72,1500,-1,0,chopped
4287,85.74,1500,-1,1486,chopped_padded
4288,85.76,1500,-1,0,chopped
4289,85.78,1500,-1,1486,chopped_padded
4290,85.8,1500,-1,197,padded
4291,85.82,1500,-1,0,chopped
4292,85.84,1500,-1,1486,chopped_padded
4293,85.86,1500,-1,0,chopped
4294,85.88,1500,-1,1486,chopped_padded
4295,85.9,1500,-1,197,padded
4296,85.92,1500,-1,0,chopped
4297,85.94,1500,-1,1486,chopped_padded
4298,85.96,1500,-1,0,chopped
4299,85.98,1500,-1,1486,chopped_padded
4300,86.0,1500,-1,197,padded
4301,86.02,1500,1,1434,padded
4302,86.04,1500,1,1434,padded
4303,86.06,1500,1,1434,padded
4304,86.08,1500,1,1434,padded
4305,86.1,1500,1,1434,padded
4306,86.12,1500,1,1434,padded
4307,86.14,1500,1,1434,padded
4308,86.16,1500,1,1434,padded
4309,86.18,1500,1,1434,padded
4310,86.2,1500,-1,0,chopped
4311,86.22,1500,-1,1486,chopped_padded
4312,86.24,1500,-1,517,padded
4313,86.26,1500,1,1434,padded
4314,86.28,1500,1,1434,padded
4315,86.3,1500,-1,0,chopped
4316,86.32,1500,-1,1486,chopped_padded
4317,86.34,1500,-1,0,chopped
4318,86.36,1500,-1,1486,chopped_padded
4319,86.38,1500,-1,197,padded
4320,86.4,1500,-1,0,chopped
4321,86.42,1500,-1,1486,chopped_padded
4322,86.44,1500,-1,0,chopped
4323,86.46,1500,-1,1486,chopped_padded
4324,86.48,1500,-1,197,padded
4325,86.5,1500,-1,0,chopped
4326,86.52,1500,-1,1486,chopped_padded
4327,86.54,1500,-1,0,chopped
4328,86.56,1500,-1,1486,chopped_padded
4329,86.58,1500,-1,197,padded
4330,86.6,1500,-1,0,chopped
4331,86.62,1500,-1,1486,chopped_padded
4332,86.64,1500,1,1434,padded
4333,86.66,1500,1,1434,padded
4334,86.68,1500,1,1434,padded
4335,86.7,1500,1,1434,padded
4336,86.72,1500,1,1434,padded
4337,86.74,1500,1,1434,padded
4338,86.76,1500,1,1434,padded
4339,86.78,1500,1,1434,padded
4340,86.8,1500,1,1434,padded
4341,86.82,1500,1,1434,padded
4342,86.84,1500,-1,0,chopped
4343,86.86,1500,-1,1486,chopped_padded
4344,86.88,1500,-1,0,chopped
4345,86.9,1500,-1,1486,chopped_padded
4346,86.92,1500,-1,244,padded
4347,86.94,1500,1,1434,padded
4348,86.96,1500,1,1434,padded
4349,86.98,1500,1,1434,padded
4350,87.0,1500,-1,782,padded
4351,87.02,1500,-1,0,chopped
4352,87.04,1500,-1,1486,chopped_padded
4353,87.06,1500,-1,0,chopped
4354,87.08,1500,-1,1486,chopped_padded
4355,87.1,1500,-1,197,padded
4356,87.12,1500,-1,0,chopped
4357,87.14,1500,-1,1486,chopped_padded
4358,87.16,1500,-1,0,chopped
4359,87.18,1500,-1,1486,chopped_padded
4360,87.2,1500,-1,197,padded
4361,87.22,1500,-1,0,chopped
4362,87.24,1500,-1,1486,chopped_padded
4363,87.26,1500,-1,0,chopped
4364,87.28,1500,-1,1486,chopped_padded
4365,87.3,1500,-1,197,padded
4366,87.32,1500,1,1434,padded
4367,87.34,1500,1,1434,padded
4368,87.36,1500,1,1434,padded
4369,87.38,1500,1,1434,padded
4370,87.4,1500,1,1434,padded
4371,87.42,1500,1,1434,padded
4372,87.44,1500,1,1434,padded
4373,87.46,1500,1,1434,padded
4374,87.48,1500,1,1434,padded
4375,87.5,1500,1,1434,padded
4376,87.52,1500,-1,0,chopped
4377,87.54,1500,-1,1486,chopped_padded
4378,87.56,1500,-1,89,padded
4379,87.58,1500,1,1434,padded
4380,87.6,1500,1,1434,padded
4381,87.62,1500,-1,0,chopped
4382,87.64,1500,-1,1486,chopped_padded
4383,87.66,1500,-1,0,chopped
4384,87.68,1500,-1,1486,chopped_padded
4385,87.7,1500,-1,197,padded
4386,87.72,1500,-1,0,chopped
4387,87.74,1500,-1,1486,chopped_padded
4388,87.76,1500,-1,0,chopped
4389,87.78,1500,-1,1486,chopped_padded
4390,87.8,1500,-1,197,padded
4391,87.82,1500,-1,0,chopped
4392,87.84,1500,-1,1486,chopped_padded
4393,87.86,1500,-1,0,chopped
4394,87.88,1500,-1,1486,chopped_padded
4395,87.9,1500,-1,197,padded
4396,87.92,1500,-1,114,padded
4397,87.94,1500,1,1434,padded
4398,87.96,1500,1,1434,padded
4399,87.98,1500,1,1434,padded
4400,88.0,1500,1,1434,padded
4401,88.02,1500,1,1434,padded
4402,88.04,1500,1,1434,padded
4403,88.06,1500,1,1434,padded
4404,88.08,1500,1,1434,padded
4405,88.1,1500,1,1434,padded
4406,88.12,1500,1,1434,padded
4407,88.14,1500,-1,0,chopped
4408,88.16,1500,-1,1486,chopped_padded
4409,88.18,1500,-1,0,chopped
4410,88.2,1500,-1,1486,chopped_padded
4411,88.22,1500,-1,197,padded
4412,88.24,1500,-1,0,chopped
4413,88.26,1500,-1,1486,chopped_padded
4414,88.28,1500,-1,0,chopped
4415,88.3,1500,-1,1486,chopped_padded
4416,88.32,1500,-1,197,padded
4417,88.34,1500,-1,0,chopped
4418,88.36,1500,-1,1486,chopped_padded
4419,88.38,1500,-1,0,chopped
4420,88.4,1500,-1,1486,chopped_padded
4421,88.42,1500,-1,197,padded
4422,88.44,1500,-1,0,chopped
4423,88.46,1500,-1,1486,chopped_padded
4424,88.48,1500,1,1434,padded
4425,88.5,1500,1,1434,padded
4426,88.52,1500,1,1434,padded
4427,88.54,1500,1,1434,padded
4428,88.56,1500,1,1434,padded
4429,88.58,1500,1,1434,padded
4430,88.6,1500,1,1434,padded
4431,88.62,1500,1,1434,padded
4432,88.64,1500,1,1434,padded
4433,88.66,1500,1,1434,padded
4434,88.68,1500,-1,0,chopped
4435,88.7,1500,-1,1486,chopped_padded
4436,88.72,1500,-1,0,chopped
4437,88.74,1500,-1,1486,chopped_padded
4438,88.76,1500,-1,243,padded
4439,88.78,1500,1,1434,padded
4440,88.8,1500,1,1434,padded
4441,88.82,1500,1,1434,padded
4442,88.84,1500,-1,0,chopped
4443,88.86,1500,-1,1486,chopped_padded
4444,88.88,1500,-1,0,chopped
4445,88.9,1500,-1,1486,chopped_padded
4446,88.92,1500,-1,197,padded
4447,88.94,1500,-1,0,chopped
4448,88.96,1500,-1,1486,chopped_padded
4449,88.98,1500,-1,0,chopped
4450,89.0,1500,-1,1486,chopped_padded
4451,89.02,1500,-1,197,padded
4452,89.04,1500,-1,0,chopped
4453,89.06,1500,-1,1486,chopped_padded
4454,89.08,1500,-1,0,chopped
4455,89.1,1500,-1,1486,chopped_padded
4456,89.12,1500,-1,197,padded
4457,89.14,1500,-1,0,chopped
4458,89.16,1500,-1,1486,chopped_padded
4459,89.18,1500,1,1434,padded
4460,89.2,1500,1,1434,padded
4461,89.22,1500,1,1434,padded
4462,89.24,1500,1,1434,padded
4463,89.26,1500,1,1434,padded
4464,89.28,1500,1,1434,padded
4465,89.3,1500,1,1434,padded
4466,89.32,1500,1,1434,padded
4467,89.34,1500,1,1434,padded
4468,89.36,1500,1,1434,padded
4469,89.38,1500,-1,0,chopped
4470,89.4,1500,-1,1486,chopped_padded
4471,89.42,1500,-1,921,padded
4472,89.44,1500,1,1434,padded
4473,89.46,1500,1,1434,padded
4474,89.48,1500,-1,0,chopped
4475,89.5,1500,-1,1486,chopped_padded
4476,89.52,1500,-1,0,chopped
4477,89.54,1500,-1,1486,chopped_padded
4478,89.56,1500,-1,197,padded
4479,89.58,1500,-1,0,chopped
4480,89.6,1500,-1,1486,chopped_padded
4481,89.62,1500,-1,0,chopped
4482,89.64,1500,-1,1486,chopped_padded
4483,89.66,1500,-1,197,padded
4484,89.68,1500,-1,0,chopped
4485,89.7,1500,-1,1486,chopped_padded
4486,89.72,1500,-1,0,chopped
4487,89.74,1500,-1,1486,chopped_padded
4488,89.76,1500,-1,197,padded
4489,89.78,1500,1,1434,padded
4490,89.8,1500,1,1434,padded
4491,89.82,1500,1,1434,padded
4492,89.84,1500,1,1434,padded
4493,89.86,1500,1,1434,padded
4494,89.88,1500,1,1434,padded
4495,89.9,1500,1,1434,padded
4496,89.92,1500,1,1434,padded
4497,89.94,1500,1,1434,padded
4498,89.96,1500,-1,0,chopped
4499,89.98,1500,-1,1486,chopped_padded
4500,90.0,1500,-1,518,padded
4501,90.02,1500,1,1434,padded
4502,90.04,1500,1,1434,padded
4503,90.06,1500,-1,0,chopped
4504,90.08,1500,-1,1486,chopped_padded
4505,90.1,1500,-1,0,chopped
4506,90.12,1500,-1,1486,chopped_padded
4507,90.14,1500,-1,197,padded
4508,90.16,1500,-1,0,chopped
4509,90.18,1500,-1,1486,chopped_padded
4510,90.2,1500,-1,0,chopped
4511,90.22,1500,-1,1486,chopped_padded
4512,90.24,1500,-1,197,padded
4513,90.26,1500,-1,0,chopped
4514,90.28,1500,-1,1486,chopped_padded
4515,90.3,1500,-1,0,chopped
4516,90.32,1500,-1,1486,chopped_padded
4517,90.34,1500,-1,197,padded
4518,90.36,1500,-1,0,chopped
4519,90.38,1500,-1,1486,chopped_padded
4520,90.4,1500,1,1434,padded
4521,90.42,1500,1,1434,padded
4522,90.44,1500,1,1434,padded
4523,90.46,1500,1,1434,padded
4524,90.48,1500,1,1434,padded
4525,90.5,1500,1,1434,padded
4526,90.52,1500,1,1434,padded
4527,90.54,1500,1,1434,padded
4528,90.56,1500,1,1434,padded
4529,90.58,1500,1,1434,padded
4530,90.6,1500,-1,0,chopped
4531,90.62,1500,-1,1486,chopped_padded
4532,90.64,1500,-1,0,chopped
4533,90.66,1500,-1,1486,chopped_padded
4534,90.68,1500,-1,1287,padded
4535,90.7,1500,1,1434,padded
4536,90.72,1500,1,1434,padded
4537,90.74,1500,1,1434,padded
4538,90.76,1500,-1,0,chopped
4539,90.78,1500,-1,1486,chopped_padded
4540,90.8,1500,-1,0,chopped
4541,90.82,1500,-1,1486,chopped_padded
4542,90.84,1500,-1,197,padded
4543,90.86,1500,-1,0,chopped
4544,90.88,1500,-1,1486,chopped_padded
4545,90.9,1500,-1,0,chopped
4546,90.92,1500,-1,1486,chopped_padded
4547,90.94,1500,-1,197,padded
4548,90.96,1500,-1,0,chopped
4549,90.98,1500,-1,1486,chopped_padded
4550,91.0,1500,-1,0,chopped
4551,91.02,1500,-1,1486,chopped_padded
4552,91.04,1500,-1,197,padded
4553,91.06,1500,-1,0,chopped
4554,91.08,1500,-1,1486,chopped_padded
4555,91.1,1500,1,1434,padded
4556,91.12,1500,1,1434,padded
4557,91.14,1500,1,1434,padded
4558,91.16,1500,1,1434,padded
4559,91.18,1500,1,1434,padded
4560,91.2,1500,1,1434,padded
4561,91.22,1500,1,1434,padded
4562,91.24,1500,1,1434,padded
4563,91.26,1500,1,1434,padded
4564,91.28,1500,1,1434,padded
4565,91.3,1500,-1,0,chopped
4566,91.32,1500,-1,1486,chopped_padded
4567,91.34,1500,-1,0,chopped
4568,91.36,1500,-1,1486,chopped_padded
4569,91.38,1500,-1,1288,padded
4570,91.4,1500,1,1434,padded
4571,91.42,1500,1,1434,padded
4572,91.44,1500,1,1434,padded
4573,91.46,1500,-1,0,chopped
4574,91.48,1500,-1,1486,chopped_padded
4575,91.5,1500,-1,0,chopped
4576,91.52,1500,-1,1486,chopped_padded
4577,91.54,1500,-1,197,padded
4578,91.56,1500,-1,0,chopped
4579,91.58,1500,-1,1486,chopped_padded
4580,91.6,1500,-1,0,chopped
4581,91.62,1500,-1,1486,chopped_padded
4582,91.64,1500,-1,197,padded
4583,91.66,1500,-1,0,chopped
4584,91.68,1500,-1,1486,chopped_padded
4585,91.7,1500,-1,0,chopped
4586,91.72,1500,-1,1486,chopped_padded
4587,91.74,1500,-1,197,padded
4588,91.76,1500,-1,0,chopped
4589,91.78,1500,-1,1486,chopped_padded
4590,91.8,1500,1,1434,padded
4591,91.82,1500,1,1434,padded
4592,91.84,1500,1,1434,padded
4593,91.86,1500,1,1434,padded
4594,91.88,1500,1,1434,padded
4595,91.9,1500,1,1434,padded
4596,91.92,1500,1,1434,padded
4597,91.94,1500,1,1434,padded
4598,91.96,1500,1,1434,padded
4599,91.98,1500,1,1434,padded
4600,92.0,1500,-1,0,chopped
4601,92.02,1500,-1,1486,chopped_padded
4602,92.04,1500,-1,0,chopped
4603,92.06,1500,-1,1486,chopped_padded
4604,92.08,1500,1,1434,padded
4605,92.1,1500,1,1434,padded
4606,92.12,1500,-1,1288,padded
4607,92.14,1500,1,1434,padded
4608,92.16,1500,-1,0,chopped
4609,92.18,1500,-1,1486,chopped_padded
4610,92.2,1500,-1,0,chopped
4611,92.22,1500,-1,1486,chopped_padded
4612,92.24,1500,-1,197,padded
4613,92.26,1500,-1,0,chopped
4614,92.28,1500,-1,1486,chopped_padded
4615,92.3,1500,-1,580,padded
4616,92.32,1500,-1,0,chopped
4617,92.34,1500,-1,1486,chopped_padded
4618,92.36,1500,-1,0,chopped
4619,92.38,1500,-1,1486,chopped_padded
4620,92.4,1500,-1,197,padded
4621,92.42,1500,-1,0,chopped
4622,92.44,1500,-1,1486,chopped_padded
4623,92.46,1500,-1,0,chopped
4624,92.48,1500,-1,1486,chopped_padded
4625,92.5,1500,1,1434,padded
4626,92.52,1500,1,1434,padded
4627,92.54,1500,1,1434,padded
4628,92.56,1500,1,1434,padded
4629,92.58,1500,1,1434,padded
4630,92.6,1500,1,1434,padded
4631,92.62,1500,1,1434,padded
4632,92.64,1500,1,1434,padded
4633,92.66,1500,1,1434,padded
4634,92.68,1500,1,1434,padded
4635,92.7,1500,-1,0,chopped
4636,92.72,1500,-1,1486,chopped_padded
4637,92.74,1500,-1,502,padded
4638,92.76,1500,1,1434,padded
4639,92.78,1500,1,1434,padded
4640,92.8,1500,-1,0,chopped
4641,92.82,1500,-1,1486,chopped_padded
4642,92.84,1500,-1,0,chopped
4643,92.86,1500,-1,1486,chopped_padded
4644,92.88,1500,-1,197,padded
4645,92.9,1500,-1,0,chopped
4646,92.92,1500,-1,1486,chopped_padded
4647,92.94,1500,-1,0,chopped
4648,92.96,1500,-1,1486,chopped_padded
4649,92.98,1500,-1,197,padded
4650,93.0,1500,-1,0,chopped
4651,93.02,1500,-1,1486,chopped_padded
4652,93.04,1500,-1,0,chopped
4653,93.06,1500,-1,1486,chopped_padded
4654,93.08,1500,-1,197,padded
4655,93.1,1500,-1,0,chopped
4656,93.12,1500,-1,1486,chopped_padded
4657,93.14,1500,1,1402,padded
4658,93.16,1500,-1,1402,padded
4659,93.18,1500,1,1434,padded
4660,93.2,1500,1,1434,padded
4661,93.22,1500,1,1434,padded
4662,93.24,1500,1,1434,padded
4663,93.26,1500,1,1402,padded
4664,93.28,1500,-1,1402,padded
4665,93.3,1500,-1,0,chopped
4666,93.32,1500,-1,1486,chopped_padded
4667,93.34,1500,-1,0,chopped
4668,93.36,1500,-1,1486,chopped_padded
4669,93.38,1500,-1,1288,padded
4670,93.4,1500,1,1434,padded
4671,93.42,1500,1,1402,padded
4672,93.44,1500,-1,1402,padded
4673,93.46,1500,1,1402,padded
4674,93.48,1500,-1,1402,padded
4675,93.5,1500,1,1402,padded
4676,93.52,1500,-1,1402,padded
4677,93.54,1500,1,1402,padded
4678,93.56,1500,-1,1402,padded
4679,93.58,1500,1,1402,padded
4680,93.6,1500,-1,1402,padded
4681,93.62,1500,1,1402,padded
4682,93.64,1500,-1,1402,padded
4683,93.66,1500,1,1402,padded
4684,93.68,1500,-1,1402,padded
4685,93.7,1500,1,1402,padded
4686,93.72,1500,-1,1402,padded
4687,93.74,1500,1,1411,padded
4688,93.76,1500,1,1434,padded
4689,93.78,1500,1,1434,padded
4690,93.8,1500,-1,1347,padded
4691,93.82,1500,1,1426,padded
4692,93.84,1500,-1,1426,padded
4693,93.86,1500,1,1434,padded
4694,93.88,1500,1,1244,padded
4695,93.9,1500,-1,1434,padded
4696,93.92,1500,-1,961,padded
4697,93.94,1500,1,1434,padded
4698,93.96,1500,1,1446,padded
4699,93.98,1500,1,1415,padded
4700,94.0,1500,-1,1347,padded
4701,94.02,1500,1,1426,padded
4702,94.04,1500,-1,1434,padded
4703,94.06,1500,1,1446,padded
4704,94.08,1500,1,1300,padded
4705,94.1,1500,1,1434,padded
4706,94.12,1500,-1,1440,padded
4707,94.14,1500,-1,1090,padded
4708,94.16,1500,-1,1027,padded
4709,94.18,1500,1,1446,padded
4710,94.2,1500,1,1446,padded
4711,94.22,1500,1,1422,padded
4712,94.24,1500,-1,0,chopped
4713,94.26,1500,-1,1486,chopped_padded
4714,94.28,1500,-1,0,chopped
4715,94.3,1500,-1,1486,chopped_padded
4716,94.32,1500,-1,197,padded
4717,94.34,1500,-1,0,chopped
4718,94.36,1500,-1,1486,chopped_padded
4719,94.38,1500,-1,0,chopped
4720,94.4,1500,-1,1486,chopped_padded
4721,94.42,1500,-1,197,padded
4722,94.44,1500,-1,0,chopped
4723,94.46,1500,-1,1486,chopped_padded
4724,94.48,1500,-1,0,chopped
4725,94.5,1500,-1,1486,chopped_padded
4726,94.52,1500,-1,197,padded
4727,94.54,1500,-1,1027,padded
4728,94.56,1500,1,1434,padded
4729,94.58,1500,-1,1390,padded
4730,94.6,1500,1,1434,padded
4731,94.62,1500,1,1410,padded
4732,94.64,1500,-1,0,chopped
4733,94.66,1500,-1,1486,chopped_padded
4734,94.68,1500,-1,517,padded
4735,94.7,1500,1,1434,padded
4736,94.72,1500,1,1434,padded
4737,94.74,1500,1,1446,padded
4738,94.76,1500,1,1434,padded
4739,94.78,1500,1,1446,padded
4740,94.8,1500,-1,0,chopped
4741,94.82,1500,-1,1486,chopped_padded
4742,94.84,1500,-1,0,chopped
4743,94.86,1500,-1,1486,chopped_padded
4744,94.88,1500,-1,197,padded
4745,94.9,1500,-1,0,chopped
4746,94.92,1500,-1,1486,chopped_padded
4747,94.94,1500,-1,0,chopped
4748,94.96,1500,-1,1486,chopped_padded
4749,94.98,1500,-1,197,padded
4750,95.0,1500,-1,0,chopped
4751,95.02,1500,-1,1486,chopped_padded
4752,95.04,1500,-1,0,chopped
4753,95.06,1500,-1,1486,chopped_padded
4754,95.08,1500,-1,197,padded
4755,95.1,1500,-1,0,chopped
4756,95.12,1500,-1,1486,chopped_padded
4757,95.14,1500,1,1434,padded
4758,95.16,1500,-1,0,chopped
4759,95.18,1500,-1,1486,chopped_padded
4760,95.2,1500,-1,921,padded
4761,95.22,1500,1,1434,padded
4762,95.24,1500,1,1434,padded
4763,95.26,1500,-1,0,chopped
4764,95.28,1500,-1,1486,chopped_padded
4765,95.3,1500,-1,0,chopped
4766,95.32,1500,-1,1486,chopped_padded
4767,95.34,1500,-1,197,padded
4768,95.36,1500,-1,0,chopped
4769,95.38,1500,-1,1486,chopped_padded
4770,95.4,1500,-1,0,chopped
4771,95.42,1500,-1,1486,chopped_padded
4772,95.44,1500,-1,197,padded
4773,95.46,1500,-1,0,chopped
4774,95.48,1500,-1,1486,chopped_padded
4775,95.5,1500,-1,0,chopped
4776,95.52,1500,-1,1486,chopped_padded
4777,95.54,1500,-1,197,padded
4778,95.56,1500,-1,0,chopped
4779,95.58,1500,-1,1486,chopped_padded
4780,95.6,1500,1,1434,padded
4781,95.62,1500,-1,0,chopped
4782,95.64,1500,-1,1486,chopped_padded
4783,95.66,1500,-1,0,chopped
4784,95.68,1500,-1,1486,chopped_padded
4785,95.7,1500,1,1434,padded
4786,95.72,1500,1,1446,padded
4787,95.74,1500,-1,1288,padded
4788,95.76,1500,1,1434,padded
4789,95.78,1500,-1,0,chopped
4790,95.8,1500,-1,1486,chopped_padded
4791,95.82,1500,-1,0,chopped
4792,95.84,1500,-1,1486,chopped_padded
4793,95.86,1500,-1,197,padded
4794,95.88,1500,-1,0,chopped
4795,95.9,1500,-1,1486,chopped_padded
4796,95.92,1500,-1,0,chopped
4797,95.94,1500,-1,1486,chopped_padded
4798,95.96,1500,-1,197,padded
4799,95.98,1500,-1,0,chopped
4800,96.0,1500,-1,1486,chopped_padded
4801,96.02,1500,-1,0,chopped
4802,96.04,1500,-1,1486,chopped_padded
4803,96.06,1500,-1,197,padded
4804,96.08,1500,-1,0,chopped
4805,96.1,1500,-1,1486,chopped_padded
4806,96.12,1500,1,1434,padded
4807,96.14,1500,-1,0,chopped
4808,96.16,1500,-1,1486,chopped_padded
4809,96.18,1500,-1,921,padded
4810,96.2,1500,1,1434,padded
4811,96.22,1500,-1,0,chopped
4812,96.24,1500,-1,1486,chopped_padded
4813,96.26,1500,-1,0,chopped
4814,96.28,1500,-1,1486,chopped_padded
4815,96.3,1500,-1,197,padded
4816,96.32,1500,-1,0,chopped
4817,96.34,1500,-1,1486,chopped_padded
4818,96.36,1500,-1,0,chopped
4819,96.38,1500,-1,1486,chopped_padded
4820,96.4,1500,-1,197,padded
4821,96.42,1500,-1,0,chopped
4822,96.44,1500,-1,1486,chopped_padded
4823,96.46,1500,-1,0,chopped
4824,96.48,1500,-1,1486,chopped_padded
4825,96.5,1500,-1,197,padded
4826,96.52,1500,-1,0,chopped
4827,96.54,1500,-1,1486,chopped_padded
4828,96.56,1500,1,1434,padded
4829,96.58,1500,1,1434,padded
4830,96.6,1500,-1,0,chopped
4831,96.62,1500,-1,1486,chopped_padded
4832,96.64,1500,-1,0,chopped
4833,96.66,1500,-1,1486,chopped_padded
4834,96.68,1500,1,1434,padded
4835,96.7,1500,-1,1288,padded
4836,96.72,1500,1,1434,padded
4837,96.74,1500,1,1446,padded
4838,96.76,1500,-1,0,chopped
4839,96.78,1500,-1,1486,chopped_padded
4840,96.8,1500,-1,0,chopped
4841,96.82,1500,-1,1486,chopped_padded
4842,96.84,1500,-1,197,padded
4843,96.86,1500,-1,0,chopped
4844,96.88,1500,-1,1486,chopped_padded
4845,96.9,1500,-1,0,chopped
4846,96.92,1500,-1,1486,chopped_padded
4847,96.94,1500,-1,197,padded
4848,96.96,1500,-1,0,chopped
4849,96.98,1500,-1,1486,chopped_padded
4850,97.0,1500,-1,0,chopped
4851,97.02,1500,-1,1486,chopped_padded
4852,97.04,1500,-1,197,padded
4853,97.06,1500,1,1434,padded
4854,97.08,1500,-1,0,chopped
4855,97.1,1500,-1,1486,chopped_padded
4856,97.12,1500,-1,517,padded
4857,97.14,1500,1,1434,padded
4858,97.16,1500,1,1434,padded
4859,97.18,1500,-1,0,chopped
4860,97.2,1500,-1,1486,chopped_padded
4861,97.22,1500,-1,0,chopped
4862,97.24,1500,-1,1486,chopped_padded
4863,97.26,1500,-1,197,padded
4864,97.28,1500,-1,0,chopped
4865,97.3,1500,-1,1486,chopped_padded
4866,97.32,1500,-1,0,chopped
4867,97.34,1500,-1,1486,chopped_padded
4868,97.36,1500,-1,197,padded
4869,97.38,1500,-1,0,chopped
4870,97.4,1500,-1,1486,chopped_padded
4871,97.42,1500,-1,0,chopped
4872,97.44,1500,-1,1486,chopped_padded
4873,97.46,1500,-1,197,padded
4874,97.48,1500,-1,0,chopped
4875,97.5,1500,-1,1486,chopped_padded
4876,97.52,1500,1,1434,padded
4877,97.54,1500,-1,0,chopped
4878,97.56,1500,-1,1486,chopped_padded
4879,97.58,1500,-1,0,chopped
4880,97.6,1500,-1,1486,chopped_padded
4881,97.62,1500,1,1434,padded
4882,97.64,1500,-1,1288,padded
4883,97.66,1500,1,1434,padded
4884,97.68,1500,-1,0,chopped
4885,97.7,1500,-1,1486,chopped_padded
4886,97.72,1500,-1,0,chopped
4887,97.74,1500,-1,1486,chopped_padded
4888,97.76,1500,-1,197,padded
4889,97.78,1500,-1,0,chopped
4890,97.8,1500,-1,1486,chopped_padded
4891,97.82,1500,-1,0,chopped
4892,97.84,1500,-1,1486,chopped_padded
4893,97.86,1500,-1,197,padded
4894,97.88,1500,-1,0,chopped
4895,97.9,1500,-1,1486,chopped_padded
4896,97.92,1500,-1,0,chopped
4897,97.94,1500,-1,1486,chopped_padded
4898,97.96,1500,-1,197,padded
4899,97.98,1500,-1,0,chopped
4900,98.0,1500,-1,1486,chopped_padded
4901,98.02,1500,-1,0,chopped
4902,98.04,1500,-1,1486,chopped_padded
4903,98.06,1500,1,1434,padded
4904,98.08,1500,-1,921,padded
4905,98.1,1500,1,1434,padded
4906,98.12,1500,-1,0,chopped
4907,98.14,1500,-1,1486,chopped_padded
4908,98.16,1500,-1,0,chopped
4909,98.18,1500,-1,1486,chopped_padded
4910,98.2,1500,-1,197,padded
4911,98.22,1500,-1,0,chopped
4912,98.24,1500,-1,1486,chopped_padded
4913,98.26,1500,-1,0,chopped
4914,98.28,1500,-1,1486,chopped_padded
4915,98.3,1500,-1,197,padded
4916,98.32,1500,-1,0,chopped
4917,98.34,1500,-1,1486,chopped_padded
4918,98.36,1500,-1,0,chopped
4919,98.38,1500,-1,1486,chopped_padded
4920,98.4,1500,-1,197,padded
4921,98.42,1500,-1,0,chopped
4922,98.44,1500,-1,1486,chopped_padded
4923,98.46,1500,1,1434,padded
4924,98.48,1500,-1,0,chopped
4925,98.5,1500,-1,1486,chopped_padded
4926,98.52,1500,-1,921,padded
4927,98.54,1500,1,1434,padded
4928,98.56,1500,1,1434,padded
4929,98.58,1500,1,1434,padded
4930,98.6,1500,-1,0,chopped
4931,98.62,1500,-1,1486,chopped_padded
4932,98.64,1500,-1,0,chopped
4933,98.66,1500,-1,1486,chopped_padded
4934,98.68,1500,-1,197,padded
4935,98.7,1500,-1,0,chopped
4936,98.72,1500,-1,1486,chopped_padded
4937,98.74,1500,-1,0,chopped
4938,98.76,1500,-1,1486,chopped_padded
4939,98.78,1500,-1,197,padded
4940,98.8,1500,-1,0,chopped
4941,98.82,1500,-1,1486,chopped_padded
4942,98.84,1500,-1,0,chopped
4943,98.86,1500,-1,1486,chopped_padded
4944,98.88,1500,-1,197,padded
4945,98.9,1500,-1,0,chopped
4946,98.92,1500,-1,1486,chopped_padded
4947,98.94,1500,1,1434,padded
4948,98.96,1500,-1,0,chopped
4949,98.98,1500,-1,1486,chopped_padded
4950,99.0,1500,-1,922,padded
4951,99.02,1500,1,1434,padded
4952,99.04,1500,1,1446,padded
4953,99.06,1500,-1,0,chopped
4954,99.08,1500,-1,1486,chopped_padded
4955,99.1,1500,-1,0,chopped
4956,99.12,1500,-1,1486,chopped_padded
4957,99.14,1500,-1,197,padded
4958,99.16,1500,-1,0,chopped
4959,99.18,1500,-1,1486,chopped_padded
4960,99.2,1500,-1,0,chopped
4961,99.22,1500,-1,1486,chopped_padded
4962,99.24,1500,-1,197,padded
4963,99.26,1500,-1,0,chopped
4964,99.28,1500,-1,1486,chopped_padded
4965,99.3,1500,-1,0,chopped
4966,99.32,1500,-1,1486,chopped_padded
4967,99.34,1500,-1,197,padded
4968,99.36,1500,-1,0,chopped
4969,99.38,1500,-1,1486,chopped_padded
4970,99.4,1500,1,1434,padded
4971,99.42,1500,-1,0,chopped
4972,99.44,1500,-1,1486,chopped_padded
4973,99.46,1500,-1,0,chopped
4974,99.48,1500,-1,1486,chopped_padded
4975,99.5,1500,1,1434,padded
4976,99.52,1500,-1,1287,padded
4977,99.54,1500,1,1434,padded
4978,99.56,1500,-1,0,chopped
4979,99.58,1500,-1,1486,chopped_padded
4980,99.6,1500,-1,0,chopped
4981,99.62,1500,-1,1486,chopped_padded
4982,99.64,1500,-1,197,padded
4983,99.66,1500,-1,0,chopped
4984,99.68,1500,-1,1486,chopped_padded
4985,99.7,1500,-1,0,chopped
4986,99.72,1500,-1,1486,chopped_padded
4987,99.74,1500,-1,197,padded
4988,99.76,1500,-1,0,chopped
4989,99.78,1500,-1,1486,chopped_padded
4990,99.8,1500,-1,0,chopped
4991,99.82,1500,-1,1486,chopped_padded
4992,99.84,1500,-1,197,padded
4993,99.86,1500,-1,0,chopped
4994,99.88,1500,-1,1486,chopped_padded
4995,99.9,1500,1,1434,padded
4996,99.92,1500,-1,0,chopped
4997,99.94,1500,-1,1486,chopped_padded
4998,99.96,1500,-1,921,padded
4999,99.98,1500,1,1434,padded
5000,100.0,1500,1,1434,padded
5001,100.02,1500,-1,0,chopped
5002,100.04,1500,-1,1486,chopped_padded
5003,100.06,1500,-1,0,chopped
5004,100.08,1500,-1,1486,chopped_padded
5005,100.1,1500,-1,197,padded
5006,100.12,1500,-1,0,chopped
5007,100.14,1500,-1,1486,chopped_padded
5008,100.16,1500,-1,0,chopped
5009,100.18,1500,-1,1486,chopped_padded
5010,100.2,1500,-1,197,padded
5011,100.22,1500,-1,0,chopped
5012,100.24,1500,-1,1486,chopped_padded
5013,100.26,1500,-1,0,chopped
5014,100.28,1500,-1,1486,chopped_padded
5015,100.3,1500,-1,197,padded
5016,100.32,1500,-1,0,chopped
5017,100.34,1500,-1,1486,chopped_padded
5018,100.36,1500,1,1434,padded
5019,100.38,1500,-1,0,chopped
5020,100.4,1500,-1,1486,chopped_padded
5021,100.42,1500,-1,0,chopped
5022,100.44,1500,-1,1486,chopped_padded
5023,100.46,1500,1,1434,padded
5024,100.48,1500,-1,1288,padded
5025,100.5,1500,1,1434,padded
5026,100.52,1500,-1,0,chopped
5027,100.54,1500,-1,1486,chopped_padded
5028,100.56,1500,-1,0,chopped
5029,100.58,1500,-1,1486,chopped_padded
5030,100.6,1500,-1,197,padded
5031,100.62,1500,-1,0,chopped
5032,100.64,1500,-1,1486,chopped_padded
5033,100.66,1500,-1,0,chopped
5034,100.68,1500,-1,1486,chopped_padded
5035,100.7,1500,-1,197,padded
5036,100.72,1500,-1,0,chopped
5037,100.74,1500,-1,1486,chopped_padded
5038,100.76,1500,-1,0,chopped
5039,100.78,1500,-1,1486,chopped_padded
5040,100.8,1500,-1,197,padded
5041,100.82,1500,-1,114,padded
5042,100.84,1500,1,1434,padded
5043,100.86,1500,1,1434,padded
5044,100.88,1500,-1,0,chopped
5045,100.9,1500,-1,1486,chopped_padded
5046,100.92,1500,-1,0,chopped
5047,100.94,1500,-1,1486,chopped_padded
5048,100.96,1500,-1,197,padded
5049,100.98,1500,-1,0,chopped
5050,101.0,1500,-1,1486,chopped_padded
5051,101.02,1500,-1,0,chopped
5052,101.04,1500,-1,1486,chopped_padded
5053,101.06,1500,-1,197,padded
5054,101.08,1500,-1,0,chopped
5055,101.1,1500,-1,1486,chopped_padded
5056,101.12,1500,-1,0,chopped
5057,101.14,1500,-1,1486,chopped_padded
5058,101.16,1500,-1,197,padded
5059,101.18,1500,-1,0,chopped
5060,101.2,1500,-1,1486,chopped_padded
5061,101.22,1500,1,1434,padded
5062,101.24,1500,-1,0,chopped
5063,101.26,1500,-1,1486,chopped_padded
5064,101.28,1500,-1,0,chopped
5065,101.3,1500,-1,1486,chopped_padded
5066,101.32,1500,1,1434,padded
5067,101.34,1500,-1,0,chopped
5068,101.36,1500,-1,1486,chopped_padded
5069,101.38,1500,-1,0,chopped
5070,101.4,1500,-1,1486,chopped_padded
5071,101.42,1500,-1,1051,padded
5072,101.44,1500,1,1434,padded
5073,101.46,1500,1,1434,padded
5074,101.48,1500,-1,0,chopped
5075,101.5,1500,-1,1486,chopped_padded
5076,101.52,1500,-1,0,chopped
5077,101.54,1500,-1,1486,chopped_padded
5078,101.56,1500,-1,197,padded
5079,101.58,1500,-1,0,chopped
5080,101.6,1500,-1,1486,chopped_padded
5081,101.62,1500,-1,0,chopped
5082,101.64,1500,-1,1486,chopped_padded
5083,101.66,1500,-1,197,padded
5084,101.68,1500,-1,0,chopped
5085,101.7,1500,-1,1486,chopped_padded
5086,101.72,1500,-1,0,chopped
5087,101.74,1500,-1,1486,chopped_padded
5088,101.76,1500,-1,197,padded
5089,101.78,1500,-1,114,padded
5090,101.8,1500,1,1434,padded
5091,101.82,1500,1,1434,padded
5092,101.84,1500,1,1434,padded
5093,101.86,1500,-1,0,chopped
5094,101.88,1500,-1,1486,chopped_padded
5095,101.9,1500,-1,0,chopped
5096,101.92,1500,-1,1486,chopped_padded
5097,101.94,1500,-1,197,padded
5098,101.96,1500,-1,0,chopped
5099,101.98,1500,-1,1486,chopped_padded
5100,102.0,1500,-1,0,chopped
5101,102.02,1500,-1,1486,chopped_padded
5102,102.04,1500,-1,197,padded
5103,102.06,1500,-1,0,chopped
5104,102.08,1500,-1,1486,chopped_padded
5105,102.1,1500,-1,0,chopped
5106,102.12,1500,-1,1486,chopped_padded
5107,102.14,1500,-1,197,padded
5108,102.16,1500,-1,0,chopped
5109,102.18,1500,-1,1486,chopped_padded
5110,102.2,1500,1,1434,padded
5111,102.22,1500,-1,0,chopped
5112,102.24,1500,-1,1486,chopped_padded
5113,102.26,1500,-1,0,chopped
5114,102.28,1500,-1,1486,chopped_padded
5115,102.3,1500,1,1434,padded
5116,102.32,1500,-1,243,padded
5117,102.34,1500,1,1434,padded
5118,102.36,1500,-1,0,chopped
5119,102.38,1500,-1,1486,chopped_padded
5120,102.4,1500,-1,0,chopped
5121,102.42,1500,-1,1486,chopped_padded
5122,102.44,1500,-1,197,padded
5123,102.46,1500,-1,0,chopped
5124,102.48,1500,-1,1486,chopped_padded
5125,102.5,1500,-1,0,chopped
5126,102.52,1500,-1,1486,chopped_padded
5127,102.54,1500,-1,197,padded
5128,102.56,1500,-1,0,chopped
5129,102.58,1500,-1,1486,chopped_padded
5130,102.6,1500,-1,0,chopped
5131,102.62,1500,-1,1486,chopped_padded
5132,102.64,1500,-1,197,padded
5133,102.66,1500,1,1434,padded
5134,102.68,1500,-1,0,chopped
5135,102.7,1500,-1,1486,chopped_padded
5136,102.72,1500,-1,517,padded
5137,102.74,1500,1,1434,padded
5138,102.76,1500,1,1434,padded
5139,102.78,1500,-1,0,chopped
5140,102.8,1500,-1,1486,chopped_padded
5141,102.82,1500,-1,0,chopped
5142,102.84,1500,-1,1486,chopped_padded
5143,102.86,1500,-1,197,padded
5144,102.88,1500,-1,0,chopped
5145,102.9,1500,-1,1486,chopped_padded
5146,102.92,1500,-1,0,chopped
5147,102.94,1500,-1,1486,chopped_padded
5148,102.96,1500,-1,197,padded
5149,102.98,1500,-1,0,chopped
5150,103.0,1500,-1,1486,chopped_padded
5151,103.02,1500,-1,0,chopped
5152,103.04,1500,-1,1486,chopped_padded
5153,103.06,1500,-1,197,padded
5154,103.08,1500,-1,0,chopped
5155,103.1,1500,-1,1486,chopped_padded
5156,103.12,1500,1,1434,padded
5157,103.14,1500,-1,0,chopped
5158,103.16,1500,-1,1486,chopped_padded
5159,103.18,1500,-1,922,padded
5160,103.2,1500,1,1434,padded
5161,103.22,1500,1,1434,padded
5162,103.24,1500,-1,0,chopped
5163,103.26,1500,-1,1486,chopped_padded
5164,103.28,1500,-1,0,chopped
5165,103.3,1500,-1,1486,chopped_padded
5166,103.32,1500,-1,197,padded
5167,103.34,1500,-1,427,padded
5168,103.36,1500,-1,0,chopped
5169,103.38,1500,-1,1486,chopped_padded
5170,103.4,1500,-1,0,chopped
5171,103.42,1500,-1,1486,chopped_padded
5172,103.44,1500,-1,197,padded
5173,103.46,1500,-1,0,chopped
5174,103.48,1500,-1,1486,chopped_padded
5175,103.5,1500,-1,0,chopped
5176,103.52,1500,-1,1486,chopped_padded
5177,103.54,1500,-1,197,padded
5178,103.56,1500,1,1434,padded
5179,103.58,1500,-1,0,chopped
5180,103.6,1500,-1,1486,chopped_padded
5181,103.62,1500,-1,0,chopped
5182,103.64,1500,-1,1486,chopped_padded
5183,103.66,1500,1,1434,padded
5184,103.68,1500,-1,847,padded
5185,103.7,1500,1,1434,padded
5186,103.72,1500,1,1446,padded
5187,103.74,1500,-1,0,chopped
5188,103.76,1500,-1,1486,chopped_padded
5189,103.78,1500,-1,0,chopped
5190,103.8,1500,-1,1486,chopped_padded
5191,103.82,1500,-1,197,padded
5192,103.84,1500,-1,0,chopped
5193,103.86,1500,-1,1486,chopped_padded
5194,103.88,1500,-1,0,chopped
5195,103.9,1500,-1,1486,chopped_padded
5196,103.92,1500,-1,197,padded
5197,103.94,1500,-1,0,chopped
5198,103.96,1500,-1,1486,chopped_padded
5199,103.98,1500,-1,0,chopped
5200,104.0,1500,-1,1486,chopped_padded
5201,104.02,1500,-1,197,padded
5202,104.04,1500,-1,0,chopped
5203,104.06,1500,-1,1486,chopped_padded
5204,104.08,1500,1,1434,padded
5205,104.1,1500,-1,0,chopped
5206,104.12,1500,-1,1486,chopped_padded
5207,104.14,1500,-1,921,padded
5208,104.16,1500,1,1434,padded
5209,104.18,1500,-1,0,chopped
5210,104.2,1500,-1,1486,chopped_padded
5211,104.22,1500,-1,0,chopped
5212,104.24,1500,-1,1486,chopped_padded
5213,104.26,1500,-1,197,padded
5214,104.28,1500,-1,0,chopped
5215,104.3,1500,-1,1486,chopped_padded
5216,104.32,1500,-1,0,chopped
5217,104.34,1500,-1,1486,chopped_padded
5218,104.36,1500,-1,197,padded
5219,104.38,1500,-1,0,chopped
5220,104.4,1500,-1,1486,chopped_padded
5221,104.42,1500,-1,0,chopped
5222,104.44,1500,-1,1486,chopped_padded
5223,104.46,1500,-1,197,padded
5224,104.48,1500,-1,0,chopped
5225,104.5,1500,-1,1486,chopped_padded
5226,104.52,1500,1,1434,padded
5227,104.54,1500,-1,0,chopped
5228,104.56,1500,-1,1486,chopped_padded
5229,104.58,1500,-1,922,padded
5230,104.6,1500,1,1434,padded
5231,104.62,1500,-1,0,chopped
5232,104.64,1500,-1,1486,chopped_padded
5233,104.66,1500,-1,0,chopped
5234,104.68,1500,-1,1486,chopped_padded
5235,104.7,1500,-1,197,padded
5236,104.72,1500,-1,0,chopped
5237,104.74,1500,-1,1486,chopped_padded
5238,104.76,1500,-1,0,chopped
5239,104.78,1500,-1,1486,chopped_padded
5240,104.8,1500,-1,197,padded
5241,104.82,1500,-1,0,chopped
5242,104.84,1500,-1,1486,chopped_padded
5243,104.86,1500,-1,0,chopped
5244,104.88,1500,-1,1486,chopped_padded
5245,104.9,1500,-1,197,padded
5246,104.92,1500,-1,0,chopped
5247,104.94,1500,-1,1486,chopped_padded
5248,104.96,1500,1,1434,padded
5249,104.98,1500,-1,0,chopped
5250,105.0,1500,-1,1486,chopped_padded
5251,105.02,1500,-1,0,chopped
5252,105.04,1500,-1,1486,chopped_padded
5253,105.06,1500,1,1434,padded
5254,105.08,1500,-1,243,padded
5255,105.1,1500,1,1434,padded
5256,105.12,1500,-1,0,chopped
5257,105.14,1500,-1,1486,chopped_padded
5258,105.16,1500,-1,0,chopped
5259,105.18,1500,-1,1486,chopped_padded
5260,105.2,1500,-1,197,padded
5261,105.22,1500,-1,0,chopped
5262,105.24,1500,-1,1486,chopped_padded
5263,105.26,1500,-1,0,chopped
5264,105.28,1500,-1,1486,chopped_padded
5265,105.3,1500,-1,197,padded
5266,105.32,1500,-1,0,chopped
5267,105.34,1500,-1,1486,chopped_padded
5268,105.36,1500,-1,0,chopped
5269,105.38,1500,-1,1486,chopped_padded
5270,105.4,1500,-1,197,padded
5271,105.42,1500,1,1434,padded
5272,105.44,1500,-1,0,chopped
5273,105.46,1500,-1,1486,chopped_padded
5274,105.48,1500,-1,517,padded
5275,105.5,1500,1,1434,padded
5276,105.52,1500,1,1434,padded
5277,105.54,1500,-1,0,chopped
5278,105.56,1500,-1,1486,chopped_padded
5279,105.58,1500,-1,0,chopped
5280,105.6,1500,-1,1486,chopped_padded
5281,105.62,1500,-1,197,padded
5282,105.64,1500,-1,0,chopped
5283,105.66,1500,-1,1486,chopped_padded
5284,105.68,1500,-1,0,chopped
5285,105.7,1500,-1,1486,chopped_padded
5286,105.72,1500,-1,197,padded
5287,105.74,1500,-1,0,chopped
5288,105.76,1500,-1,1486,chopped_padded
5289,105.78,1500,-1,0,chopped
5290,105.8,1500,-1,1486,chopped_padded
5291,105.82,1500,-1,197,padded
5292,105.84,1500,-1,0,chopped
5293,105.86,1500,-1,1486,chopped_padded
5294,105.88,1500,1,1434,padded
5295,105.9,1500,-1,0,chopped
5296,105.92,1500,-1,1486,chopped_padded
5297,105.94,1500,-1,922,padded
5298,105.96,1500,1,1434,padded
5299,105.98,1500,1,1434,padded
5300,106.0,1500,-1,0,chopped
5301,106.02,1500,-1,1486,chopped_padded
5302,106.04,1500,-1,0,chopped
5303,106.06,1500,-1,1486,chopped_padded
5304,106.08,1500,-1,197,padded
5305,106.1,1500,-1,0,chopped
5306,106.12,1500,-1,1486,chopped_padded
5307,106.14,1500,-1,0,chopped
5308,106.16,1500,-1,1486,chopped_padded
5309,106.18,1500,-1,197,padded
5310,106.2,1500,-1,0,chopped
5311,106.22,1500,-1,1486,chopped_padded
5312,106.24,1500,-1,0,chopped
5313,106.26,1500,-1,1486,chopped_padded
5314,106.28,1500,-1,197,padded
5315,106.3,1500,-1,0,chopped
5316,106.32,1500,-1,1486,chopped_padded
5317,106.34,1500,1,1434,padded
5318,106.36,1500,1,1418,padded
5319,106.38,1500,-1,0,chopped
5320,106.4,1500,-1,1486,chopped_padded
5321,106.42,1500,-1,921,padded
5322,106.44,1500,1,1434,padded
5323,106.46,1500,-1,1402,padded
5324,106.48,1500,1,1426,padded
5325,106.5,1500,1,1434,padded
5326,106.52,1500,-1,1434,padded
5327,106.54,1500,1,1446,padded
5328,106.56,1500,1,1289,padded
5329,106.58,1500,-1,1440,padded
5330,106.6,1500,-1,1075,padded
5331,106.62,1500,1,1446,padded
5332,106.64,1500,-1,1440,padded
5333,106.66,1500,-1,0,chopped
5334,106.68,1500,-1,1486,chopped_padded
5335,106.7,1500,-1,0,chopped
5336,106.72,1500,-1,1486,chopped_padded
5337,106.74,1500,-1,197,padded
5338,106.76,1500,-1,0,chopped
5339,106.78,1500,-1,1486,chopped_padded
5340,106.8,1500,-1,0,chopped
5341,106.82,1500,-1,1486,chopped_padded
5342,106.84,1500,-1,197,padded
5343,106.86,1500,-1,0,chopped
5344,106.88,1500,-1,1486,chopped_padded
5345,106.9,1500,-1,0,chopped
5346,106.92,1500,-1,1486,chopped_padded
5347,106.94,1500,-1,197,padded
5348,106.96,1500,-1,0,chopped
5349,106.98,1500,-1,1486,chopped_padded
5350,107.0,1500,1,1434,padded
5351,107.02,1500,-1,0,chopped
5352,107.04,1500,-1,1486,chopped_padded
5353,107.06,1500,-1,0,chopped
5354,107.08,1500,-1,1486,chopped_padded
5355,107.1,1500,1,1434,padded
5356,107.12,1500,-1,1287,padded
5357,107.14,1500,1,1434,padded
5358,107.16,1500,-1,0,chopped
5359,107.18,1500,-1,1486,chopped_padded
5360,107.2,1500,-1,0,chopped
5361,107.22,1500,-1,1486,chopped_padded
5362,107.24,1500,-1,197,padded
5363,107.26,1500,-1,0,chopped
5364,107.28,1500,-1,1486,chopped_padded
5365,107.3,1500,-1,0,chopped
5366,107.32,1500,-1,1486,chopped_padded
5367,107.34,1500,-1,197,padded
5368,107.36,1500,-1,0,chopped
5369,107.38,1500,-1,1486,chopped_padded
5370,107.4,1500,-1,1270,padded
5371,107.42,1500,-1,0,chopped
5372,107.44,1500,-1,1486,chopped_padded
5373,107.46,1500,-1,0,chopped
5374,107.48,1500,-1,1486,chopped_padded
5375,107.5,1500,1,1434,padded
5376,107.52,1500,-1,0,chopped
5377,107.54,1500,-1,1486,chopped_padded
5378,107.56,1500,-1,0,chopped
5379,107.58,1500,-1,1486,chopped_padded
5380,107.6,1500,1,1434,padded
5381,107.62,1500,-1,216,padded
5382,107.64,1500,1,1434,padded
5383,107.66,1500,-1,0,chopped
5384,107.68,1500,-1,1486,chopped_padded
5385,107.7,1500,-1,0,chopped
5386,107.72,1500,-1,1486,chopped_padded
5387,107.74,1500,-1,197,padded
5388,107.76,1500,-1,0,chopped
5389,107.78,1500,-1,1486,chopped_padded
5390,107.8,1500,-1,0,chopped
5391,107.82,1500,-1,1486,chopped_padded
5392,107.84,1500,-1,197,padded
5393,107.86,1500,-1,0,chopped
5394,107.88,1500,-1,1486,chopped_padded
5395,107.9,1500,-1,0,chopped
5396,107.92,1500,-1,1486,chopped_padded
5397,107.94,1500,-1,197,padded
5398,107.96,1500,-1,0,chopped
5399,107.98,1500,-1,1486,chopped_padded
5400,108.0,1500,1,1434,padded
5401,108.02,1500,-1,0,chopped
5402,108.04,1500,-1,1486,chopped_padded
5403,108.06,1500,-1,921,padded
5404,108.08,1500,1,1434,padded
5405,108.1,1500,1,1434,padded
5406,108.12,1500,-1,0,chopped
5407,108.14,1500,-1,1486,chopped_padded
5408,108.16,1500,-1,0,chopped
5409,108.18,1500,-1,1486,chopped_padded
5410,108.2,1500,-1,197,padded
5411,108.22,1500,-1,0,chopped
5412,108.24,1500,-1,1486,chopped_padded
5413,108.26,1500,-1,0,chopped
5414,108.28,1500,-1,1486,chopped_padded
5415,108.3,1500,-1,197,padded
5416,108.32,1500,-1,0,chopped
5417,108.34,1500,-1,1486,chopped_padded
5418,108.36,1500,-1,0,chopped
5419,108.38,1500,-1,1486,chopped_padded
5420,108.4,1500,-1,197,padded
5421,108.42,1500,1,1434,padded
5422,108.44,1500,-1,0,chopped
5423,108.46,1500,-1,1486,chopped_padded
5424,108.48,1500,-1,518,padded
5425,108.5,1500,1,1434,padded
5426,108.52,1500,-1,0,chopped
5427,108.54,1500,-1,1486,chopped_padded
5428,108.56,1500,-1,0,chopped
5429,108.58,1500,-1,1486,chopped_padded
5430,108.6,1500,-1,197,padded
5431,108.62,1500,-1,0,chopped
5432,108.64,1500,-1,1486,chopped_padded
5433,108.66,1500,-1,0,chopped
5434,108.68,1500,-1,1486,chopped_padded
5435,108.7,1500,-1,197,padded
5436,108.72,1500,-1,0,chopped
5437,108.74,1500,-1,1486,chopped_padded
5438,108.76,1500,-1,0,chopped
5439,108.78,1500,-1,1486,chopped_padded
5440,108.8,1500,-1,197,padded
5441,108.82,1500,-1,0,chopped
5442,108.84,1500,-1,1486,chopped_padded
5443,108.86,1500,1,1434,padded
5444,108.88,1500,1,1434,padded
5445,108.9,1500,-1,0,chopped
5446,108.92,1500,-1,1486,chopped_padded
5447,108.94,1500,-1,0,chopped
5448,108.96,1500,-1,1486,chopped_padded
5449,108.98,1500,-1,243,padded
5450,109.0,1500,1,1434,padded
5451,109.02,1500,-1,0,chopped
5452,109.04,1500,-1,1486,chopped_padded
5453,109.06,1500,-1,0,chopped
5454,109.08,1500,-1,1486,chopped_padded
5455,109.1,1500,-1,197,padded
5456,109.12,1500,-1,0,chopped
5457,109.14,1500,-1,1486,chopped_padded
5458,109.16,1500,-1,0,chopped
5459,109.18,1500,-1,1486,chopped_padded
5460,109.2,1500,-1,197,padded
5461,109.22,1500,-1,0,chopped
5462,109.24,1500,-1,1486,chopped_padded
5463,109.26,1500,-1,0,chopped
5464,109.28,1500,-1,1486,chopped_padded
5465,109.3,1500,-1,889,padded
5466,109.32,1500,-1,0,chopped
5467,109.34,1500,-1,1486,chopped_padded
5468,109.36,1500,1,1434,padded
5469,109.38,1500,-1,0,chopped
5470,109.4,1500,-1,1486,chopped_padded
5471,109.42,1500,-1,230,padded
5472,109.44,1500,1,1434,padded
5473,109.46,1500,1,1434,padded
5474,109.48,1500,-1,0,chopped
5475,109.5,1500,-1,1486,chopped_padded
5476,109.52,1500,-1,0,chopped
5477,109.54,1500,-1,1486,chopped_padded
5478,109.56,1500,-1,197,padded
5479,109.58,1500,-1,0,chopped
5480,109.6,1500,-1,1486,chopped_padded
5481,109.62,1500,-1,0,chopped
5482,109.64,1500,-1,1486,chopped_padded
5483,109.66,1500,-1,197,padded
5484,109.68,1500,-1,0,chopped
5485,109.7,1500,-1,1486,chopped_padded
5486,109.72,1500,-1,0,chopped
5487,109.74,1500,-1,1486,chopped_padded
5488,109.76,1500,-1,197,padded
5489,109.78,1500,-1,0,chopped
5490,109.8,1500,-1,1486,chopped_padded
5491,109.82,1500,1,1434,padded
5492,109.84,1500,-1,0,chopped
5493,109.86,1500,-1,1486,chopped_padded
5494,109.88,1500,-1,921,padded
5495,109.9,1500,1,1434,padded
5496,109.92,1500,1,1434,padded
5497,109.94,1500,-1,0,chopped
5498,109.96,1500,-1,1486,chopped_padded
5499,109.98,1500,-1,0,chopped
5500,110.0,1500,-1,1486,chopped_padded
5501,110.02,1500,-1,197,padded
5502,110.04,1500,-1,0,chopped
5503,110.06,1500,-1,1486,chopped_padded
5504,110.08,1500,-1,0,chopped
5505,110.1,1500,-1,1486,chopped_padded
5506,110.12,1500,-1,197,padded
5507,110.14,1500,-1,0,chopped
5508,110.16,1500,-1,1486,chopped_padded
5509,110.18,1500,-1,0,chopped
5510,110.2,1500,-1,1486,chopped_padded
5511,110.22,1500,-1,197,padded
5512,110.24,1500,-1,0,chopped
5513,110.26,1500,-1,1486,chopped_padded
5514,110.28,1500,1,1434,padded
5515,110.3,1500,-1,0,chopped
5516,110.32,1500,-1,1486,chopped_padded
5517,110.34,1500,-1,0,chopped
5518,110.36,1500,-1,1486,chopped_padded
5519,110.38,1500,-1,1288,padded
5520,110.4,1500,1,1434,padded
5521,110.42,1500,-1,0,chopped
5522,110.44,1500,-1,1486,chopped_padded
5523,110.46,1500,-1,0,chopped
5524,110.48,1500,-1,1486,chopped_padded
5525,110.5,1500,-1,197,padded
5526,110.52,1500,-1,0,chopped
5527,110.54,1500,-1,1486,chopped_padded
5528,110.56,1500,-1,0,chopped
5529,110.58,1500,-1,1486,chopped_padded
5530,110.6,1500,-1,197,padded
5531,110.62,1500,-1,0,chopped
5532,110.64,1500,-1,1486,chopped_padded
5533,110.66,1500,-1,0,chopped
5534,110.68,1500,-1,1486,chopped_padded
5535,110.7,1500,-1,197,padded
5536,110.72,1500,-1,0,chopped
5537,110.74,1500,-1,1486,chopped_padded
5538,110.76,1500,-1,518,padded
5539,110.78,1500,1,1434,padded
5540,110.8,1500,1,1434,padded
5541,110.82,1500,-1,0,chopped
5542,110.84,1500,-1,1486,chopped_padded
5543,110.86,1500,-1,0,chopped
5544,110.88,1500,-1,1486,chopped_padded
5545,110.9,1500,-1,197,padded
5546,110.92,1500,-1,0,chopped
5547,110.94,1500,-1,1486,chopped_padded
5548,110.96,1500,-1,0,chopped
5549,110.98,1500,-1,1486,chopped_padded
5550,111.0,1500,-1,197,padded
5551,111.02,1500,-1,0,chopped
5552,111.04,1500,-1,1486,chopped_padded
5553,111.06,1500,-1,0,chopped
5554,111.08,1500,-1,1486,chopped_padded
5555,111.1,1500,-1,197,padded
5556,111.12,1500,-1,0,chopped
5557,111.14,1500,-1,1486,chopped_padded
5558,111.16,1500,1,1434,padded
5559,111.18,1500,-1,0,chopped
5560,111.2,1500,-1,1486,chopped_padded
5561,111.22,1500,-1,0,chopped
5562,111.24,1500,-1,1486,chopped_padded
5563,111.26,1500,1,1434,padded
5564,111.28,1500,-1,1287,padded
5565,111.3,1500,1,1434,padded
5566,111.32,1500,-1,0,chopped
5567,111.34,1500,-1,1486,chopped_padded
5568,111.36,1500,-1,0,chopped
5569,111.38,1500,-1,1486,chopped_padded
5570,111.4,1500,-1,197,padded
5571,111.42,1500,-1,0,chopped
5572,111.44,1500,-1,1486,chopped_padded
5573,111.46,1500,-1,0,chopped
5574,111.48,1500,-1,1486,chopped_padded
5575,111.5,1500,-1,197,padded
5576,111.52,1500,-1,0,chopped
5577,111.54,1500,-1,1486,chopped_padded
5578,111.56,1500,1,1434,padded
5579,111.58,1500,1,1434,padded
5580,111.6,1500,-1,0,chopped
5581,111.62,1500,-1,1486,chopped_padded
5582,111.64,1500,-1,0,chopped
5583,111.66,1500,-1,1486,chopped_padded
5584,111.68,1500,-1,0,chopped
5585,111.7,1500,-1,1486,chopped_padded
5586,111.72,1500,-1,0,chopped
5587,111.74,1500,-1,1486,chopped_padded
5588,111.76,1500,-1,1132,padded
5589,111.78,1500,1,1434,padded
5590,111.8,1500,1,1434,padded
5591,111.82,1500,-1,1400,padded
5592,111.84,1500,1,1446,padded
5593,111.86,1500,1,1400,padded
5594,111.88,1500,-1,1440,padded
5595,111.9,1500,-1,0,chopped
5596,111.92,1500,-1,1486,chopped_padded
5597,111.94,1500,-1,0,chopped
5598,111.96,1500,-1,1486,chopped_padded
5599,111.98,1500,-1,197,padded
5600,112.0,1500,-1,0,chopped
5601,112.02,1500,-1,1486,chopped_padded
5602,112.04,1500,-1,0,chopped
5603,112.06,1500,-1,1486,chopped_padded
5604,112.08,1500,-1,197,padded
5605,112.1,1500,-1,0,chopped
5606,112.12,1500,-1,1486,chopped_padded
5607,112.14,1500,-1,0,chopped
5608,112.16,1500,-1,1486,chopped_padded
5609,112.18,1500,-1,197,padded
5610,112.2,1500,1,1434,padded
5611,112.22,1500,-1,0,chopped
5612,112.24,1500,-1,1486,chopped_padded
5613,112.26,1500,-1,518,padded
5614,112.28,1500,1,1434,padded
5615,112.3,1500,1,1434,padded
5616,112.32,1500,-1,0,chopped
5617,112.34,1500,-1,1486,chopped_padded
5618,112.36,1500,-1,0,chopped
5619,112.38,1500,-1,1486,chopped_padded
5620,112.4,1500,-1,197,padded
5621,112.42,1500,-1,0,chopped
5622,112.44,1500,-1,1486,chopped_padded
5623,112.46,1500,-1,0,chopped
5624,112.48,1500,-1,1486,chopped_padded
5625,112.5,1500,-1,197,padded
5626,112.52,1500,-1,0,chopped
5627,112.54,1500,-1,1486,chopped_padded
5628,112.56,1500,-1,0,chopped
5629,112.58,1500,-1,1486,chopped_padded
5630,112.6,1500,-1,197,padded
5631,112.62,1500,-1,0,chopped
5632,112.64,1500,-1,1486,chopped_padded
5633,112.66,1500,1,1434,padded
5634,112.68,1500,-1,0,chopped
5635,112.7,1500,-1,1486,chopped_padded
5636,112.72,1500,-1,0,chopped
5637,112.74,1500,-1,1486,chopped_padded
5638,112.76,1500,1,1434,padded
5639,112.78,1500,-1,243,padded
5640,112.8,1500,1,1434,padded
5641,112.82,1500,-1,0,chopped
5642,112.84,1500,-1,1486,chopped_padded
5643,112.86,1500,-1,0,chopped
5644,112.88,1500,-1,1486,chopped_padded
5645,112.9,1500,-1,197,padded
5646,112.92,1500,1,1434,padded
5647,112.94,1500,1,1434,padded
5648,112.96,1500,1,1446,padded
5649,112.98,1500,-1,1178,padded
5650,113.0,1500,1,1434,padded
5651,113.02,1500,-1,1434,padded
5652,113.04,1500,1,1434,padded
5653,113.06,1500,-1,1434,padded
5654,113.08,1500,1,1434,padded
