index,time,size,direction,overhead,status
0,0.0,1500,1,1215,padded
1,0.02,1500,-1,1440,padded
2,0.04,1500,1,0,chopped
3,0.06,1500,1,1486,chopped_padded
4,0.08,1500,1,1153,padded
5,0.1,1500,1,209,padded
6,0.12,1500,1,1009,padded
7,0.14,1500,-1,1440,padded
8,0.16,1500,-1,1440,padded
9,0.18,1500,-1,1440,padded
10,0.2,1500,-1,1401,padded
11,0.22,1500,1,1446,padded
12,0.24,1500,1,1009,padded
13,0.26,1500,1,1009,padded
14,0.28,1500,1,1009,padded
15,0.3,1500,-1,1440,padded
16,0.32,1500,1,1009,padded
17,0.34,1500,1,1009,padded
18,0.36,1500,1,0,chopped
19,0.38,1500,1,1486,chopped_padded
20,0.4,1500,1,1269,padded
21,0.42,1500,-1,1440,padded
22,0.44,1500,-1,1440,padded
23,0.46,1500,-1,1440,padded
24,0.48,1500,-1,1440,padded
25,0.5,1500,-1,1440,padded
26,0.52,1500,-1,1440,padded
27,0.54,1500,-1,1440,padded
28,0.56,1500,1,0,chopped
29,0.58,1500,1,1486,chopped_padded
30,0.6,1500,1,0,chopped
31,0.62,1500,1,1486,chopped_padded
32,0.64,1500,1,0,chopped
33,0.66,1500,1,1486,chopped_padded
34,0.68,1500,1,0,chopped
35,0.7,1500,1,1486,chopped_padded
36,0.72,1500,1,0,chopped
37,0.74,1500,1,1486,chopped_padded
38,0.76,1500,1,0,chopped
39,0.78,1500,1,1486,chopped_padded
40,0.8,1500,1,95,padded
41,0.82,1500,-1,1286,padded
42,0.84,1500,-1,1440,padded
43,0.86,1500,-1,1440,padded
44,0.88,1500,-1,1440,padded
45,0.9,1500,1,1009,padded
46,0.92,1500,-1,1440,padded
47,0.94,1500,1,1009,padded
48,0.96,1500,1,1009,padded
49,0.98,1500,-1,1440,padded
50,1.0,1500,1,1009,padded
51,1.02,1500,1,1009,padded
52,1.04,1500,-1,1440,padded
53,1.06,1500,1,1009,padded
54,1.08,1500,1,1009,padded
55,1.1,1500,-1,1440,padded
56,1.12,1500,1,1009,padded
57,1.14,1500,1,1009,padded
58,1.16,1500,-1,1440,padded
59,1.18,1500,1,1009,padded
60,1.2,1500,1,1009,padded
61,1.22,1500,-1,1440,padded
62,1.24,1500,-1,1440,padded
63,1.26,1500,1,1009,padded
64,1.28,1500,-1,1440,padded
65,1.3,1500,1,1009,padded
66,1.32,1500,-1,1440,padded
67,1.34,1500,1,1009,padded
68,1.36,1500,-1,1440,padded
69,1.38,1500,1,1009,padded
70,1.4,1500,-1,1440,padded
71,1.42,1500,1,1009,padded
72,1.44,1500,-1,1440,padded
73,1.46,1500,1,1009,padded
74,1.48,1500,-1,1440,padded
75,1.5,1500,1,1009,padded
76,1.52,1500,-1,1440,padded
77,1.54,1500,1,1009,padded
78,1.56,1500,-1,1440,padded
79,1.58,1500,1,1009,padded
80,1.6,1500,-1,1440,padded
81,1.62,1500,1,1009,padded
82,1.64,1500,-1,1440,padded
83,1.66,1500,1,1009,padded
84,1.68,1500,-1,1440,padded
85,1.7,1500,1,1009,padded
86,1.72,1500,-1,1440,padded
87,1.74,1500,1,1009,padded
88,1.76,1500,1,1009,padded
89,1.78,1500,-1,1440,padded
90,1.8,1500,-1,1440,padded
91,1.82,1500,1,1009,padded
92,1.84,1500,-1,1440,padded
93,1.86,1500,1,1009,padded
94,1.88,1500,-1,1440,padded
95,1.9,1500,1,1009,padded
96,1.92,1500,-1,1440,padded
97,1.94,1500,1,1009,padded
98,1.96,1500,-1,1440,padded
99,1.98,1500,1,1009,padded
100,2.0,1500,-1,1440,padded
101,2.02,1500,1,1009,padded
102,2.04,1500,1,1009,padded
103,2.06,1500,-1,1440,padded
104,2.08,1500,-1,1440,padded
105,2.1,1500,1,1009,padded
106,2.12,1500,-1,1440,padded
107,2.14,1500,1,0,chopped
108,2.16,1500,1,1486,chopped_padded
109,2.18,1500,-1,1440,padded
110,2.2,1500,1,135,padded
111,2.22,1500,-1,1440,padded
112,2.24,1500,1,1423,padded
113,2.26,1500,-1,1423,padded
114,2.28,1500,1,0,chopped
115,2.3,1500,1,1486,chopped_padded
116,2.32,1500,1,0,chopped
117,2.34,1500,1,1486,chopped_padded
118,2.36,1500,1,0,chopped
119,2.38,1500,1,1486,chopped_padded
120,2.4,1500,1,0,chopped
121,2.42,1500,1,1486,chopped_padded
122,2.44,1500,1,880,padded
123,2.46,1500,1,1434,padded
124,2.48,1500,1,1009,padded
125,2.5,1500,-1,1440,padded
126,2.52,1500,-1,1440,padded
127,2.54,1500,-1,1440,padded
128,2.56,1500,-1,1401,padded
129,2.58,1500,-1,1401,padded
130,2.6,1500,1,1446,padded
131,2.62,1500,1,1009,padded
132,2.64,1500,-1,1440,padded
133,2.66,1500,-1,1440,padded
134,2.68,1500,1,1009,padded
135,2.7,1500,-1,1440,padded
136,2.72,1500,-1,1349,padded
137,2.74,1500,1,1009,padded
138,2.76,1500,1,1009,padded
139,2.78,1500,-1,1440,padded
140,2.8,1500,1,1009,padded
141,2.82,1500,1,1009,padded
142,2.84,1500,-1,1440,padded
143,2.86,1500,-1,1324,padded
144,2.88,1500,1,1446,padded
145,2.9,1500,1,1009,padded
146,2.92,1500,1,1009,padded
147,2.94,1500,-1,1440,padded
148,2.96,1500,-1,1440,padded
149,2.98,1500,1,1009,padded
150,3.0,1500,-1,1440,padded
151,3.02,1500,1,1009,padded
152,3.04,1500,-1,1440,padded
153,3.06,1500,1,1009,padded
154,3.08,1500,-1,1440,padded
155,3.1,1500,1,1009,padded
156,3.12,1500,-1,1440,padded
157,3.14,1500,1,1009,padded
158,3.16,1500,-1,1284,padded
159,3.18,1500,-1,0,chopped
160,3.2,1500,-1,1486,chopped_padded
161,3.22,1500,-1,0,chopped
162,3.24,1500,-1,1486,chopped_padded
163,3.26,1500,-1,870,padded
164,3.28,1500,1,1446,padded
165,3.3,1500,-1,1440,padded
166,3.32,1500,1,1446,padded
167,3.34,1500,1,1446,padded
168,3.36,1500,-1,0,chopped
169,3.38,1500,-1,1486,chopped_padded
170,3.4,1500,-1,0,chopped
171,3.42,1500,-1,1486,chopped_padded
172,3.44,1500,-1,233,padded
173,3.46,1500,-1,1292,padded
174,3.48,1500,1,1446,padded
175,3.5,1500,1,1446,padded
176,3.52,1500,1,1009,padded
177,3.54,1500,1,1401,padded
178,3.56,1500,-1,0,chopped
179,3.58,1500,-1,1486,chopped_padded
180,3.6,1500,-1,0,chopped
181,3.62,1500,-1,1486,chopped_padded
182,3.64,1500,-1,233,padded
183,3.66,1500,-1,0,chopped
184,3.68,1500,-1,1486,chopped_padded
185,3.7,1500,-1,0,chopped
186,3.72,1500,-1,1486,chopped_padded
187,3.74,1500,-1,1172,padded
188,3.76,1500,-1,470,padded
189,3.78,1500,-1,0,chopped
190,3.8,1500,-1,1486,chopped_padded
191,3.82,1500,-1,0,chopped
192,3.84,1500,-1,1486,chopped_padded
193,3.86,1500,-1,233,padded
194,3.88,1500,1,1446,padded
195,3.9,1500,1,1446,padded
196,3.92,1500,1,1446,padded
197,3.94,1500,-1,0,chopped
198,3.96,1500,-1,1486,chopped_padded
199,3.98,1500,-1,0,chopped
200,4.0,1500,-1,1486,chopped_padded
201,4.02,1500,-1,0,chopped
202,4.04,1500,-1,1486,chopped_padded
203,4.06,1500,-1,1440,padded
204,4.08,1500,1,1446,padded
205,4.1,1500,1,1446,padded
206,4.12,1500,1,1446,padded
207,4.14,1500,-1,0,chopped
208,4.16,1500,-1,1486,chopped_padded
209,4.18,1500,-1,0,chopped
210,4.2,1500,-1,1486,chopped_padded
211,4.22,1500,-1,0,chopped
212,4.24,1500,-1,1486,chopped_padded
213,4.26,1500,-1,0,chopped
214,4.28,1500,-1,1486,chopped_padded
215,4.3,1500,-1,0,chopped
216,4.32,1500,-1,1486,chopped_padded
217,4.34,1500,-1,0,chopped
218,4.36,1500,-1,1486,chopped_padded
219,4.38,1500,-1,0,chopped
220,4.4,1500,-1,1486,chopped_padded
221,4.42,1500,-1,0,chopped
222,4.44,1500,-1,1486,chopped_padded
223,4.46,1500,1,1446,padded
224,4.48,1500,-1,0,chopped
225,4.5,1500,-1,1486,chopped_padded
226,4.52,1500,-1,0,chopped
227,4.54,1500,-1,1486,chopped_padded
228,4.56,1500,1,1446,padded
229,4.58,1500,-1,0,chopped
230,4.6,1500,-1,1486,chopped_padded
231,4.62,1500,-1,0,chopped
232,4.64,1500,-1,1486,chopped_padded
233,4.66,1500,-1,1433,padded
234,4.68,1500,-1,0,chopped
235,4.7,1500,-1,1486,chopped_padded
236,4.72,1500,-1,0,chopped
237,4.74,1500,-1,1486,chopped_padded
238,4.76,1500,1,1446,padded
239,4.78,1500,1,1446,padded
240,4.8,1500,1,1446,padded
241,4.82,1500,1,1401,padded
242,4.84,1500,1,1401,padded
243,4.86,1500,1,1446,padded
244,4.88,1500,1,1446,padded
245,4.9,1500,-1,0,chopped
246,4.92,1500,-1,1486,chopped_padded
247,4.94,1500,-1,0,chopped
248,4.96,1500,-1,1486,chopped_padded
249,4.98,1500,-1,0,chopped
250,5.0,1500,-1,1486,chopped_padded
251,5.02,1500,-1,0,chopped
252,5.04,1500,-1,1486,chopped_padded
253,5.06,1500,1,1446,padded
254,5.08,1500,1,1446,padded
255,5.1,1500,-1,0,chopped
256,5.12,1500,-1,1486,chopped_padded
257,5.14,1500,-1,0,chopped
258,5.16,1500,-1,1486,chopped_padded
259,5.18,1500,-1,0,chopped
260,5.2,1500,-1,1486,chopped_padded
261,5.22,1500,-1,0,chopped
262,5.24,1500,-1,1486,chopped_padded
263,5.26,1500,-1,0,chopped
264,5.28,1500,-1,1486,chopped_padded
265,5.3,1500,-1,0,chopped
266,5.32,1500,-1,1486,chopped_padded
267,5.34,1500,-1,1440,padded
268,5.36,1500,-1,0,chopped
269,5.38,1500,-1,1486,chopped_padded
270,5.4,1500,-1,0,chopped
271,5.42,1500,-1,1486,chopped_padded
272,5.44,1500,-1,0,chopped
273,5.46,1500,-1,1486,chopped_padded
274,5.48,1500,-1,0,chopped
275,5.5,1500,-1,1486,chopped_padded
276,5.52,1500,-1,0,chopped
277,5.54,1500,-1,1486,chopped_padded
278,5.56,1500,-1,1239,padded
279,5.58,1500,1,1446,padded
280,5.6,1500,1,1009,padded
281,5.62,1500,1,1446,padded
282,5.64,1500,1,1446,padded
283,5.66,1500,1,1009,padded
284,5.68,1500,-1,1440,padded
285,5.7,1500,1,1009,padded
286,5.72,1500,1,1409,padded
287,5.74,1500,1,1409,padded
288,5.76,1500,1,1446,padded
289,5.78,1500,1,1446,padded
290,5.8,1500,1,1446,padded
291,5.82,1500,-1,1440,padded
292,5.84,1500,1,1105,padded
293,5.86,1500,-1,1440,padded
294,5.88,1500,1,1105,padded
295,5.9,1500,-1,1440,padded
296,5.92,1500,-1,1343,padded
297,5.94,1500,-1,1348,padded
298,5.96,1500,-1,1348,padded
299,5.98,1500,1,594,padded
300,6.0,1500,-1,1440,padded
301,6.02,1500,-1,1343,padded
302,6.04,1500,-1,1343,padded
303,6.06,1500,1,1434,padded
304,6.08,1500,1,1446,padded
305,6.1,1500,1,1434,padded
306,6.12,1500,1,1500,dummy
307,6.14,1500,1,1500,dummy
308,6.16,1500,1,1500,dummy
309,6.18,1500,-1,1500,dummy
310,6.2,1500,-1,1500,dummy
311,6.22,1500,1,1500,dummy
312,6.24,1500,1,1500,dummy
313,6.26,1500,1,1500,dummy
314,6.28,1500,1,1500,dummy
315,6.3,1500,-1,1500,dummy
316,6.32,1500,1,1500,dummy
317,6.34,1500,1,1500,dummy
318,6.36,1500,-1,1500,dummy
319,6.38,1500,1,1500,dummy
320,6.4,1500,1,1500,dummy
321,6.42,1500,-1,1500,dummy
322,6.44,1500,1,1500,dummy
323,6.46,1500,1,1500,dummy
324,6.48,1500,1,1500,dummy
325,6.5,1500,1,1500,dummy
326,6.52,1500,1,1500,dummy
327,6.54,1500,1,1500,dummy
328,6.56,1500,-1,1500,dummy
329,6.58,1500,1,1500,dummy
330,6.6,1500,1,1500,dummy
331,6.62,1500,-1,1500,dummy
332,6.64,1500,-1,1500,dummy
333,6.66,1500,-1,1500,dummy
334,6.68,1500,1,1500,dummy
335,6.7,1500,-1,1500,dummy
336,6.72,1500,-1,1500,dummy
337,6.74,1500,1,1500,dummy
338,6.76,1500,-1,1500,dummy
339,6.78,1500,-1,1500,dummy
340,6.8,1500,1,1500,dummy
341,6.82,1500,-1,1500,dummy
342,6.84,1500,1,1500,dummy
343,6.86,1500,-1,1500,dummy
344,6.88,1500,-1,1500,dummy
345,6.9,1500,-1,1500,dummy
346,6.92,1500,1,1500,dummy
347,6.94,1500,1,1500,dummy
348,6.96,1500,1,1500,dummy
349,6.98,1500,-1,1500,dummy
350,7.0,1500,-1,1500,dummy
351,7.02,1500,-1,1500,dummy
352,7.04,1500,-1,1500,dummy
353,7.06,1500,-1,1500,dummy
354,7.08,1500,-1,1500,dummy
355,7.1,1500,-1,1500,dummy
356,7.12,1500,1,1500,dummy
357,7.14,1500,-1,1500,dummy
358,7.16,1500,-1,1500,dummy
359,7.18,1500,-1,1500,dummy
360,7.2,1500,1,1500,dummy
361,7.22,1500,1,1500,dummy
362,7.24,1500,-1,1500,dummy
363,7.26,1500,1,1500,dummy
364,7.28,1500,1,1500,dummy
365,7.3,1500,-1,1500,dummy
366,7.32,1500,-1,1500,dummy
367,7.34,1500,1,1500,dummy
368,7.36,1500,-1,1500,dummy
369,7.38,1500,1,1500,dummy
370,7.4,1500,1,1500,dummy
371,7.42,1500,1,1500,dummy
372,7.44,1500,1,1500,dummy
373,7.46,1500,1,1500,dummy
374,7.48,1500,1,1500,dummy
375,7.5,1500,-1,1500,dummy
376,7.52,1500,-1,1500,dummy
377,7.54,1500,1,1500,dummy
378,7.56,1500,-1,1500,dummy
379,7.58,1500,1,1500,dummy
380,7.6,1500,1,1500,dummy
381,7.62,1500,1,1500,dummy
382,7.64,1500,1,1500,dummy
383,7.66,1500,-1,1500,dummy
384,7.68,1500,1,1500,dummy
385,7.7,1500,-1,1500,dummy
386,7.72,1500,1,1500,dummy
387,7.74,1500,1,1500,dummy
388,7.76,1500,-1,1500,dummy
389,7.78,1500,1,1500,dummy
390,7.8,1500,1,1500,dummy
391,7.82,1500,-1,1500,dummy
392,7.84,1500,1,1500,dummy
393,7.86,1500,-1,1500,dummy
394,7.88,1500,-1,1500,dummy
395,7.9,1500,-1,1500,dummy
396,7.92,1500,1,1500,dummy
397,7.94,1500,-1,1500,dummy
398,7.96,1500,1,1500,dummy
399,7.98,1500,1,1500,dummy
400,8.0,1500,1,1500,dummy
401,8.02,1500,-1,1500,dummy
402,8.04,1500,-1,1500,dummy
403,8.06,1500,1,1500,dummy
404,8.08,1500,1,1500,dummy
405,8.1,1500,1,1500,dummy
406,8.12,1500,-1,1500,dummy
407,8.14,1500,-1,1500,dummy
408,8.16,1500,-1,1500,dummy
409,8.18,1500,-1,1500,dummy
410,8.2,1500,1,1500,dummy
411,8.22,1500,-1,1500,dummy
412,8.24,1500,-1,1500,dummy
413,8.26,1500,-1,1500,dummy
414,8.28,1500,1,1500,dummy
415,8.3,1500,1,1500,dummy
416,8.32,1500,1,1500,dummy
417,8.34,1500,1,1500,dummy
418,8.36,1500,1,1500,dummy
419,8.38,1500,1,1500,dummy
420,8.4,1500,-1,1500,dummy
421,8.42,1500,1,1500,dummy
422,8.44,1500,1,1500,dummy
423,8.46,1500,-1,1500,dummy
424,8.48,1500,-1,1500,dummy
425,8.5,1500,1,1500,dummy
426,8.52,1500,1,1500,dummy
427,8.54,1500,1,1500,dummy
428,8.56,1500,-1,1500,dummy
429,8.58,1500,1,1500,dummy
430,8.6,1500,1,1500,dummy
431,8.62,1500,-1,1500,dummy
432,8.64,1500,1,1500,dummy
433,8.66,1500,-1,1500,dummy
434,8.68,1500,1,1500,dummy
435,8.7,1500,-1,1500,dummy
436,8.72,1500,1,1500,dummy
437,8.74,1500,1,1500,dummy
438,8.76,1500,-1,1500,dummy
439,8.78,1500,1,1500,dummy
440,8.8,1500,1,1500,dummy
441,8.82,1500,-1,1500,dummy
442,8.84,1500,-1,1500,dummy
443,8.86,1500,1,1500,dummy
444,8.88,1500,-1,1500,dummy
445,8.9,1500,1,1500,dummy
446,8.92,1500,-1,1500,dummy
447,8.94,1500,1,1500,dummy
448,8.96,1500,1,1500,dummy
449,8.98,1500,1,1500,dummy
450,9.0,1500,1,1500,dummy
451,9.02,1500,-1,1500,dummy
452,9.04,1500,-1,1500,dummy
453,9.06,1500,-1,1500,dummy
454,9.08,1500,1,1500,dummy
455,9.1,1500,-1,1500,dummy
456,9.12,1500,1,1500,dummy
457,9.14,1500,1,1500,dummy
458,9.16,1500,1,1500,dummy
459,9.18,1500,-1,1500,dummy
460,9.2,1500,-1,1500,dummy
461,9.22,1500,-1,1500,dummy
462,9.24,1500,1,1500,dummy
463,9.26,1500,1,1500,dummy
464,9.28,1500,1,1500,dummy
465,9.3,1500,-1,1500,dummy
466,9.32,1500,1,1500,dummy
467,9.34,1500,1,1500,dummy
468,9.36,1500,1,1500,dummy
469,9.38,1500,-1,1500,dummy
470,9.4,1500,1,1500,dummy
471,9.42,1500,1,1500,dummy
472,9.44,1500,1,1500,dummy
473,9.46,1500,1,1500,dummy
474,9.48,1500,1,1500,dummy
475,9.5,1500,-1,1500,dummy
476,9.52,1500,1,1500,dummy
477,9.54,1500,1,1500,dummy
478,9.56,1500,1,1500,dummy
479,9.58,1500,-1,1500,dummy
480,9.6,1500,1,1500,dummy
481,9.62,1500,1,1500,dummy
482,9.64,1500,1,1500,dummy
483,9.66,1500,1,1500,dummy
484,9.68,1500,-1,1500,dummy
485,9.7,1500,-1,1500,dummy
486,9.72,1500,-1,1500,dummy
487,9.74,1500,-1,1500,dummy
488,9.76,1500,1,1500,dummy
489,9.78,1500,-1,1500,dummy
490,9.8,1500,1,1500,dummy
491,9.82,1500,-1,1500,dummy
492,9.84,1500,1,1500,dummy
493,9.86,1500,1,1500,dummy
494,9.88,1500,-1,1500,dummy
495,9.9,1500,1,1500,dummy
496,9.92,1500,1,1500,dummy
497,9.94,1500,-1,1500,dummy
498,9.96,1500,-1,1500,dummy
499,9.98,1500,1,1500,dummy
500,10.0,1500,-1,1500,dummy
501,10.02,1500,-1,1500,dummy
502,10.04,1500,-1,1500,dummy
503,10.06,1500,-1,1500,dummy
504,10.08,1500,1,1500,dummy
505,10.1,1500,-1,1500,dummy
506,10.12,1500,1,1500,dummy
507,10.14,1500,-1,1500,dummy
508,10.16,1500,-1,1500,dummy
509,10.18,1500,1,1500,dummy
510,10.2,1500,1,1500,dummy
511,10.22,1500,1,1500,dummy
512,10.24,1500,-1,1500,dummy
513,10.26,1500,-1,1500,dummy
514,10.28,1500,-1,1500,dummy
515,10.3,1500,1,1500,dummy
516,10.32,1500,1,1500,dummy
517,10.34,1500,1,1500,dummy
518,10.36,1500,1,1500,dummy
519,10.38,1500,1,1500,dummy
520,10.4,1500,-1,1500,dummy
521,10.42,1500,1,1500,dummy
522,10.44,1500,-1,1500,dummy
523,10.46,1500,1,1500,dummy
524,10.48,1500,1,1500,dummy
525,10.5,1500,-1,1500,dummy
526,10.52,1500,-1,1500,dummy
527,10.54,1500,-1,1500,dummy
528,10.56,1500,-1,1500,dummy
529,10.58,1500,1,1500,dummy
530,10.6,1500,-1,1500,dummy
531,10.62,1500,1,1500,dummy
532,10.64,1500,1,1500,dummy
533,10.66,1500,-1,1500,dummy
534,10.68,1500,-1,1500,dummy
535,10.7,1500,-1,1500,dummy
536,10.72,1500,-1,1500,dummy
537,10.74,1500,-1,1500,dummy
538,10.76,1500,1,1500,dummy
539,10.78,1500,1,1500,dummy
540,10.8,1500,1,1500,dummy
541,10.82,1500,1,1500,dummy
542,10.84,1500,1,1500,dummy
543,10.86,1500,-1,1500,dummy
544,10.88,1500,1,1500,dummy
545,10.9,1500,-1,1500,dummy
546,10.92,1500,-1,1500,dummy
547,10.94,1500,1,1500,dummy
548,10.96,1500,1,1500,dummy
549,10.98,1500,1,1500,dummy
550,11.0,1500,-1,1500,dummy
551,11.02,1500,-1,1500,dummy
552,11.04,1500,-1,1500,dummy
553,11.06,1500,1,1500,dummy
554,11.08,1500,1,1500,dummy
555,11.1,1500,1,1500,dummy
556,11.12,1500,1,1500,dummy
557,11.14,1500,-1,1500,dummy
558,11.16,1500,-1,1500,dummy
559,11.18,1500,-1,1500,dummy
560,11.2,1500,-1,1500,dummy
561,11.22,1500,-1,1500,dummy
562,11.24,1500,-1,1500,dummy
563,11.26,1500,1,1500,dummy
564,11.28,1500,-1,1500,dummy
565,11.3,1500,1,1500,dummy
566,11.32,1500,1,1500,dummy
567,11.34,1500,-1,1500,dummy
568,11.36,1500,-1,1500,dummy
569,11.38,1500,1,1500,dummy
570,11.4,1500,-1,1500,dummy
571,11.42,1500,-1,1500,dummy
572,11.44,1500,-1,1500,dummy
573,11.46,1500,-1,1500,dummy
574,11.48,1500,-1,1500,dummy
575,11.5,1500,1,1500,dummy
576,11.52,1500,-1,1500,dummy
577,11.54,1500,-1,1500,dummy
578,11.56,1500,-1,1500,dummy
579,11.58,1500,1,1500,dummy
580,11.6,1500,-1,1500,dummy
581,11.62,1500,-1,1500,dummy
582,11.64,1500,1,1500,dummy
583,11.66,1500,-1,1500,dummy
584,11.68,1500,1,1500,dummy
585,11.7,1500,-1,1500,dummy
586,11.72,1500,1,1500,dummy
587,11.74,1500,1,1500,dummy
588,11.76,1500,1,1500,dummy
589,11.78,1500,1,1500,dummy
590,11.8,1500,1,1500,dummy
591,11.82,1500,1,1500,dummy
592,11.84,1500,-1,1500,dummy
593,11.86,1500,-1,1500,dummy
594,11.88,1500,-1,1500,dummy
595,11.9,1500,1,1500,dummy
596,11.92,1500,-1,1500,dummy
597,11.94,1500,-1,1500,dummy
598,11.96,1500,-1,1500,dummy
599,11.98,1500,1,1500,dummy
600,12.0,1500,1,1500,dummy
601,12.02,1500,1,1500,dummy
602,12.04,1500,1,1500,dummy
603,12.06,1500,-1,1500,dummy
604,12.08,1500,-1,1500,dummy
605,12.1,1500,-1,1500,dummy
606,12.12,1500,1,1500,dummy
607,12.14,1500,-1,1500,dummy
608,12.16,1500,1,1500,dummy
609,12.18,1500,-1,1500,dummy
610,12.2,1500,1,1500,dummy
611,12.22,1500,-1,1500,dummy
612,12.24,1500,-1,1500,dummy
613,12.26,1500,1,1500,dummy
614,12.28,1500,1,1500,dummy
615,12.3,1500,1,1500,dummy
616,12.32,1500,1,1500,dummy
617,12.34,1500,-1,1500,dummy
618,12.36,1500,-1,1500,dummy
619,12.38,1500,-1,1500,dummy
620,12.4,1500,-1,1500,dummy
621,12.42,1500,1,1500,dummy
622,12.44,1500,1,1500,dummy
623,12.46,1500,1,1500,dummy
624,12.48,1500,-1,1500,dummy
625,12.5,1500,1,1500,dummy
626,12.52,1500,-1,1500,dummy
627,12.54,1500,-1,1500,dummy
628,12.56,1500,1,1500,dummy
629,12.58,1500,1,1500,dummy
630,12.6,1500,-1,1500,dummy
631,12.62,1500,1,1500,dummy
632,12.64,1500,-1,1500,dummy
633,12.66,1500,-1,1500,dummy
634,12.68,1500,1,1500,dummy
635,12.7,1500,-1,1500,dummy
636,12.72,1500,-1,1500,dummy
637,12.74,1500,1,1500,dummy
638,12.76,1500,-1,1500,dummy
639,12.78,1500,1,1500,dummy
640,12.8,1500,1,1500,dummy
641,12.82,1500,-1,1500,dummy
642,12.84,1500,1,1500,dummy
643,12.86,1500,1,1500,dummy
644,12.88,1500,-1,1500,dummy
645,12.9,1500,-1,1500,dummy
646,12.92,1500,1,1500,dummy
647,12.94,1500,1,1500,dummy
648,12.96,1500,-1,1500,dummy
649,12.98,1500,-1,1500,dummy
650,13.0,1500,-1,1500,dummy
651,13.02,1500,-1,1500,dummy
652,13.04,1500,1,1500,dummy
653,13.06,1500,-1,1500,dummy
654,13.08,1500,1,1500,dummy
655,13.1,1500,-1,1500,dummy
656,13.12,1500,-1,1500,dummy
657,13.14,1500,-1,1500,dummy
658,13.16,1500,-1,1500,dummy
659,13.18,1500,1,1500,dummy
660,13.2,1500,-1,1500,dummy
661,13.22,1500,1,1500,dummy
662,13.24,1500,1,1500,dummy
663,13.26,1500,-1,1500,dummy
664,13.28,1500,1,1500,dummy
665,13.3,1500,1,1500,dummy
666,13.32,1500,1,1500,dummy
667,13.34,1500,-1,1500,dummy
668,13.36,1500,-1,1500,dummy
669,13.38,1500,1,1500,dummy
670,13.4,1500,-1,1500,dummy
671,13.42,1500,1,1500,dummy
672,13.44,1500,1,1500,dummy
673,13.46,1500,-1,1500,dummy
674,13.48,1500,1,1500,dummy
675,13.5,1500,-1,1500,dummy
676,13.52,1500,1,1500,dummy
677,13.54,1500,1,1500,dummy
678,13.56,1500,1,1500,dummy
679,13.58,1500,1,1500,dummy
680,13.6,1500,1,1500,dummy
681,13.62,1500,1,1500,dummy
682,13.64,1500,-1,1500,dummy
683,13.66,1500,1,1500,dummy
684,13.68,1500,-1,1500,dummy
685,13.7,1500,-1,1500,dummy
686,13.72,1500,-1,1500,dummy
687,13.74,1500,1,1500,dummy
688,13.76,1500,-1,1500,dummy
689,13.78,1500,1,1500,dummy
690,13.8,1500,-1,1500,dummy
691,13.82,1500,-1,1500,dummy
692,13.84,1500,1,1500,dummy
693,13.86,1500,1,1500,dummy
694,13.88,1500,-1,1500,dummy
695,13.9,1500,1,1500,dummy
696,13.92,1500,-1,1500,dummy
697,13.94,1500,-1,1500,dummy
698,13.96,1500,-1,1500,dummy
699,13.98,1500,1,1500,dummy
700,14.0,1500,-1,1500,dummy
701,14.02,1500,-1,1500,dummy
702,14.04,1500,-1,1500,dummy
703,14.06,1500,1,1500,dummy
704,14.08,1500,1,1500,dummy
705,14.1,1500,1,1500,dummy
706,14.12,1500,-1,1500,dummy
707,14.14,1500,-1,1500,dummy
708,14.16,1500,-1,1500,dummy
709,14.18,1500,-1,1500,dummy
710,14.2,1500,1,1500,dummy
711,14.22,1500,-1,1500,dummy
712,14.24,1500,-1,1500,dummy
713,14.26,1500,1,1500,dummy
714,14.28,1500,1,1500,dummy
715,14.3,1500,-1,1500,dummy
716,14.32,1500,1,1500,dummy
717,14.34,1500,1,1500,dummy
718,14.36,1500,-1,1500,dummy
719,14.38,1500,1,1500,dummy
720,14.4,1500,1,1500,dummy
721,14.42,1500,-1,1500,dummy
722,14.44,1500,1,1500,dummy
723,14.46,1500,-1,1500,dummy
724,14.48,1500,1,1500,dummy
725,14.5,1500,1,1500,dummy
726,14.52,1500,1,1500,dummy
727,14.54,1500,1,1500,dummy
728,14.56,1500,-1,1500,dummy
729,14.58,1500,-1,1500,dummy
730,14.6,1500,1,1500,dummy
731,14.62,1500,-1,1500,dummy
732,14.64,1500,-1,1500,dummy
733,14.66,1500,-1,1500,dummy
734,14.68,1500,-1,1500,dummy
735,14.7,1500,-1,1500,dummy
736,14.72,1500,1,1500,dummy
737,14.74,1500,-1,1500,dummy
738,14.76,1500,1,1500,dummy
739,14.78,1500,1,1500,dummy
740,14.8,1500,1,1500,dummy
741,14.82,1500,-1,1500,dummy
742,14.84,1500,1,1500,dummy
743,14.86,1500,1,1500,dummy
744,14.88,1500,1,1500,dummy
745,14.9,1500,-1,1500,dummy
746,14.92,1500,-1,1500,dummy
747,14.94,1500,1,1500,dummy
748,14.96,1500,-1,1500,dummy
749,14.98,1500,1,1500,dummy
750,15.0,1500,-1,1500,dummy
751,15.02,1500,-1,1500,dummy
752,15.04,1500,1,1500,dummy
753,15.06,1500,-1,1500,dummy
754,15.08,1500,1,1500,dummy
755,15.1,1500,1,1500,dummy
756,15.12,1500,-1,1500,dummy
757,15.14,1500,1,1500,dummy
758,15.16,1500,-1,1500,dummy
759,15.18,1500,1,1500,dummy
760,15.2,1500,1,1500,dummy
761,15.22,1500,-1,1500,dummy
762,15.24,1500,1,1500,dummy
763,15.26,1500,-1,1500,dummy
764,15.28,1500,-1,1500,dummy
765,15.3,1500,-1,1500,dummy
766,15.32,1500,1,1500,dummy
767,15.34,1500,1,1500,dummy
768,15.36,1500,-1,1500,dummy
769,15.38,1500,1,1500,dummy
770,15.4,1500,-1,1500,dummy
771,15.42,1500,1,1500,dummy
772,15.44,1500,-1,1500,dummy
773,15.46,1500,-1,1500,dummy
774,15.48,1500,-1,1500,dummy
775,15.5,1500,-1,1500,dummy
776,15.52,1500,1,1500,dummy
777,15.54,1500,-1,1500,dummy
778,15.56,1500,-1,1500,dummy
779,15.58,1500,-1,1500,dummy
780,15.6,1500,1,1500,dummy
781,15.62,1500,-1,1500,dummy
782,15.64,1500,1,1500,dummy
783,15.66,1500,-1,1500,dummy
784,15.68,1500,-1,1500,dummy
785,15.7,1500,1,1500,dummy
786,15.72,1500,-1,1500,dummy
787,15.74,1500,-1,1500,dummy
788,15.76,1500,-1,1500,dummy
789,15.78,1500,-1,1500,dummy
790,15.8,1500,-1,1500,dummy
791,15.82,1500,1,1500,dummy
792,15.84,1500,-1,1500,dummy
793,15.86,1500,-1,1500,dummy
794,15.88,1500,1,1500,dummy
795,15.9,1500,-1,1500,dummy
796,15.92,1500,1,1500,dummy
797,15.94,1500,-1,1500,dummy
798,15.96,1500,1,1500,dummy
799,15.98,1500,1,1500,dummy
800,16.0,1500,1,1500,dummy
801,16.02,1500,-1,1500,dummy
802,16.04,1500,1,1500,dummy
803,16.06,1500,-1,1500,dummy
804,16.08,1500,1,1500,dummy
805,16.1,1500,1,1500,dummy
806,16.12,1500,-1,1500,dummy
807,16.14,1500,-1,1500,dummy
808,16.16,1500,-1,1500,dummy
809,16.18,1500,-1,1500,dummy
810,16.2,1500,1,1500,dummy
811,16.22,1500,-1,1500,dummy
812,16.24,1500,1,1500,dummy
813,16.26,1500,-1,1500,dummy
814,16.28,1500,-1,1500,dummy
815,16.3,1500,1,1500,dummy
816,16.32,1500,-1,1500,dummy
817,16.34,1500,1,1500,dummy
818,16.36,1500,-1,1500,dummy
819,16.38,1500,-1,1500,dummy
820,16.4,1500,1,1500,dummy
821,16.42,1500,1,1500,dummy
822,16.44,1500,1,1500,dummy
823,16.46,1500,-1,1500,dummy
824,16.48,1500,1,1500,dummy
825,16.5,1500,1,1500,dummy
826,16.52,1500,-1,1500,dummy
827,16.54,1500,1,1500,dummy
828,16.56,1500,-1,1500,dummy
829,16.58,1500,1,1500,dummy
830,16.6,1500,-1,1500,dummy
831,16.62,1500,-1,1500,dummy
832,16.64,1500,-1,1500,dummy
833,16.66,1500,1,1500,dummy
834,16.68,1500,1,1500,dummy
835,16.7,1500,1,1500,dummy
836,16.72,1500,1,1500,dummy
837,16.74,1500,1,1500,dummy
838,16.76,1500,1,1500,dummy
839,16.78,1500,-1,1500,dummy
840,16.8,1500,-1,1500,dummy
841,16.82,1500,-1,1500,dummy
842,16.84,1500,1,1500,dummy
843,16.86,1500,-1,1500,dummy
844,16.88,1500,-1,1500,dummy
845,16.9,1500,-1,1500,dummy
846,16.92,1500,1,1500,dummy
847,16.94,1500,1,1500,dummy
848,16.96,1500,-1,1500,dummy
849,16.98,1500,1,1500,dummy
850,17.0,1500,-1,1500,dummy
851,17.02,1500,-1,1500,dummy
852,17.04,1500,1,1500,dummy
853,17.06,1500,1,1500,dummy
854,17.08,1500,1,1500,dummy
855,17.1,1500,1,1500,dummy
856,17.12,1500,-1,1500,dummy
857,17.14,1500,1,1500,dummy
858,17.16,1500,-1,1500,dummy
859,17.18,1500,-1,1500,dummy
860,17.2,1500,1,1500,dummy
861,17.22,1500,1,1500,dummy
862,17.24,1500,1,1500,dummy
863,17.26,1500,1,1500,dummy
864,17.28,1500,1,1500,dummy
865,17.3,1500,1,1500,dummy
866,17.32,1500,1,1500,dummy
867,17.34,1500,1,1500,dummy
868,17.36,1500,-1,1500,dummy
869,17.38,1500,1,1500,dummy
870,17.4,1500,-1,1500,dummy
871,17.42,1500,1,1500,dummy
872,17.44,1500,-1,1500,dummy
873,17.46,1500,-1,1500,dummy
874,17.48,1500,-1,1500,dummy
875,17.5,1500,1,1500,dummy
876,17.52,1500,1,1500,dummy
877,17.54,1500,-1,1500,dummy
878,17.56,1500,1,1500,dummy
879,17.58,1500,1,1500,dummy
880,17.6,1500,1,1500,dummy
881,17.62,1500,-1,1500,dummy
882,17.64,1500,-1,1500,dummy
883,17.66,1500,1,1500,dummy
884,17.68,1500,1,1500,dummy
885,17.7,1500,1,1500,dummy
886,17.72,1500,-1,1500,dummy
887,17.74,1500,-1,1500,dummy
888,17.76,1500,-1,1500,dummy
889,17.78,1500,-1,1500,dummy
890,17.8,1500,-1,1500,dummy
891,17.82,1500,1,1500,dummy
892,17.84,1500,1,1500,dummy
893,17.86,1500,-1,1500,dummy
894,17.88,1500,-1,1500,dummy
895,17.9,1500,1,1500,dummy
896,17.92,1500,1,1500,dummy
897,17.94,1500,-1,1500,dummy
898,17.96,1500,1,1500,dummy
899,17.98,1500,-1,1500,dummy
900,18.0,1500,1,1500,dummy
901,18.02,1500,1,1500,dummy
902,18.04,1500,-1,1500,dummy
903,18.06,1500,1,1500,dummy
904,18.08,1500,1,1500,dummy
905,18.1,1500,-1,1500,dummy
906,18.12,1500,-1,1500,dummy
907,18.14,1500,1,1500,dummy
908,18.16,1500,1,1500,dummy
909,18.18,1500,-1,1500,dummy
910,18.2,1500,1,1500,dummy
911,18.22,1500,1,1500,dummy
912,18.24,1500,1,1500,dummy
913,18.26,1500,-1,1500,dummy
914,18.28,1500,1,1500,dummy
915,18.3,1500,1,1500,dummy
916,18.32,1500,1,1500,dummy
917,18.34,1500,1,1500,dummy
918,18.36,1500,1,1500,dummy
919,18.38,1500,-1,1500,dummy
920,18.4,1500,-1,1500,dummy
921,18.42,1500,1,1500,dummy
922,18.44,1500,-1,1500,dummy
923,18.46,1500,-1,1500,dummy
924,18.48,1500,-1,1500,dummy
925,18.5,1500,1,1500,dummy
926,18.52,1500,-1,1500,dummy
927,18.54,1500,1,1500,dummy
928,18.56,1500,-1,1500,dummy
929,18.58,1500,1,1500,dummy
930,18.6,1500,-1,1500,dummy
931,18.62,1500,1,1500,dummy
932,18.64,1500,1,1500,dummy
933,18.66,1500,1,1500,dummy
934,18.68,1500,1,1500,dummy
935,18.7,1500,-1,1500,dummy
936,18.72,1500,1,1500,dummy
937,18.74,1500,1,1500,dummy
938,18.76,1500,1,1500,dummy
939,18.78,1500,1,1500,dummy
940,18.8,1500,1,1500,dummy
941,18.82,1500,-1,1500,dummy
942,18.84,1500,-1,1500,dummy
943,18.86,1500,1,1500,dummy
944,18.88,1500,1,1500,dummy
945,18.9,1500,-1,1500,dummy
946,18.92,1500,1,1500,dummy
947,18.94,1500,-1,1500,dummy
948,18.96,1500,-1,1500,dummy
949,18.98,1500,-1,1500,dummy
950,19.0,1500,1,1500,dummy
951,19.02,1500,-1,1500,dummy
952,19.04,1500,1,1500,dummy
953,19.06,1500,-1,1500,dummy
954,19.08,1500,-1,1500,dummy
955,19.1,1500,1,1500,dummy
956,19.12,1500,1,1500,dummy
957,19.14,1500,-1,1500,dummy
958,19.16,1500,-1,1500,dummy
959,19.18,1500,-1,1500,dummy
960,19.2,1500,1,1500,dummy
961,19.22,1500,1,1500,dummy
962,19.24,1500,1,1500,dummy
963,19.26,1500,1,1500,dummy
964,19.28,1500,1,1500,dummy
965,19.3,1500,1,1500,dummy
966,19.32,1500,-1,1500,dummy
967,19.34,1500,1,1500,dummy
968,19.36,1500,1,1500,dummy
969,19.38,1500,-1,1500,dummy
970,19.4,1500,1,1500,dummy
971,19.42,1500,-1,1500,dummy
972,19.44,1500,1,1500,dummy
973,19.46,1500,-1,1500,dummy
974,19.48,1500,1,1500,dummy
975,19.5,1500,1,1500,dummy
976,19.52,1500,-1,1500,dummy
977,19.54,1500,1,1500,dummy
978,19.56,1500,-1,1500,dummy
979,19.58,1500,1,1500,dummy
980,19.6,1500,1,1500,dummy
981,19.62,1500,-1,1500,dummy
982,19.64,1500,1,1500,dummy
983,19.66,1500,-1,1500,dummy
984,19.68,1500,1,1500,dummy
985,19.7,1500,1,1500,dummy
986,19.72,1500,-1,1500,dummy
987,19.74,1500,1,1500,dummy
988,19.76,1500,-1,1500,dummy
989,19.78,1500,-1,1500,dummy
990,19.8,1500,-1,1500,dummy
991,19.82,1500,1,1500,dummy
992,19.84,1500,1,1500,dummy
993,19.86,1500,1,1500,dummy
994,19.88,1500,-1,1500,dummy
995,19.9,1500,-1,1500,dummy
996,19.92,1500,-1,1500,dummy
997,19.94,1500,-1,1500,dummy
998,19.96,1500,1,1500,dummy
999,19.98,1500,1,1500,dummy
1000,20.0,1500,1,1500,dummy
1001,20.02,1500,1,1500,dummy
1002,20.04,1500,-1,1500,dummy
1003,20.06,1500,-1,1500,dummy
1004,20.08,1500,1,1500,dummy
1005,20.1,1500,-1,1500,dummy
1006,20.12,1500,1,1500,dummy
1007,20.14,1500,1,1500,dummy
1008,20.16,1500,-1,1500,dummy
1009,20.18,1500,1,1500,dummy
1010,20.2,1500,1,1500,dummy
1011,20.22,1500,1,1500,dummy
1012,20.24,1500,1,1500,dummy
1013,20.26,1500,-1,1500,dummy
1014,20.28,1500,-1,1500,dummy
1015,20.3,1500,1,1500,dummy
1016,20.32,1500,1,1500,dummy
1017,20.34,1500,-1,1500,dummy
1018,20.36,1500,1,1500,dummy
1019,20.38,1500,1,1500,dummy
1020,20.4,1500,-1,1500,dummy
1021,20.42,1500,-1,1500,dummy
1022,20.44,1500,1,1500,dummy
1023,20.46,1500,-1,1500,dummy
1024,20.48,1500,-1,1500,dummy
1025,20.5,1500,1,1500,dummy
1026,20.52,1500,1,1500,dummy
1027,20.54,1500,1,1500,dummy
1028,20.56,1500,1,1500,dummy
1029,20.58,1500,1,1500,dummy
1030,20.6,1500,-1,1500,dummy
1031,20.62,1500,-1,1500,dummy
1032,20.64,1500,1,1500,dummy
1033,20.66,1500,1,1500,dummy
1034,20.68,1500,-1,1500,dummy
1035,20.7,1500,-1,1500,dummy
1036,20.72,1500,-1,1500,dummy
1037,20.74,1500,1,1500,dummy
1038,20.76,1500,1,1500,dummy
1039,20.78,1500,1,1500,dummy
1040,20.8,1500,-1,1500,dummy
1041,20.82,1500,-1,1500,dummy
1042,20.84,1500,1,1500,dummy
1043,20.86,1500,-1,1500,dummy
1044,20.88,1500,1,1500,dummy
1045,20.9,1500,-1,1500,dummy
1046,20.92,1500,-1,1500,dummy
1047,20.94,1500,1,1500,dummy
1048,20.96,1500,-1,1500,dummy
1049,20.98,1500,-1,1500,dummy
1050,21.0,1500,-1,1500,dummy
1051,21.02,1500,1,1500,dummy
1052,21.04,1500,1,1500,dummy
1053,21.06,1500,-1,1500,dummy
1054,21.08,1500,-1,1500,dummy
1055,21.1,1500,1,1500,dummy
1056,21.12,1500,1,1500,dummy
1057,21.14,1500,-1,1500,dummy
1058,21.16,1500,-1,1500,dummy
1059,21.18,1500,-1,1500,dummy
1060,21.2,1500,-1,1500,dummy
1061,21.22,1500,-1,1500,dummy
1062,21.24,1500,1,1500,dummy
1063,21.26,1500,1,1500,dummy
1064,21.28,1500,1,1500,dummy
1065,21.3,1500,-1,1500,dummy
1066,21.32,1500,-1,1500,dummy
1067,21.34,1500,-1,1500,dummy
1068,21.36,1500,1,1500,dummy
1069,21.38,1500,-1,1500,dummy
1070,21.4,1500,1,1500,dummy
1071,21.42,1500,1,1500,dummy
1072,21.44,1500,-1,1500,dummy
1073,21.46,1500,-1,1500,dummy
1074,21.48,1500,-1,1500,dummy
1075,21.5,1500,1,1500,dummy
1076,21.52,1500,1,1500,dummy
1077,21.54,1500,1,1500,dummy
1078,21.56,1500,-1,1500,dummy
1079,21.58,1500,1,1500,dummy
1080,21.6,1500,-1,1500,dummy
1081,21.62,1500,1,1500,dummy
1082,21.64,1500,1,1500,dummy
1083,21.66,1500,1,1500,dummy
1084,21.68,1500,1,1500,dummy
1085,21.7,1500,1,1500,dummy
1086,21.72,1500,1,1500,dummy
1087,21.74,1500,1,1500,dummy
1088,21.76,1500,1,1500,dummy
1089,21.78,1500,1,1500,dummy
1090,21.8,1500,-1,1500,dummy
1091,21.82,1500,1,1500,dummy
1092,21.84,1500,-1,1500,dummy
1093,21.86,1500,-1,1500,dummy
1094,21.88,1500,1,1500,dummy
1095,21.9,1500,-1,1500,dummy
1096,21.92,1500,-1,1500,dummy
1097,21.94,1500,1,1500,dummy
1098,21.96,1500,-1,1500,dummy
1099,21.98,1500,1,1500,dummy
1100,22.0,1500,1,1500,dummy
1101,22.02,1500,1,1500,dummy
1102,22.04,1500,1,1500,dummy
1103,22.06,1500,-1,1500,dummy
1104,22.08,1500,1,1500,dummy
1105,22.1,1500,-1,1500,dummy
1106,22.12,1500,1,1500,dummy
1107,22.14,1500,-1,1500,dummy
1108,22.16,1500,-1,1500,dummy
1109,22.18,1500,-1,1500,dummy
1110,22.2,1500,1,1500,dummy
1111,22.22,1500,-1,1500,dummy
1112,22.24,1500,1,1500,dummy
1113,22.26,1500,-1,1500,dummy
1114,22.28,1500,1,1500,dummy
1115,22.3,1500,-1,1500,dummy
1116,22.32,1500,1,1500,dummy
1117,22.34,1500,1,1500,dummy
1118,22.36,1500,-1,1500,dummy
1119,22.38,1500,-1,1500,dummy
1120,22.4,1500,-1,1500,dummy
1121,22.42,1500,1,1500,dummy
1122,22.44,1500,1,1500,dummy
1123,22.46,1500,-1,1500,dummy
1124,22.48,1500,-1,1500,dummy
1125,22.5,1500,-1,1500,dummy
1126,22.52,1500,-1,1500,dummy
1127,22.54,1500,-1,1500,dummy
1128,22.56,1500,1,1500,dummy
1129,22.58,1500,-1,1500,dummy
1130,22.6,1500,1,1500,dummy
1131,22.62,1500,-1,1500,dummy
1132,22.64,1500,1,1500,dummy
1133,22.66,1500,-1,1500,dummy
1134,22.68,1500,-1,1500,dummy
1135,22.7,1500,-1,1500,dummy
1136,22.72,1500,-1,1500,dummy
1137,22.74,1500,1,1500,dummy
1138,22.76,1500,1,1500,dummy
1139,22.78,1500,1,1500,dummy
1140,22.8,1500,1,1500,dummy
1141,22.82,1500,1,1500,dummy
1142,22.84,1500,1,1500,dummy
1143,22.86,1500,1,1500,dummy
1144,22.88,1500,1,1500,dummy
1145,22.9,1500,-1,1500,dummy
1146,22.92,1500,1,1500,dummy
1147,22.94,1500,-1,1500,dummy
1148,22.96,1500,-1,1500,dummy
1149,22.98,1500,1,1500,dummy
1150,23.0,1500,1,1500,dummy
1151,23.02,1500,1,1500,dummy
1152,23.04,1500,-1,1500,dummy
1153,23.06,1500,-1,1500,dummy
1154,23.08,1500,-1,1500,dummy
1155,23.1,1500,1,1500,dummy
1156,23.12,1500,1,1500,dummy
1157,23.14,1500,-1,1500,dummy
1158,23.16,1500,-1,1500,dummy
1159,23.18,1500,1,1500,dummy
1160,23.2,1500,-1,1500,dummy
1161,23.22,1500,-1,1500,dummy
1162,23.24,1500,1,1500,dummy
1163,23.26,1500,1,1500,dummy
1164,23.28,1500,-1,1500,dummy
1165,23.3,1500,-1,1500,dummy
1166,23.32,1500,1,1500,dummy
1167,23.34,1500,1,1500,dummy
1168,23.36,1500,1,1500,dummy
1169,23.38,1500,-1,1500,dummy
1170,23.4,1500,-1,1500,dummy
1171,23.42,1500,1,1500,dummy
1172,23.44,1500,-1,1500,dummy
1173,23.46,1500,1,1500,dummy
1174,23.48,1500,-1,1500,dummy
1175,23.5,1500,-1,1500,dummy
1176,23.52,1500,-1,1500,dummy
1177,23.54,1500,-1,1500,dummy
1178,23.56,1500,-1,1500,dummy
1179,23.58,1500,-1,1500,dummy
1180,23.6,1500,-1,1500,dummy
1181,23.62,1500,-1,1500,dummy
1182,23.64,1500,1,1500,dummy
1183,23.66,1500,-1,1500,dummy
1184,23.68,1500,1,1500,dummy
1185,23.7,1500,1,1500,dummy
1186,23.72,1500,-1,1500,dummy
1187,23.74,1500,-1,1500,dummy
1188,23.76,1500,1,1500,dummy
1189,23.78,1500,-1,1500,dummy
1190,23.8,1500,1,1500,dummy
1191,23.82,1500,-1,1500,dummy
1192,23.84,1500,1,1500,dummy
1193,23.86,1500,1,1500,dummy
1194,23.88,1500,-1,1500,dummy
1195,23.9,1500,-1,1500,dummy
1196,23.92,1500,1,1500,dummy
1197,23.94,1500,1,1500,dummy
1198,23.96,1500,-1,1500,dummy
1199,23.98,1500,1,1500,dummy
1200,24.0,1500,1,1500,dummy
1201,24.02,1500,-1,1500,dummy
1202,24.04,1500,-1,1500,dummy
1203,24.06,1500,-1,1500,dummy
1204,24.08,1500,-1,1500,dummy
1205,24.1,1500,1,1500,dummy
1206,24.12,1500,1,1500,dummy
1207,24.14,1500,1,1500,dummy
1208,24.16,1500,-1,1500,dummy
1209,24.18,1500,-1,1500,dummy
1210,24.2,1500,1,1500,dummy
1211,24.22,1500,-1,1500,dummy
1212,24.24,1500,-1,1500,dummy
1213,24.26,1500,1,1500,dummy
1214,24.28,1500,-1,1500,dummy
1215,24.3,1500,1,1500,dummy
1216,24.32,1500,-1,1500,dummy
1217,24.34,1500,1,1500,dummy
1218,24.36,1500,-1,1500,dummy
1219,24.38,1500,1,1500,dummy
1220,24.4,1500,1,1500,dummy
1221,24.42,1500,1,1500,dummy
1222,24.44,1500,1,1500,dummy
1223,24.46,1500,1,1500,dummy
1224,24.48,1500,1,1500,dummy
1225,24.5,1500,1,1500,dummy
1226,24.52,1500,-1,1500,dummy
1227,24.54,1500,1,1500,dummy
1228,24.56,1500,-1,1500,dummy
1229,24.58,1500,-1,1500,dummy
1230,24.6,1500,-1,1500,dummy
1231,24.62,1500,-1,1500,dummy
1232,24.64,1500,1,1500,dummy
1233,24.66,1500,-1,1500,dummy
1234,24.68,1500,-1,1500,dummy
1235,24.7,1500,-1,1500,dummy
1236,24.72,1500,1,1500,dummy
1237,24.74,1500,1,1500,dummy
1238,24.76,1500,1,1500,dummy
1239,24.78,1500,1,1500,dummy
1240,24.8,1500,-1,1500,dummy
1241,24.82,1500,-1,1500,dummy
1242,24.84,1500,-1,1500,dummy
1243,24.86,1500,-1,1500,dummy
1244,24.88,1500,-1,1500,dummy
1245,24.9,1500,-1,1500,dummy
1246,24.92,1500,1,1500,dummy
1247,24.94,1500,1,1500,dummy
1248,24.96,1500,-1,1500,dummy
1249,24.98,1500,1,1500,dummy
1250,25.0,1500,1,1500,dummy
1251,25.02,1500,1,1500,dummy
1252,25.04,1500,-1,1500,dummy
1253,25.06,1500,-1,1500,dummy
1254,25.08,1500,1,1500,dummy
1255,25.1,1500,1,1500,dummy
1256,25.12,1500,1,1500,dummy
1257,25.14,1500,-1,1500,dummy
1258,25.16,1500,-1,1500,dummy
1259,25.18,1500,1,1500,dummy
1260,25.2,1500,1,1500,dummy
1261,25.22,1500,1,1500,dummy
1262,25.24,1500,-1,1500,dummy
1263,25.26,1500,-1,1500,dummy
1264,25.28,1500,-1,1500,dummy
1265,25.3,1500,-1,1500,dummy
1266,25.32,1500,1,1500,dummy
1267,25.34,1500,-1,1500,dummy
1268,25.36,1500,1,1500,dummy
1269,25.38,1500,1,1500,dummy
1270,25.4,1500,-1,1500,dummy
1271,25.42,1500,1,1500,dummy
1272,25.44,1500,-1,1500,dummy
1273,25.46,1500,-1,1500,dummy
1274,25.48,1500,1,1500,dummy
1275,25.5,1500,-1,1500,dummy
1276,25.52,1500,1,1500,dummy
1277,25.54,1500,-1,1500,dummy
1278,25.56,1500,1,1500,dummy
1279,25.58,1500,1,1500,dummy
1280,25.6,1500,1,1500,dummy
1281,25.62,1500,1,1500,dummy
1282,25.64,1500,1,1500,dummy
1283,25.66,1500,-1,1500,dummy
1284,25.68,1500,1,1500,dummy
1285,25.7,1500,-1,1500,dummy
1286,25.72,1500,1,1500,dummy
1287,25.74,1500,-1,1500,dummy
1288,25.76,1500,-1,1500,dummy
1289,25.78,1500,-1,1500,dummy
1290,25.8,1500,-1,1500,dummy
1291,25.82,1500,-1,1500,dummy
1292,25.84,1500,1,1500,dummy
1293,25.86,1500,1,1500,dummy
1294,25.88,1500,1,1500,dummy
1295,25.9,1500,-1,1500,dummy
1296,25.92,1500,1,1500,dummy
1297,25.94,1500,1,1500,dummy
1298,25.96,1500,-1,1500,dummy
1299,25.98,1500,-1,1500,dummy
1300,26.0,1500,-1,1500,dummy
1301,26.02,1500,-1,1500,dummy
1302,26.04,1500,-1,1500,dummy
1303,26.06,1500,-1,1500,dummy
1304,26.08,1500,-1,1500,dummy
1305,26.1,1500,-1,1500,dummy
1306,26.12,1500,1,1500,dummy
1307,26.14,1500,1,1500,dummy
1308,26.16,1500,1,1500,dummy
1309,26.18,1500,-1,1500,dummy
1310,26.2,1500,-1,1500,dummy
1311,26.22,1500,-1,1500,dummy
1312,26.24,1500,-1,1500,dummy
1313,26.26,1500,1,1500,dummy
1314,26.28,1500,1,1500,dummy
1315,26.3,1500,-1,1500,dummy
1316,26.32,1500,1,1500,dummy
1317,26.34,1500,1,1500,dummy
1318,26.36,1500,1,1500,dummy
1319,26.38,1500,-1,1500,dummy
1320,26.4,1500,-1,1500,dummy
1321,26.42,1500,1,1500,dummy
1322,26.44,1500,1,1500,dummy
1323,26.46,1500,1,1500,dummy
1324,26.48,1500,1,1500,dummy
1325,26.5,1500,-1,1500,dummy
1326,26.52,1500,1,1500,dummy
1327,26.54,1500,-1,1500,dummy
1328,26.56,1500,1,1500,dummy
1329,26.58,1500,-1,1500,dummy
1330,26.6,1500,-1,1500,dummy
1331,26.62,1500,1,1500,dummy
1332,26.64,1500,1,1500,dummy
1333,26.66,1500,1,1500,dummy
1334,26.68,1500,1,1500,dummy
1335,26.7,1500,1,1500,dummy
1336,26.72,1500,-1,1500,dummy
1337,26.74,1500,-1,1500,dummy
1338,26.76,1500,-1,1500,dummy
1339,26.78,1500,-1,1500,dummy
1340,26.8,1500,-1,1500,dummy
1341,26.82,1500,1,1500,dummy
1342,26.84,1500,-1,1500,dummy
1343,26.86,1500,1,1500,dummy
1344,26.88,1500,1,1500,dummy
1345,26.9,1500,-1,1500,dummy
1346,26.92,1500,1,1500,dummy
1347,26.94,1500,-1,1500,dummy
1348,26.96,1500,-1,1500,dummy
1349,26.98,1500,1,1500,dummy
1350,27.0,1500,1,1500,dummy
1351,27.02,1500,-1,1500,dummy
1352,27.04,1500,1,1500,dummy
1353,27.06,1500,1,1500,dummy
1354,27.08,1500,-1,1500,dummy
1355,27.1,1500,1,1500,dummy
1356,27.12,1500,-1,1500,dummy
1357,27.14,1500,1,1500,dummy
1358,27.16,1500,1,1500,dummy
1359,27.18,1500,1,1500,dummy
1360,27.2,1500,-1,1500,dummy
1361,27.22,1500,1,1500,dummy
1362,27.24,1500,1,1500,dummy
1363,27.26,1500,-1,1500,dummy
1364,27.28,1500,1,1500,dummy
1365,27.3,1500,1,1500,dummy
1366,27.32,1500,1,1500,dummy
1367,27.34,1500,-1,1500,dummy
1368,27.36,1500,-1,1500,dummy
1369,27.38,1500,-1,1500,dummy
1370,27.4,1500,-1,1500,dummy
1371,27.42,1500,1,1500,dummy
1372,27.44,1500,-1,1500,dummy
1373,27.46,1500,1,1500,dummy
1374,27.48,1500,-1,1500,dummy
1375,27.5,1500,-1,1500,dummy
1376,27.52,1500,1,1500,dummy
1377,27.54,1500,-1,1500,dummy
1378,27.56,1500,-1,1500,dummy
1379,27.58,1500,1,1500,dummy
1380,27.6,1500,1,1500,dummy
1381,27.62,1500,1,1500,dummy
1382,27.64,1500,1,1500,dummy
1383,27.66,1500,1,1500,dummy
1384,27.68,1500,1,1500,dummy
1385,27.7,1500,-1,1500,dummy
1386,27.72,1500,1,1500,dummy
1387,27.74,1500,-1,1500,dummy
1388,27.76,1500,-1,1500,dummy
1389,27.78,1500,-1,1500,dummy
1390,27.8,1500,1,1500,dummy
1391,27.82,1500,1,1500,dummy
1392,27.84,1500,1,1500,dummy
1393,27.86,1500,-1,1500,dummy
1394,27.88,1500,-1,1500,dummy
1395,27.9,1500,1,1500,dummy
1396,27.92,1500,1,1500,dummy
1397,27.94,1500,1,1500,dummy
1398,27.96,1500,1,1500,dummy
1399,27.98,1500,-1,1500,dummy
1400,28.0,1500,1,1500,dummy
1401,28.02,1500,-1,1500,dummy
1402,28.04,1500,1,1500,dummy
1403,28.06,1500,1,1500,dummy
1404,28.08,1500,-1,1500,dummy
1405,28.1,1500,1,1500,dummy
1406,28.12,1500,1,1500,dummy
1407,28.14,1500,-1,1500,dummy
1408,28.16,1500,-1,1500,dummy
1409,28.18,1500,1,1500,dummy
1410,28.2,1500,-1,1500,dummy
1411,28.22,1500,-1,1500,dummy
1412,28.24,1500,1,1500,dummy
1413,28.26,1500,-1,1500,dummy
1414,28.28,1500,-1,1500,dummy
1415,28.3,1500,-1,1500,dummy
1416,28.32,1500,1,1500,dummy
1417,28.34,1500,-1,1500,dummy
1418,28.36,1500,1,1500,dummy
1419,28.38,1500,-1,1500,dummy
1420,28.4,1500,-1,1500,dummy
1421,28.42,1500,1,1500,dummy
1422,28.44,1500,1,1500,dummy
1423,28.46,1500,-1,1500,dummy
1424,28.48,1500,-1,1500,dummy
1425,28.5,1500,-1,1500,dummy
1426,28.52,1500,-1,1500,dummy
1427,28.54,1500,-1,1500,dummy
1428,28.56,1500,1,1500,dummy
1429,28.58,1500,1,1500,dummy
1430,28.6,1500,1,1500,dummy
1431,28.62,1500,1,1500,dummy
1432,28.64,1500,-1,1500,dummy
1433,28.66,1500,1,1500,dummy
1434,28.68,1500,-1,1500,dummy
1435,28.7,1500,1,1500,dummy
1436,28.72,1500,1,1500,dummy
1437,28.74,1500,1,1500,dummy
1438,28.76,1500,1,1500,dummy
1439,28.78,1500,-1,1500,dummy
1440,28.8,1500,1,1500,dummy
1441,28.82,1500,1,1500,dummy
1442,28.84,1500,-1,1500,dummy
1443,28.86,1500,1,1500,dummy
1444,28.88,1500,1,1500,dummy
1445,28.9,1500,1,1500,dummy
1446,28.92,1500,-1,1500,dummy
1447,28.94,1500,1,1500,dummy
1448,28.96,1500,1,1500,dummy
1449,28.98,1500,1,1500,dummy
1450,29.0,1500,-1,1500,dummy
1451,29.02,1500,-1,1500,dummy
1452,29.04,1500,1,1500,dummy
1453,29.06,1500,1,1500,dummy
1454,29.08,1500,-1,1500,dummy
1455,29.1,1500,-1,1500,dummy
1456,29.12,1500,1,1500,dummy
1457,29.14,1500,1,1500,dummy
1458,29.16,1500,1,1500,dummy
1459,29.18,1500,-1,1500,dummy
1460,29.2,1500,1,1500,dummy
1461,29.22,1500,-1,1500,dummy
1462,29.24,1500,1,1500,dummy
1463,29.26,1500,1,1500,dummy
1464,29.28,1500,-1,1500,dummy
1465,29.3,1500,-1,1500,dummy
1466,29.32,1500,1,1500,dummy
1467,29.34,1500,-1,1500,dummy
1468,29.36,1500,-1,1500,dummy
1469,29.38,1500,-1,1500,dummy
1470,29.4,1500,1,1500,dummy
1471,29.42,1500,1,1500,dummy
1472,29.44,1500,1,1500,dummy
1473,29.46,1500,1,1500,dummy
1474,29.48,1500,1,1500,dummy
1475,29.5,1500,-1,1500,dummy
1476,29.52,1500,1,1500,dummy
1477,29.54,1500,1,1500,dummy
1478,29.56,1500,1,1500,dummy
1479,29.58,1500,1,1500,dummy
1480,29.6,1500,-1,1500,dummy
1481,29.62,1500,1,1500,dummy
1482,29.64,1500,1,1500,dummy
1483,29.66,1500,-1,1500,dummy
1484,29.68,1500,1,1500,dummy
1485,29.7,1500,-1,1500,dummy
1486,29.72,1500,-1,1500,dummy
1487,29.74,1500,1,1500,dummy
1488,29.76,1500,-1,1500,dummy
1489,29.78,1500,-1,1500,dummy
1490,29.8,1500,-1,1500,dummy
1491,29.82,1500,1,1500,dummy
1492,29.84,1500,-1,1500,dummy
1493,29.86,1500,-1,1500,dummy
1494,29.88,1500,-1,1500,dummy
1495,29.9,1500,-1,1500,dummy
1496,29.92,1500,1,1500,dummy
1497,29.94,1500,-1,1500,dummy
1498,29.96,1500,1,1500,dummy
1499,29.98,1500,-1,1500,dummy
1500,30.0,1500,1,1500,dummy
1501,30.02,1500,-1,1500,dummy
1502,30.04,1500,-1,1500,dummy
1503,30.06,1500,-1,1500,dummy
1504,30.08,1500,1,1500,dummy
1505,30.1,1500,1,1500,dummy
1506,30.12,1500,-1,1500,dummy
1507,30.14,1500,1,1500,dummy
1508,30.16,1500,1,1500,dummy
1509,30.18,1500,1,1500,dummy
1510,30.2,1500,1,1500,dummy
1511,30.22,1500,-1,1500,dummy
1512,30.24,1500,-1,1500,dummy
1513,30.26,1500,1,1500,dummy
1514,30.28,1500,1,1500,dummy
1515,30.3,1500,-1,1500,dummy
1516,30.32,1500,-1,1500,dummy
1517,30.34,1500,1,1500,dummy
1518,30.36,1500,1,1500,dummy
1519,30.38,1500,1,1500,dummy
1520,30.4,1500,1,1500,dummy
1521,30.42,1500,1,1500,dummy
1522,30.44,1500,1,1500,dummy
1523,30.46,1500,1,1500,dummy
1524,30.48,1500,-1,1500,dummy
1525,30.5,1500,1,1500,dummy
1526,30.52,1500,-1,1500,dummy
1527,30.54,1500,1,1500,dummy
1528,30.56,1500,-1,1500,dummy
1529,30.58,1500,1,1500,dummy
1530,30.6,1500,1,1500,dummy
1531,30.62,1500,-1,1500,dummy
1532,30.64,1500,1,1500,dummy
1533,30.66,1500,1,1500,dummy
1534,30.68,1500,1,1500,dummy
1535,30.7,1500,-1,1500,dummy
1536,30.72,1500,1,1500,dummy
1537,30.74,1500,1,1500,dummy
1538,30.76,1500,-1,1500,dummy
1539,30.78,1500,1,1500,dummy
1540,30.8,1500,-1,1500,dummy
1541,30.82,1500,1,1500,dummy
1542,30.84,1500,-1,1500,dummy
1543,30.86,1500,-1,1500,dummy
1544,30.88,1500,1,1500,dummy
1545,30.9,1500,-1,1500,dummy
1546,30.92,1500,1,1500,dummy
1547,30.94,1500,1,1500,dummy
1548,30.96,1500,1,1500,dummy
1549,30.98,1500,1,1500,dummy
1550,31.0,1500,1,1500,dummy
1551,31.02,1500,-1,1500,dummy
1552,31.04,1500,-1,1500,dummy
1553,31.06,1500,1,1500,dummy
1554,31.08,1500,1,1500,dummy
1555,31.1,1500,-1,1500,dummy
1556,31.12,1500,-1,1500,dummy
1557,31.14,1500,1,1500,dummy
1558,31.16,1500,1,1500,dummy
1559,31.18,1500,1,1500,dummy
1560,31.2,1500,1,1500,dummy
1561,31.22,1500,1,1500,dummy
1562,31.24,1500,-1,1500,dummy
1563,31.26,1500,1,1500,dummy
1564,31.28,1500,-1,1500,dummy
1565,31.3,1500,-1,1500,dummy
1566,31.32,1500,-1,1500,dummy
1567,31.34,1500,-1,1500,dummy
1568,31.36,1500,-1,1500,dummy
1569,31.38,1500,-1,1500,dummy
1570,31.4,1500,-1,1500,dummy
1571,31.42,1500,1,1500,dummy
1572,31.44,1500,1,1500,dummy
1573,31.46,1500,1,1500,dummy
1574,31.48,1500,1,1500,dummy
1575,31.5,1500,-1,1500,dummy
1576,31.52,1500,1,1500,dummy
1577,31.54,1500,-1,1500,dummy
1578,31.56,1500,-1,1500,dummy
1579,31.58,1500,-1,1500,dummy
1580,31.6,1500,1,1500,dummy
1581,31.62,1500,-1,1500,dummy
1582,31.64,1500,1,1500,dummy
1583,31.66,1500,1,1500,dummy
1584,31.68,1500,1,1500,dummy
1585,31.7,1500,1,1500,dummy
1586,31.72,1500,-1,1500,dummy
1587,31.74,1500,1,1500,dummy
1588,31.76,1500,1,1500,dummy
1589,31.78,1500,-1,1500,dummy
1590,31.8,1500,1,1500,dummy
1591,31.82,1500,-1,1500,dummy
1592,31.84,1500,-1,1500,dummy
1593,31.86,1500,-1,1500,dummy
1594,31.88,1500,1,1500,dummy
1595,31.9,1500,1,1500,dummy
1596,31.92,1500,-1,1500,dummy
1597,31.94,1500,-1,1500,dummy
1598,31.96,1500,1,1500,dummy
1599,31.98,1500,-1,1500,dummy
1600,32.0,1500,-1,1500,dummy
1601,32.02,1500,1,1500,dummy
1602,32.04,1500,-1,1500,dummy
1603,32.06,1500,-1,1500,dummy
1604,32.08,1500,-1,1500,dummy
1605,32.1,1500,1,1500,dummy
1606,32.12,1500,1,1500,dummy
1607,32.14,1500,1,1500,dummy
1608,32.16,1500,-1,1500,dummy
1609,32.18,1500,-1,1500,dummy
1610,32.2,1500,-1,1500,dummy
1611,32.22,1500,-1,1500,dummy
1612,32.24,1500,-1,1500,dummy
1613,32.26,1500,1,1500,dummy
1614,32.28,1500,1,1500,dummy
1615,32.3,1500,1,1500,dummy
1616,32.32,1500,-1,1500,dummy
1617,32.34,1500,-1,1500,dummy
1618,32.36,1500,-1,1500,dummy
1619,32.38,1500,1,1500,dummy
1620,32.4,1500,1,1500,dummy
1621,32.42,1500,1,1500,dummy
1622,32.44,1500,1,1500,dummy
1623,32.46,1500,1,1500,dummy
1624,32.48,1500,1,1500,dummy
1625,32.5,1500,-1,1500,dummy
1626,32.52,1500,1,1500,dummy
1627,32.54,1500,-1,1500,dummy
1628,32.56,1500,1,1500,dummy
1629,32.58,1500,1,1500,dummy
1630,32.6,1500,1,1500,dummy
1631,32.62,1500,-1,1500,dummy
1632,32.64,1500,-1,1500,dummy
1633,32.66,1500,-1,1500,dummy
1634,32.68,1500,1,1500,dummy
1635,32.7,1500,1,1500,dummy
1636,32.72,1500,-1,1500,dummy
1637,32.74,1500,-1,1500,dummy
1638,32.76,1500,1,1500,dummy
1639,32.78,1500,-1,1500,dummy
1640,32.8,1500,-1,1500,dummy
1641,32.82,1500,1,1500,dummy
1642,32.84,1500,-1,1500,dummy
1643,32.86,1500,-1,1500,dummy
1644,32.88,1500,-1,1500,dummy
1645,32.9,1500,-1,1500,dummy
1646,32.92,1500,-1,1500,dummy
1647,32.94,1500,1,1500,dummy
1648,32.96,1500,-1,1500,dummy
1649,32.98,1500,-1,1500,dummy
1650,33.0,1500,-1,1500,dummy
1651,33.02,1500,1,1500,dummy
1652,33.04,1500,1,1500,dummy
1653,33.06,1500,1,1500,dummy
1654,33.08,1500,1,1500,dummy
1655,33.1,1500,-1,1500,dummy
1656,33.12,1500,1,1500,dummy
1657,33.14,1500,-1,1500,dummy
1658,33.16,1500,1,1500,dummy
1659,33.18,1500,-1,1500,dummy
1660,33.2,1500,1,1500,dummy
1661,33.22,1500,-1,1500,dummy
1662,33.24,1500,1,1500,dummy
1663,33.26,1500,1,1500,dummy
1664,33.28,1500,-1,1500,dummy
1665,33.3,1500,-1,1500,dummy
1666,33.32,1500,1,1500,dummy
1667,33.34,1500,1,1500,dummy
1668,33.36,1500,-1,1500,dummy
1669,33.38,1500,-1,1500,dummy
1670,33.4,1500,-1,1500,dummy
1671,33.42,1500,-1,1500,dummy
1672,33.44,1500,1,1500,dummy
1673,33.46,1500,-1,1500,dummy
1674,33.48,1500,1,1500,dummy
1675,33.5,1500,-1,1500,dummy
1676,33.52,1500,-1,1500,dummy
1677,33.54,1500,-1,1500,dummy
1678,33.56,1500,1,1500,dummy
1679,33.58,1500,-1,1500,dummy
1680,33.6,1500,1,1500,dummy
1681,33.62,1500,-1,1500,dummy
1682,33.64,1500,1,1500,dummy
1683,33.66,1500,1,1500,dummy
1684,33.68,1500,1,1500,dummy
1685,33.7,1500,-1,1500,dummy
1686,33.72,1500,1,1500,dummy
1687,33.74,1500,-1,1500,dummy
1688,33.76,1500,1,1500,dummy
1689,33.78,1500,-1,1500,dummy
1690,33.8,1500,-1,1500,dummy
1691,33.82,1500,1,1500,dummy
1692,33.84,1500,-1,1500,dummy
1693,33.86,1500,1,1500,dummy
1694,33.88,1500,-1,1500,dummy
1695,33.9,1500,-1,1500,dummy
1696,33.92,1500,1,1500,dummy
1697,33.94,1500,1,1500,dummy
1698,33.96,1500,-1,1500,dummy
1699,33.98,1500,-1,1500,dummy
1700,34.0,1500,1,1500,dummy
1701,34.02,1500,-1,1500,dummy
1702,34.04,1500,1,1500,dummy
1703,34.06,1500,-1,1500,dummy
1704,34.08,1500,-1,1500,dummy
1705,34.1,1500,1,1500,dummy
1706,34.12,1500,-1,1500,dummy
1707,34.14,1500,1,1500,dummy
1708,34.16,1500,-1,1500,dummy
1709,34.18,1500,1,1500,dummy
1710,34.2,1500,-1,1500,dummy
1711,34.22,1500,-1,1500,dummy
1712,34.24,1500,1,1500,dummy
1713,34.26,1500,-1,1500,dummy
1714,34.28,1500,1,1500,dummy
1715,34.3,1500,-1,1500,dummy
1716,34.32,1500,1,1500,dummy
1717,34.34,1500,-1,1500,dummy
1718,34.36,1500,1,1500,dummy
1719,34.38,1500,1,1500,dummy
1720,34.4,1500,1,1500,dummy
1721,34.42,1500,1,1500,dummy
1722,34.44,1500,1,1500,dummy
1723,34.46,1500,1,1500,dummy
1724,34.48,1500,-1,1500,dummy
1725,34.5,1500,1,1500,dummy
1726,34.52,1500,-1,1500,dummy
1727,34.54,1500,1,1500,dummy
1728,34.56,1500,-1,1500,dummy
1729,34.58,1500,1,1500,dummy
1730,34.6,1500,-1,1500,dummy
1731,34.62,1500,-1,1500,dummy
1732,34.64,1500,-1,1500,dummy
1733,34.66,1500,1,1500,dummy
1734,34.68,1500,-1,1500,dummy
1735,34.7,1500,1,1500,dummy
1736,34.72,1500,1,1500,dummy
1737,34.74,1500,-1,1500,dummy
1738,34.76,1500,-1,1500,dummy
1739,34.78,1500,-1,1500,dummy
1740,34.8,1500,1,1500,dummy
1741,34.82,1500,-1,1500,dummy
1742,34.84,1500,1,1500,dummy
1743,34.86,1500,1,1500,dummy
1744,34.88,1500,-1,1500,dummy
1745,34.9,1500,-1,1500,dummy
1746,34.92,1500,-1,1500,dummy
1747,34.94,1500,-1,1500,dummy
1748,34.96,1500,-1,1500,dummy
1749,34.98,1500,-1,1500,dummy
1750,35.0,1500,-1,1500,dummy
1751,35.02,1500,-1,1500,dummy
1752,35.04,1500,-1,1500,dummy
1753,35.06,1500,-1,1500,dummy
1754,35.08,1500,1,1500,dummy
1755,35.1,1500,-1,1500,dummy
1756,35.12,1500,1,1500,dummy
1757,35.14,1500,-1,1500,dummy
1758,35.16,1500,1,1500,dummy
1759,35.18,1500,-1,1500,dummy
1760,35.2,1500,-1,1500,dummy
1761,35.22,1500,-1,1500,dummy
1762,35.24,1500,-1,1500,dummy
1763,35.26,1500,1,1500,dummy
1764,35.28,1500,-1,1500,dummy
1765,35.3,1500,1,1500,dummy
1766,35.32,1500,-1,1500,dummy
1767,35.34,1500,1,1500,dummy
1768,35.36,1500,-1,1500,dummy
1769,35.38,1500,-1,1500,dummy
1770,35.4,1500,-1,1500,dummy
1771,35.42,1500,1,1500,dummy
1772,35.44,1500,-1,1500,dummy
1773,35.46,1500,1,1500,dummy
1774,35.48,1500,-1,1500,dummy
1775,35.5,1500,-1,1500,dummy
1776,35.52,1500,-1,1500,dummy
1777,35.54,1500,-1,1500,dummy
1778,35.56,1500,1,1500,dummy
1779,35.58,1500,-1,1500,dummy
1780,35.6,1500,-1,1500,dummy
1781,35.62,1500,1,1500,dummy
1782,35.64,1500,-1,1500,dummy
1783,35.66,1500,1,1500,dummy
1784,35.68,1500,-1,1500,dummy
1785,35.7,1500,1,1500,dummy
1786,35.72,1500,-1,1500,dummy
1787,35.74,1500,-1,1500,dummy
1788,35.76,1500,1,1500,dummy
1789,35.78,1500,1,1500,dummy
1790,35.8,1500,1,1500,dummy
1791,35.82,1500,-1,1500,dummy
1792,35.84,1500,1,1500,dummy
1793,35.86,1500,1,1500,dummy
1794,35.88,1500,-1,1500,dummy
1795,35.9,1500,1,1500,dummy
1796,35.92,1500,1,1500,dummy
1797,35.94,1500,1,1500,dummy
1798,35.96,1500,-1,1500,dummy
1799,35.98,1500,-1,1500,dummy
1800,36.0,1500,-1,1500,dummy
1801,36.02,1500,-1,1500,dummy
1802,36.04,1500,1,1500,dummy
1803,36.06,1500,1,1500,dummy
1804,36.08,1500,1,1500,dummy
1805,36.1,1500,1,1500,dummy
1806,36.12,1500,1,1500,dummy
1807,36.14,1500,1,1500,dummy
1808,36.16,1500,-1,1500,dummy
1809,36.18,1500,-1,1500,dummy
1810,36.2,1500,-1,1500,dummy
1811,36.22,1500,-1,1500,dummy
1812,36.24,1500,-1,1500,dummy
1813,36.26,1500,1,1500,dummy
1814,36.28,1500,-1,1500,dummy
1815,36.3,1500,-1,1500,dummy
1816,36.32,1500,1,1500,dummy
1817,36.34,1500,1,1500,dummy
1818,36.36,1500,1,1500,dummy
1819,36.38,1500,-1,1500,dummy
1820,36.4,1500,-1,1500,dummy
1821,36.42,1500,1,1500,dummy
1822,36.44,1500,-1,1500,dummy
1823,36.46,1500,1,1500,dummy
1824,36.48,1500,-1,1500,dummy
1825,36.5,1500,1,1500,dummy
1826,36.52,1500,-1,1500,dummy
1827,36.54,1500,1,1500,dummy
1828,36.56,1500,-1,1500,dummy
1829,36.58,1500,-1,1500,dummy
1830,36.6,1500,1,1500,dummy
1831,36.62,1500,1,1500,dummy
1832,36.64,1500,-1,1500,dummy
1833,36.66,1500,1,1500,dummy
1834,36.68,1500,1,1500,dummy
1835,36.7,1500,1,1500,dummy
1836,36.72,1500,-1,1500,dummy
1837,36.74,1500,-1,1500,dummy
1838,36.76,1500,-1,1500,dummy
1839,36.78,1500,1,1500,dummy
1840,36.8,1500,-1,1500,dummy
1841,36.82,1500,1,1500,dummy
1842,36.84,1500,-1,1500,dummy
1843,36.86,1500,1,1500,dummy
1844,36.88,1500,1,1500,dummy
1845,36.9,1500,-1,1500,dummy
1846,36.92,1500,1,1500,dummy
1847,36.94,1500,-1,1500,dummy
1848,36.96,1500,-1,1500,dummy
1849,36.98,1500,-1,1500,dummy
1850,37.0,1500,-1,1500,dummy
1851,37.02,1500,1,1500,dummy
1852,37.04,1500,-1,1500,dummy
1853,37.06,1500,-1,1500,dummy
1854,37.08,1500,-1,1500,dummy
1855,37.1,1500,-1,1500,dummy
1856,37.12,1500,-1,1500,dummy
1857,37.14,1500,1,1500,dummy
1858,37.16,1500,1,1500,dummy
1859,37.18,1500,-1,1500,dummy
1860,37.2,1500,-1,1500,dummy
1861,37.22,1500,1,1500,dummy
1862,37.24,1500,-1,1500,dummy
1863,37.26,1500,-1,1500,dummy
1864,37.28,1500,-1,1500,dummy
1865,37.3,1500,1,1500,dummy
1866,37.32,1500,-1,1500,dummy
1867,37.34,1500,-1,1500,dummy
1868,37.36,1500,-1,1500,dummy
1869,37.38,1500,-1,1500,dummy
1870,37.4,1500,-1,1500,dummy
1871,37.42,1500,-1,1500,dummy
1872,37.44,1500,1,1500,dummy
1873,37.46,1500,-1,1500,dummy
1874,37.48,1500,-1,1500,dummy
1875,37.5,1500,1,1500,dummy
1876,37.52,1500,-1,1500,dummy
1877,37.54,1500,1,1500,dummy
1878,37.56,1500,1,1500,dummy
1879,37.58,1500,1,1500,dummy
1880,37.6,1500,-1,1500,dummy
1881,37.62,1500,-1,1500,dummy
1882,37.64,1500,1,1500,dummy
1883,37.66,1500,-1,1500,dummy
1884,37.68,1500,1,1500,dummy
1885,37.7,1500,1,1500,dummy
1886,37.72,1500,-1,1500,dummy
1887,37.74,1500,-1,1500,dummy
1888,37.76,1500,-1,1500,dummy
1889,37.78,1500,1,1500,dummy
1890,37.8,1500,1,1500,dummy
1891,37.82,1500,1,1500,dummy
1892,37.84,1500,1,1500,dummy
1893,37.86,1500,1,1500,dummy
1894,37.88,1500,1,1500,dummy
1895,37.9,1500,-1,1500,dummy
1896,37.92,1500,-1,1500,dummy
1897,37.94,1500,1,1500,dummy
1898,37.96,1500,-1,1500,dummy
1899,37.98,1500,1,1500,dummy
1900,38.0,1500,1,1500,dummy
1901,38.02,1500,-1,1500,dummy
1902,38.04,1500,1,1500,dummy
1903,38.06,1500,-1,1500,dummy
1904,38.08,1500,-1,1500,dummy
1905,38.1,1500,-1,1500,dummy
1906,38.12,1500,-1,1500,dummy
1907,38.14,1500,-1,1500,dummy
1908,38.16,1500,-1,1500,dummy
1909,38.18,1500,1,1500,dummy
1910,38.2,1500,1,1500,dummy
1911,38.22,1500,1,1500,dummy
1912,38.24,1500,1,1500,dummy
1913,38.26,1500,1,1500,dummy
1914,38.28,1500,-1,1500,dummy
1915,38.3,1500,1,1500,dummy
1916,38.32,1500,1,1500,dummy
1917,38.34,1500,1,1500,dummy
1918,38.36,1500,-1,1500,dummy
1919,38.38,1500,1,1500,dummy
1920,38.4,1500,1,1500,dummy
1921,38.42,1500,-1,1500,dummy
1922,38.44,1500,-1,1500,dummy
1923,38.46,1500,-1,1500,dummy
1924,38.48,1500,1,1500,dummy
1925,38.5,1500,1,1500,dummy
1926,38.52,1500,1,1500,dummy
1927,38.54,1500,-1,1500,dummy
1928,38.56,1500,1,1500,dummy
1929,38.58,1500,-1,1500,dummy
1930,38.6,1500,1,1500,dummy
1931,38.62,1500,-1,1500,dummy
1932,38.64,1500,-1,1500,dummy
1933,38.66,1500,1,1500,dummy
1934,38.68,1500,1,1500,dummy
1935,38.7,1500,1,1500,dummy
1936,38.72,1500,1,1500,dummy
1937,38.74,1500,-1,1500,dummy
1938,38.76,1500,1,1500,dummy
1939,38.78,1500,-1,1500,dummy
1940,38.8,1500,-1,1500,dummy
1941,38.82,1500,1,1500,dummy
1942,38.84,1500,-1,1500,dummy
1943,38.86,1500,-1,1500,dummy
1944,38.88,1500,-1,1500,dummy
1945,38.9,1500,-1,1500,dummy
1946,38.92,1500,1,1500,dummy
1947,38.94,1500,-1,1500,dummy
1948,38.96,1500,1,1500,dummy
1949,38.98,1500,-1,1500,dummy
1950,39.0,1500,-1,1500,dummy
1951,39.02,1500,1,1500,dummy
1952,39.04,1500,1,1500,dummy
1953,39.06,1500,1,1500,dummy
1954,39.08,1500,-1,1500,dummy
1955,39.1,1500,1,1500,dummy
1956,39.12,1500,-1,1500,dummy
1957,39.14,1500,1,1500,dummy
1958,39.16,1500,-1,1500,dummy
1959,39.18,1500,1,1500,dummy
1960,39.2,1500,1,1500,dummy
1961,39.22,1500,1,1500,dummy
1962,39.24,1500,1,1500,dummy
1963,39.26,1500,-1,1500,dummy
1964,39.28,1500,-1,1500,dummy
1965,39.3,1500,1,1500,dummy
1966,39.32,1500,1,1500,dummy
1967,39.34,1500,1,1500,dummy
1968,39.36,1500,-1,1500,dummy
1969,39.38,1500,-1,1500,dummy
1970,39.4,1500,1,1500,dummy
1971,39.42,1500,1,1500,dummy
1972,39.44,1500,1,1500,dummy
1973,39.46,1500,-1,1500,dummy
1974,39.48,1500,-1,1500,dummy
1975,39.5,1500,1,1500,dummy
1976,39.52,1500,1,1500,dummy
1977,39.54,1500,-1,1500,dummy
1978,39.56,1500,-1,1500,dummy
1979,39.58,1500,-1,1500,dummy
1980,39.6,1500,-1,1500,dummy
1981,39.62,1500,-1,1500,dummy
1982,39.64,1500,-1,1500,dummy
1983,39.66,1500,-1,1500,dummy
1984,39.68,1500,1,1500,dummy
1985,39.7,1500,-1,1500,dummy
1986,39.72,1500,1,1500,dummy
1987,39.74,1500,1,1500,dummy
1988,39.76,1500,-1,1500,dummy
1989,39.78,1500,-1,1500,dummy
1990,39.8,1500,-1,1500,dummy
1991,39.82,1500,1,1500,dummy
1992,39.84,1500,1,1500,dummy
1993,39.86,1500,1,1500,dummy
1994,39.88,1500,1,1500,dummy
1995,39.9,1500,-1,1500,dummy
1996,39.92,1500,1,1500,dummy
1997,39.94,1500,1,1500,dummy
1998,39.96,1500,-1,1500,dummy
1999,39.98,1500,-1,1500,dummy
2000,40.0,1500,-1,1500,dummy
2001,40.02,1500,-1,1500,dummy
2002,40.04,1500,1,1500,dummy
2003,40.06,1500,1,1500,dummy
2004,40.08,1500,-1,1500,dummy
2005,40.1,1500,1,1500,dummy
2006,40.12,1500,-1,1500,dummy
2007,40.14,1500,-1,1500,dummy
2008,40.16,1500,-1,1500,dummy
2009,40.18,1500,1,1500,dummy
2010,40.2,1500,-1,1500,dummy
2011,40.22,1500,-1,1500,dummy
2012,40.24,1500,1,1500,dummy
2013,40.26,1500,1,1500,dummy
2014,40.28,1500,1,1500,dummy
2015,40.3,1500,-1,1500,dummy
2016,40.32,1500,-1,1500,dummy
2017,40.34,1500,-1,1500,dummy
2018,40.36,1500,-1,1500,dummy
2019,40.38,1500,1,1500,dummy
2020,40.4,1500,1,1500,dummy
2021,40.42,1500,-1,1500,dummy
2022,40.44,1500,-1,1500,dummy
2023,40.46,1500,1,1500,dummy
2024,40.48,1500,-1,1500,dummy
2025,40.5,1500,1,1500,dummy
2026,40.52,1500,1,1500,dummy
2027,40.54,1500,-1,1500,dummy
2028,40.56,1500,1,1500,dummy
2029,40.58,1500,1,1500,dummy
2030,40.6,1500,-1,1500,dummy
2031,40.62,1500,1,1500,dummy
2032,40.64,1500,1,1500,dummy
2033,40.66,1500,1,1500,dummy
2034,40.68,1500,-1,1500,dummy
2035,40.7,1500,1,1500,dummy
2036,40.72,1500,-1,1500,dummy
2037,40.74,1500,-1,1500,dummy
2038,40.76,1500,-1,1500,dummy
2039,40.78,1500,1,1500,dummy
2040,40.8,1500,1,1500,dummy
2041,40.82,1500,-1,1500,dummy
2042,40.84,1500,1,1500,dummy
2043,40.86,1500,-1,1500,dummy
2044,40.88,1500,1,1500,dummy
2045,40.9,1500,1,1500,dummy
2046,40.92,1500,-1,1500,dummy
2047,40.94,1500,-1,1500,dummy
2048,40.96,1500,1,1500,dummy
2049,40.98,1500,-1,1500,dummy
2050,41.0,1500,1,1500,dummy
2051,41.02,1500,-1,1500,dummy
2052,41.04,1500,-1,1500,dummy
2053,41.06,1500,-1,1500,dummy
2054,41.08,1500,1,1500,dummy
2055,41.1,1500,1,1500,dummy
2056,41.12,1500,-1,1500,dummy
2057,41.14,1500,-1,1500,dummy
2058,41.16,1500,1,1500,dummy
2059,41.18,1500,1,1500,dummy
2060,41.2,1500,1,1500,dummy
2061,41.22,1500,1,1500,dummy
2062,41.24,1500,1,1500,dummy
2063,41.26,1500,1,1500,dummy
2064,41.28,1500,1,1500,dummy
2065,41.3,1500,-1,1500,dummy
2066,41.32,1500,-1,1500,dummy
2067,41.34,1500,-1,1500,dummy
2068,41.36,1500,1,1500,dummy
2069,41.38,1500,-1,1500,dummy
2070,41.4,1500,-1,1500,dummy
2071,41.42,1500,-1,1500,dummy
2072,41.44,1500,1,1500,dummy
2073,41.46,1500,-1,1500,dummy
2074,41.48,1500,1,1500,dummy
2075,41.5,1500,1,1500,dummy
2076,41.52,1500,-1,1500,dummy
2077,41.54,1500,1,1500,dummy
2078,41.56,1500,1,1500,dummy
2079,41.58,1500,-1,1500,dummy
2080,41.6,1500,1,1500,dummy
2081,41.62,1500,-1,1500,dummy
2082,41.64,1500,1,1500,dummy
2083,41.66,1500,-1,1500,dummy
2084,41.68,1500,-1,1500,dummy
2085,41.7,1500,1,1500,dummy
2086,41.72,1500,-1,1500,dummy
2087,41.74,1500,-1,1500,dummy
2088,41.76,1500,-1,1500,dummy
2089,41.78,1500,1,1500,dummy
2090,41.8,1500,-1,1500,dummy
2091,41.82,1500,-1,1500,dummy
2092,41.84,1500,-1,1500,dummy
2093,41.86,1500,-1,1500,dummy
2094,41.88,1500,-1,1500,dummy
2095,41.9,1500,-1,1500,dummy
2096,41.92,1500,1,1500,dummy
2097,41.94,1500,-1,1500,dummy
2098,41.96,1500,-1,1500,dummy
2099,41.98,1500,1,1500,dummy
2100,42.0,1500,-1,1500,dummy
2101,42.02,1500,-1,1500,dummy
2102,42.04,1500,1,1500,dummy
2103,42.06,1500,-1,1500,dummy
2104,42.08,1500,-1,1500,dummy
2105,42.1,1500,1,1500,dummy
2106,42.12,1500,1,1500,dummy
2107,42.14,1500,1,1500,dummy
2108,42.16,1500,1,1500,dummy
2109,42.18,1500,1,1500,dummy
2110,42.2,1500,-1,1500,dummy
2111,42.22,1500,-1,1500,dummy
2112,42.24,1500,1,1500,dummy
2113,42.26,1500,-1,1500,dummy
2114,42.28,1500,1,1500,dummy
2115,42.3,1500,1,1500,dummy
2116,42.32,1500,1,1500,dummy
2117,42.34,1500,1,1500,dummy
2118,42.36,1500,1,1500,dummy
2119,42.38,1500,-1,1500,dummy
2120,42.4,1500,-1,1500,dummy
2121,42.42,1500,1,1500,dummy
2122,42.44,1500,-1,1500,dummy
2123,42.46,1500,-1,1500,dummy
2124,42.48,1500,-1,1500,dummy
2125,42.5,1500,-1,1500,dummy
2126,42.52,1500,1,1500,dummy
2127,42.54,1500,-1,1500,dummy
2128,42.56,1500,-1,1500,dummy
2129,42.58,1500,1,1500,dummy
2130,42.6,1500,-1,1500,dummy
2131,42.62,1500,-1,1500,dummy
2132,42.64,1500,-1,1500,dummy
2133,42.66,1500,1,1500,dummy
2134,42.68,1500,1,1500,dummy
2135,42.7,1500,-1,1500,dummy
2136,42.72,1500,1,1500,dummy
2137,42.74,1500,1,1500,dummy
2138,42.76,1500,1,1500,dummy
2139,42.78,1500,1,1500,dummy
2140,42.8,1500,1,1500,dummy
2141,42.82,1500,1,1500,dummy
2142,42.84,1500,1,1500,dummy
2143,42.86,1500,-1,1500,dummy
2144,42.88,1500,-1,1500,dummy
2145,42.9,1500,1,1500,dummy
2146,42.92,1500,1,1500,dummy
2147,42.94,1500,-1,1500,dummy
2148,42.96,1500,1,1500,dummy
2149,42.98,1500,1,1500,dummy
2150,43.0,1500,1,1500,dummy
2151,43.02,1500,-1,1500,dummy
2152,43.04,1500,-1,1500,dummy
2153,43.06,1500,1,1500,dummy
2154,43.08,1500,1,1500,dummy
2155,43.1,1500,-1,1500,dummy
2156,43.12,1500,1,1500,dummy
2157,43.14,1500,1,1500,dummy
2158,43.16,1500,-1,1500,dummy
2159,43.18,1500,-1,1500,dummy
2160,43.2,1500,-1,1500,dummy
2161,43.22,1500,1,1500,dummy
2162,43.24,1500,-1,1500,dummy
2163,43.26,1500,1,1500,dummy
2164,43.28,1500,1,1500,dummy
2165,43.3,1500,1,1500,dummy
2166,43.32,1500,-1,1500,dummy
2167,43.34,1500,1,1500,dummy
2168,43.36,1500,-1,1500,dummy
2169,43.38,1500,1,1500,dummy
2170,43.4,1500,1,1500,dummy
2171,43.42,1500,1,1500,dummy
2172,43.44,1500,-1,1500,dummy
2173,43.46,1500,1,1500,dummy
2174,43.48,1500,-1,1500,dummy
2175,43.5,1500,1,1500,dummy
2176,43.52,1500,-1,1500,dummy
2177,43.54,1500,-1,1500,dummy
2178,43.56,1500,-1,1500,dummy
2179,43.58,1500,1,1500,dummy
2180,43.6,1500,-1,1500,dummy
2181,43.62,1500,1,1500,dummy
2182,43.64,1500,-1,1500,dummy
2183,43.66,1500,-1,1500,dummy
2184,43.68,1500,1,1500,dummy
2185,43.7,1500,-1,1500,dummy
2186,43.72,1500,1,1500,dummy
2187,43.74,1500,-1,1500,dummy
2188,43.76,1500,1,1500,dummy
2189,43.78,1500,-1,1500,dummy
2190,43.8,1500,1,1500,dummy
2191,43.82,1500,-1,1500,dummy
2192,43.84,1500,-1,1500,dummy
2193,43.86,1500,-1,1500,dummy
2194,43.88,1500,1,1500,dummy
2195,43.9,1500,-1,1500,dummy
2196,43.92,1500,1,1500,dummy
2197,43.94,1500,1,1500,dummy
2198,43.96,1500,-1,1500,dummy
2199,43.98,1500,-1,1500,dummy
2200,44.0,1500,-1,1500,dummy
2201,44.02,1500,-1,1500,dummy
2202,44.04,1500,-1,1500,dummy
2203,44.06,1500,-1,1500,dummy
2204,44.08,1500,1,1500,dummy
2205,44.1,1500,-1,1500,dummy
2206,44.12,1500,1,1500,dummy
2207,44.14,1500,1,1500,dummy
2208,44.16,1500,1,1500,dummy
2209,44.18,1500,1,1500,dummy
2210,44.2,1500,-1,1500,dummy
2211,44.22,1500,1,1500,dummy
2212,44.24,1500,1,1500,dummy
2213,44.26,1500,1,1500,dummy
2214,44.28,1500,1,1500,dummy
2215,44.3,1500,1,1500,dummy
2216,44.32,1500,-1,1500,dummy
2217,44.34,1500,1,1500,dummy
2218,44.36,1500,1,1500,dummy
2219,44.38,1500,1,1500,dummy
2220,44.4,1500,1,1500,dummy
2221,44.42,1500,1,1500,dummy
2222,44.44,1500,1,1500,dummy
2223,44.46,1500,-1,1500,dummy
2224,44.48,1500,-1,1500,dummy
2225,44.5,1500,1,1500,dummy
2226,44.52,1500,-1,1500,dummy
2227,44.54,1500,1,1500,dummy
2228,44.56,1500,-1,1500,dummy
2229,44.58,1500,-1,1500,dummy
2230,44.6,1500,-1,1500,dummy
2231,44.62,1500,-1,1500,dummy
2232,44.64,1500,1,1500,dummy
2233,44.66,1500,-1,1500,dummy
2234,44.68,1500,-1,1500,dummy
2235,44.7,1500,1,1500,dummy
2236,44.72,1500,-1,1500,dummy
2237,44.74,1500,1,1500,dummy
2238,44.76,1500,1,1500,dummy
2239,44.78,1500,1,1500,dummy
2240,44.8,1500,1,1500,dummy
2241,44.82,1500,-1,1500,dummy
2242,44.84,1500,-1,1500,dummy
2243,44.86,1500,-1,1500,dummy
2244,44.88,1500,-1,1500,dummy
2245,44.9,1500,-1,1500,dummy
2246,44.92,1500,-1,1500,dummy
2247,44.94,1500,-1,1500,dummy
2248,44.96,1500,1,1500,dummy
2249,44.98,1500,1,1500,dummy
2250,45.0,1500,1,1500,dummy
2251,45.02,1500,-1,1500,dummy
2252,45.04,1500,1,1500,dummy
2253,45.06,1500,1,1500,dummy
2254,45.08,1500,1,1500,dummy
2255,45.1,1500,-1,1500,dummy
2256,45.12,1500,-1,1500,dummy
2257,45.14,1500,1,1500,dummy
2258,45.16,1500,-1,1500,dummy
2259,45.18,1500,1,1500,dummy
2260,45.2,1500,-1,1500,dummy
2261,45.22,1500,-1,1500,dummy
2262,45.24,1500,1,1500,dummy
2263,45.26,1500,-1,1500,dummy
2264,45.28,1500,1,1500,dummy
2265,45.3,1500,1,1500,dummy
2266,45.32,1500,-1,1500,dummy
2267,45.34,1500,1,1500,dummy
2268,45.36,1500,-1,1500,dummy
2269,45.38,1500,-1,1500,dummy
2270,45.4,1500,1,1500,dummy
2271,45.42,1500,1,1500,dummy
2272,45.44,1500,1,1500,dummy
2273,45.46,1500,1,1500,dummy
2274,45.48,1500,-1,1500,dummy
2275,45.5,1500,1,1500,dummy
2276,45.52,1500,1,1500,dummy
2277,45.54,1500,-1,1500,dummy
2278,45.56,1500,1,1500,dummy
2279,45.58,1500,1,1500,dummy
2280,45.6,1500,-1,1500,dummy
2281,45.62,1500,1,1500,dummy
2282,45.64,1500,-1,1500,dummy
2283,45.66,1500,1,1500,dummy
2284,45.68,1500,1,1500,dummy
2285,45.7,1500,-1,1500,dummy
2286,45.72,1500,-1,1500,dummy
2287,45.74,1500,-1,1500,dummy
2288,45.76,1500,-1,1500,dummy
2289,45.78,1500,-1,1500,dummy
2290,45.8,1500,-1,1500,dummy
2291,45.82,1500,1,1500,dummy
2292,45.84,1500,-1,1500,dummy
2293,45.86,1500,-1,1500,dummy
2294,45.88,1500,-1,1500,dummy
2295,45.9,1500,-1,1500,dummy
2296,45.92,1500,1,1500,dummy
2297,45.94,1500,-1,1500,dummy
2298,45.96,1500,-1,1500,dummy
2299,45.98,1500,-1,1500,dummy
2300,46.0,1500,1,1500,dummy
2301,46.02,1500,1,1500,dummy
2302,46.04,1500,1,1500,dummy
2303,46.06,1500,-1,1500,dummy
2304,46.08,1500,-1,1500,dummy
2305,46.1,1500,1,1500,dummy
2306,46.12,1500,-1,1500,dummy
2307,46.14,1500,-1,1500,dummy
2308,46.16,1500,-1,1500,dummy
2309,46.18,1500,-1,1500,dummy
2310,46.2,1500,1,1500,dummy
2311,46.22,1500,-1,1500,dummy
2312,46.24,1500,1,1500,dummy
2313,46.26,1500,-1,1500,dummy
2314,46.28,1500,-1,1500,dummy
2315,46.3,1500,1,1500,dummy
2316,46.32,1500,1,1500,dummy
2317,46.34,1500,-1,1500,dummy
2318,46.36,1500,-1,1500,dummy
2319,46.38,1500,1,1500,dummy
2320,46.4,1500,1,1500,dummy
2321,46.42,1500,1,1500,dummy
2322,46.44,1500,1,1500,dummy
2323,46.46,1500,1,1500,dummy
2324,46.48,1500,-1,1500,dummy
2325,46.5,1500,-1,1500,dummy
2326,46.52,1500,1,1500,dummy
2327,46.54,1500,-1,1500,dummy
2328,46.56,1500,1,1500,dummy
2329,46.58,1500,-1,1500,dummy
2330,46.6,1500,1,1500,dummy
2331,46.62,1500,1,1500,dummy
2332,46.64,1500,1,1500,dummy
2333,46.66,1500,-1,1500,dummy
2334,46.68,1500,-1,1500,dummy
2335,46.7,1500,-1,1500,dummy
2336,46.72,1500,1,1500,dummy
2337,46.74,1500,1,1500,dummy
2338,46.76,1500,1,1500,dummy
2339,46.78,1500,1,1500,dummy
2340,46.8,1500,1,1500,dummy
2341,46.82,1500,1,1500,dummy
2342,46.84,1500,-1,1500,dummy
2343,46.86,1500,1,1500,dummy
2344,46.88,1500,-1,1500,dummy
2345,46.9,1500,-1,1500,dummy
2346,46.92,1500,1,1500,dummy
2347,46.94,1500,1,1500,dummy
2348,46.96,1500,-1,1500,dummy
2349,46.98,1500,-1,1500,dummy
2350,47.0,1500,-1,1500,dummy
2351,47.02,1500,1,1500,dummy
2352,47.04,1500,1,1500,dummy
2353,47.06,1500,1,1500,dummy
2354,47.08,1500,1,1500,dummy
2355,47.1,1500,-1,1500,dummy
2356,47.12,1500,-1,1500,dummy
2357,47.14,1500,-1,1500,dummy
2358,47.16,1500,1,1500,dummy
2359,47.18,1500,-1,1500,dummy
2360,47.2,1500,1,1500,dummy
2361,47.22,1500,1,1500,dummy
2362,47.24,1500,1,1500,dummy
2363,47.26,1500,-1,1500,dummy
2364,47.28,1500,-1,1500,dummy
2365,47.3,1500,-1,1500,dummy
2366,47.32,1500,-1,1500,dummy
2367,47.34,1500,1,1500,dummy
2368,47.36,1500,-1,1500,dummy
2369,47.38,1500,1,1500,dummy
2370,47.4,1500,-1,1500,dummy
2371,47.42,1500,-1,1500,dummy
2372,47.44,1500,-1,1500,dummy
2373,47.46,1500,-1,1500,dummy
2374,47.48,1500,-1,1500,dummy
2375,47.5,1500,-1,1500,dummy
2376,47.52,1500,-1,1500,dummy
2377,47.54,1500,1,1500,dummy
2378,47.56,1500,1,1500,dummy
2379,47.58,1500,1,1500,dummy
2380,47.6,1500,-1,1500,dummy
2381,47.62,1500,-1,1500,dummy
2382,47.64,1500,-1,1500,dummy
2383,47.66,1500,1,1500,dummy
2384,47.68,1500,1,1500,dummy
2385,47.7,1500,1,1500,dummy
2386,47.72,1500,1,1500,dummy
2387,47.74,1500,1,1500,dummy
2388,47.76,1500,-1,1500,dummy
2389,47.78,1500,-1,1500,dummy
2390,47.8,1500,1,1500,dummy
2391,47.82,1500,-1,1500,dummy
2392,47.84,1500,-1,1500,dummy
2393,47.86,1500,-1,1500,dummy
2394,47.88,1500,1,1500,dummy
2395,47.9,1500,1,1500,dummy
2396,47.92,1500,1,1500,dummy
2397,47.94,1500,-1,1500,dummy
2398,47.96,1500,1,1500,dummy
2399,47.98,1500,-1,1500,dummy
2400,48.0,1500,-1,1500,dummy
2401,48.02,1500,-1,1500,dummy
2402,48.04,1500,-1,1500,dummy
2403,48.06,1500,-1,1500,dummy
2404,48.08,1500,-1,1500,dummy
2405,48.1,1500,1,1500,dummy
2406,48.12,1500,1,1500,dummy
2407,48.14,1500,-1,1500,dummy
2408,48.16,1500,-1,1500,dummy
2409,48.18,1500,-1,1500,dummy
2410,48.2,1500,-1,1500,dummy
2411,48.22,1500,-1,1500,dummy
2412,48.24,1500,1,1500,dummy
2413,48.26,1500,-1,1500,dummy
2414,48.28,1500,1,1500,dummy
2415,48.3,1500,1,1500,dummy
2416,48.32,1500,1,1500,dummy
2417,48.34,1500,-1,1500,dummy
2418,48.36,1500,-1,1500,dummy
2419,48.38,1500,1,1500,dummy
2420,48.4,1500,1,1500,dummy
2421,48.42,1500,1,1500,dummy
2422,48.44,1500,1,1500,dummy
2423,48.46,1500,-1,1500,dummy
2424,48.48,1500,-1,1500,dummy
2425,48.5,1500,-1,1500,dummy
2426,48.52,1500,1,1500,dummy
2427,48.54,1500,1,1500,dummy
2428,48.56,1500,-1,1500,dummy
2429,48.58,1500,1,1500,dummy
2430,48.6,1500,1,1500,dummy
2431,48.62,1500,1,1500,dummy
2432,48.64,1500,-1,1500,dummy
2433,48.66,1500,1,1500,dummy
2434,48.68,1500,1,1500,dummy
2435,48.7,1500,-1,1500,dummy
2436,48.72,1500,1,1500,dummy
2437,48.74,1500,-1,1500,dummy
2438,48.76,1500,-1,1500,dummy
2439,48.78,1500,-1,1500,dummy
2440,48.8,1500,1,1500,dummy
2441,48.82,1500,-1,1500,dummy
2442,48.84,1500,-1,1500,dummy
2443,48.86,1500,1,1500,dummy
2444,48.88,1500,1,1500,dummy
2445,48.9,1500,1,1500,dummy
2446,48.92,1500,1,1500,dummy
2447,48.94,1500,1,1500,dummy
2448,48.96,1500,-1,1500,dummy
2449,48.98,1500,1,1500,dummy
2450,49.0,1500,-1,1500,dummy
2451,49.02,1500,1,1500,dummy
2452,49.04,1500,1,1500,dummy
2453,49.06,1500,-1,1500,dummy
2454,49.08,1500,1,1500,dummy
2455,49.1,1500,-1,1500,dummy
2456,49.12,1500,-1,1500,dummy
2457,49.14,1500,1,1500,dummy
2458,49.16,1500,-1,1500,dummy
2459,49.18,1500,-1,1500,dummy
2460,49.2,1500,1,1500,dummy
2461,49.22,1500,1,1500,dummy
2462,49.24,1500,1,1500,dummy
2463,49.26,1500,1,1500,dummy
2464,49.28,1500,1,1500,dummy
2465,49.3,1500,1,1500,dummy
2466,49.32,1500,1,1500,dummy
2467,49.34,1500,-1,1500,dummy
2468,49.36,1500,1,1500,dummy
2469,49.38,1500,-1,1500,dummy
2470,49.4,1500,-1,1500,dummy
2471,49.42,1500,-1,1500,dummy
2472,49.44,1500,1,1500,dummy
2473,49.46,1500,1,1500,dummy
2474,49.48,1500,-1,1500,dummy
2475,49.5,1500,1,1500,dummy
2476,49.52,1500,1,1500,dummy
2477,49.54,1500,1,1500,dummy
2478,49.56,1500,1,1500,dummy
2479,49.58,1500,1,1500,dummy
2480,49.6,1500,-1,1500,dummy
2481,49.62,1500,1,1500,dummy
2482,49.64,1500,-1,1500,dummy
2483,49.66,1500,1,1500,dummy
2484,49.68,1500,1,1500,dummy
2485,49.7,1500,-1,1500,dummy
2486,49.72,1500,1,1500,dummy
2487,49.74,1500,1,1500,dummy
2488,49.76,1500,1,1500,dummy
2489,49.78,1500,-1,1500,dummy
2490,49.8,1500,1,1500,dummy
2491,49.82,1500,-1,1500,dummy
2492,49.84,1500,1,1500,dummy
2493,49.86,1500,1,1500,dummy
2494,49.88,1500,-1,1500,dummy
2495,49.9,1500,1,1500,dummy
2496,49.92,1500,1,1500,dummy
2497,49.94,1500,1,1500,dummy
2498,49.96,1500,1,1500,dummy
2499,49.98,1500,-1,1500,dummy
2500,50.0,1500,-1,1500,dummy
2501,50.02,1500,-1,1500,dummy
2502,50.04,1500,-1,1500,dummy
2503,50.06,1500,1,1500,dummy
2504,50.08,1500,-1,1500,dummy
2505,50.1,1500,-1,1500,dummy
2506,50.12,1500,-1,1500,dummy
2507,50.14,1500,-1,1500,dummy
2508,50.16,1500,1,1500,dummy
2509,50.18,1500,1,1500,dummy
2510,50.2,1500,1,1500,dummy
2511,50.22,1500,-1,1500,dummy
2512,50.24,1500,1,1500,dummy
2513,50.26,1500,1,1500,dummy
2514,50.28,1500,-1,1500,dummy
2515,50.3,1500,1,1500,dummy
2516,50.32,1500,1,1500,dummy
2517,50.34,1500,1,1500,dummy
2518,50.36,1500,1,1500,dummy
2519,50.38,1500,1,1500,dummy
2520,50.4,1500,1,1500,dummy
2521,50.42,1500,-1,1500,dummy
2522,50.44,1500,-1,1500,dummy
2523,50.46,1500,1,1500,dummy
2524,50.48,1500,-1,1500,dummy
2525,50.5,1500,-1,1500,dummy
2526,50.52,1500,-1,1500,dummy
2527,50.54,1500,1,1500,dummy
2528,50.56,1500,1,1500,dummy
2529,50.58,1500,1,1500,dummy
2530,50.6,1500,-1,1500,dummy
2531,50.62,1500,1,1500,dummy
2532,50.64,1500,1,1500,dummy
2533,50.66,1500,-1,1500,dummy
2534,50.68,1500,-1,1500,dummy
2535,50.7,1500,1,1500,dummy
2536,50.72,1500,1,1500,dummy
2537,50.74,1500,1,1500,dummy
2538,50.76,1500,-1,1500,dummy
2539,50.78,1500,1,1500,dummy
2540,50.8,1500,-1,1500,dummy
2541,50.82,1500,-1,1500,dummy
2542,50.84,1500,-1,1500,dummy
2543,50.86,1500,-1,1500,dummy
2544,50.88,1500,-1,1500,dummy
2545,50.9,1500,1,1500,dummy
2546,50.92,1500,1,1500,dummy
2547,50.94,1500,-1,1500,dummy
2548,50.96,1500,1,1500,dummy
2549,50.98,1500,-1,1500,dummy
2550,51.0,1500,-1,1500,dummy
2551,51.02,1500,1,1500,dummy
2552,51.04,1500,1,1500,dummy
2553,51.06,1500,-1,1500,dummy
2554,51.08,1500,-1,1500,dummy
2555,51.1,1500,1,1500,dummy
2556,51.12,1500,-1,1500,dummy
2557,51.14,1500,-1,1500,dummy
2558,51.16,1500,-1,1500,dummy
2559,51.18,1500,-1,1500,dummy
2560,51.2,1500,1,1500,dummy
2561,51.22,1500,-1,1500,dummy
2562,51.24,1500,1,1500,dummy
2563,51.26,1500,-1,1500,dummy
2564,51.28,1500,1,1500,dummy
2565,51.3,1500,1,1500,dummy
2566,51.32,1500,1,1500,dummy
2567,51.34,1500,1,1500,dummy
2568,51.36,1500,-1,1500,dummy
2569,51.38,1500,-1,1500,dummy
2570,51.4,1500,1,1500,dummy
2571,51.42,1500,-1,1500,dummy
2572,51.44,1500,1,1500,dummy
2573,51.46,1500,-1,1500,dummy
2574,51.48,1500,1,1500,dummy
2575,51.5,1500,-1,1500,dummy
2576,51.52,1500,1,1500,dummy
2577,51.54,1500,1,1500,dummy
2578,51.56,1500,-1,1500,dummy
2579,51.58,1500,-1,1500,dummy
2580,51.6,1500,1,1500,dummy
2581,51.62,1500,1,1500,dummy
2582,51.64,1500,-1,1500,dummy
2583,51.66,1500,-1,1500,dummy
2584,51.68,1500,1,1500,dummy
2585,51.7,1500,-1,1500,dummy
2586,51.72,1500,1,1500,dummy
2587,51.74,1500,1,1500,dummy
2588,51.76,1500,1,1500,dummy
2589,51.78,1500,1,1500,dummy
2590,51.8,1500,1,1500,dummy
2591,51.82,1500,-1,1500,dummy
2592,51.84,1500,-1,1500,dummy
2593,51.86,1500,1,1500,dummy
2594,51.88,1500,1,1500,dummy
2595,51.9,1500,-1,1500,dummy
2596,51.92,1500,-1,1500,dummy
2597,51.94,1500,-1,1500,dummy
2598,51.96,1500,1,1500,dummy
2599,51.98,1500,1,1500,dummy
2600,52.0,1500,1,1500,dummy
2601,52.02,1500,1,1500,dummy
2602,52.04,1500,-1,1500,dummy
2603,52.06,1500,-1,1500,dummy
2604,52.08,1500,-1,1500,dummy
2605,52.1,1500,-1,1500,dummy
2606,52.12,1500,1,1500,dummy
2607,52.14,1500,-1,1500,dummy
2608,52.16,1500,1,1500,dummy
2609,52.18,1500,1,1500,dummy
2610,52.2,1500,-1,1500,dummy
2611,52.22,1500,1,1500,dummy
2612,52.24,1500,1,1500,dummy
2613,52.26,1500,1,1500,dummy
2614,52.28,1500,-1,1500,dummy
2615,52.3,1500,1,1500,dummy
2616,52.32,1500,1,1500,dummy
2617,52.34,1500,1,1500,dummy
2618,52.36,1500,1,1500,dummy
2619,52.38,1500,-1,1500,dummy
2620,52.4,1500,1,1500,dummy
2621,52.42,1500,-1,1500,dummy
2622,52.44,1500,1,1500,dummy
2623,52.46,1500,-1,1500,dummy
2624,52.48,1500,1,1500,dummy
2625,52.5,1500,1,1500,dummy
2626,52.52,1500,-1,1500,dummy
2627,52.54,1500,1,1500,dummy
2628,52.56,1500,1,1500,dummy
2629,52.58,1500,-1,1500,dummy
2630,52.6,1500,-1,1500,dummy
2631,52.62,1500,-1,1500,dummy
2632,52.64,1500,1,1500,dummy
2633,52.66,1500,-1,1500,dummy
2634,52.68,1500,1,1500,dummy
2635,52.7,1500,-1,1500,dummy
2636,52.72,1500,1,1500,dummy
2637,52.74,1500,-1,1500,dummy
2638,52.76,1500,-1,1500,dummy
2639,52.78,1500,-1,1500,dummy
2640,52.8,1500,-1,1500,dummy
2641,52.82,1500,1,1500,dummy
2642,52.84,1500,1,1500,dummy
2643,52.86,1500,-1,1500,dummy
2644,52.88,1500,-1,1500,dummy
2645,52.9,1500,-1,1500,dummy
2646,52.92,1500,-1,1500,dummy
2647,52.94,1500,1,1500,dummy
2648,52.96,1500,-1,1500,dummy
2649,52.98,1500,-1,1500,dummy
2650,53.0,1500,1,1500,dummy
2651,53.02,1500,1,1500,dummy
2652,53.04,1500,1,1500,dummy
2653,53.06,1500,-1,1500,dummy
2654,53.08,1500,1,1500,dummy
2655,53.1,1500,1,1500,dummy
2656,53.12,1500,1,1500,dummy
2657,53.14,1500,-1,1500,dummy
2658,53.16,1500,-1,1500,dummy
2659,53.18,1500,1,1500,dummy
2660,53.2,1500,1,1500,dummy
2661,53.22,1500,1,1500,dummy
2662,53.24,1500,-1,1500,dummy
2663,53.26,1500,1,1500,dummy
2664,53.28,1500,1,1500,dummy
2665,53.3,1500,-1,1500,dummy
2666,53.32,1500,-1,1500,dummy
2667,53.34,1500,1,1500,dummy
2668,53.36,1500,-1,1500,dummy
2669,53.38,1500,-1,1500,dummy
2670,53.4,1500,-1,1500,dummy
2671,53.42,1500,1,1500,dummy
2672,53.44,1500,-1,1500,dummy
2673,53.46,1500,-1,1500,dummy
2674,53.48,1500,-1,1500,dummy
2675,53.5,1500,-1,1500,dummy
2676,53.52,1500,1,1500,dummy
2677,53.54,1500,1,1500,dummy
2678,53.56,1500,1,1500,dummy
2679,53.58,1500,-1,1500,dummy
2680,53.6,1500,-1,1500,dummy
2681,53.62,1500,-1,1500,dummy
2682,53.64,1500,1,1500,dummy
2683,53.66,1500,-1,1500,dummy
2684,53.68,1500,1,1500,dummy
2685,53.7,1500,1,1500,dummy
2686,53.72,1500,-1,1500,dummy
2687,53.74,1500,1,1500,dummy
2688,53.76,1500,-1,1500,dummy
2689,53.78,1500,-1,1500,dummy
2690,53.8,1500,1,1500,dummy
2691,53.82,1500,-1,1500,dummy
2692,53.84,1500,1,1500,dummy
2693,53.86,1500,-1,1500,dummy
2694,53.88,1500,-1,1500,dummy
2695,53.9,1500,1,1500,dummy
2696,53.92,1500,-1,1500,dummy
2697,53.94,1500,-1,1500,dummy
2698,53.96,1500,-1,1500,dummy
2699,53.98,1500,-1,1500,dummy
2700,54.0,1500,-1,1500,dummy
2701,54.02,1500,-1,1500,dummy
2702,54.04,1500,1,1500,dummy
2703,54.06,1500,-1,1500,dummy
2704,54.08,1500,-1,1500,dummy
2705,54.1,1500,-1,1500,dummy
2706,54.12,1500,1,1500,dummy
2707,54.14,1500,-1,1500,dummy
2708,54.16,1500,1,1500,dummy
2709,54.18,1500,-1,1500,dummy
2710,54.2,1500,-1,1500,dummy
2711,54.22,1500,1,1500,dummy
2712,54.24,1500,1,1500,dummy
2713,54.26,1500,1,1500,dummy
2714,54.28,1500,-1,1500,dummy
2715,54.3,1500,1,1500,dummy
2716,54.32,1500,1,1500,dummy
2717,54.34,1500,-1,1500,dummy
2718,54.36,1500,1,1500,dummy
2719,54.38,1500,-1,1500,dummy
2720,54.4,1500,-1,1500,dummy
2721,54.42,1500,1,1500,dummy
2722,54.44,1500,1,1500,dummy
2723,54.46,1500,1,1500,dummy
2724,54.48,1500,-1,1500,dummy
2725,54.5,1500,1,1500,dummy
2726,54.52,1500,-1,1500,dummy
2727,54.54,1500,1,1500,dummy
2728,54.56,1500,-1,1500,dummy
2729,54.58,1500,1,1500,dummy
2730,54.6,1500,1,1500,dummy
2731,54.62,1500,-1,1500,dummy
2732,54.64,1500,1,1500,dummy
2733,54.66,1500,1,1500,dummy
2734,54.68,1500,-1,1500,dummy
2735,54.7,1500,-1,1500,dummy
2736,54.72,1500,-1,1500,dummy
2737,54.74,1500,-1,1500,dummy
2738,54.76,1500,1,1500,dummy
2739,54.78,1500,1,1500,dummy
2740,54.8,1500,-1,1500,dummy
2741,54.82,1500,-1,1500,dummy
2742,54.84,1500,1,1500,dummy
2743,54.86,1500,1,1500,dummy
2744,54.88,1500,1,1500,dummy
2745,54.9,1500,1,1500,dummy
2746,54.92,1500,-1,1500,dummy
2747,54.94,1500,-1,1500,dummy
2748,54.96,1500,-1,1500,dummy
2749,54.98,1500,-1,1500,dummy
2750,55.0,1500,1,1500,dummy
2751,55.02,1500,-1,1500,dummy
2752,55.04,1500,-1,1500,dummy
2753,55.06,1500,-1,1500,dummy
2754,55.08,1500,1,1500,dummy
2755,55.1,1500,1,1500,dummy
2756,55.12,1500,-1,1500,dummy
2757,55.14,1500,1,1500,dummy
2758,55.16,1500,-1,1500,dummy
2759,55.18,1500,1,1500,dummy
2760,55.2,1500,1,1500,dummy
2761,55.22,1500,-1,1500,dummy
2762,55.24,1500,-1,1500,dummy
2763,55.26,1500,-1,1500,dummy
2764,55.28,1500,-1,1500,dummy
2765,55.3,1500,1,1500,dummy
2766,55.32,1500,-1,1500,dummy
2767,55.34,1500,-1,1500,dummy
2768,55.36,1500,1,1500,dummy
2769,55.38,1500,1,1500,dummy
2770,55.4,1500,1,1500,dummy
2771,55.42,1500,-1,1500,dummy
2772,55.44,1500,1,1500,dummy
2773,55.46,1500,1,1500,dummy
2774,55.48,1500,1,1500,dummy
2775,55.5,1500,1,1500,dummy
2776,55.52,1500,1,1500,dummy
2777,55.54,1500,1,1500,dummy
2778,55.56,1500,-1,1500,dummy
2779,55.58,1500,1,1500,dummy
2780,55.6,1500,1,1500,dummy
2781,55.62,1500,-1,1500,dummy
2782,55.64,1500,-1,1500,dummy
2783,55.66,1500,1,1500,dummy
2784,55.68,1500,-1,1500,dummy
2785,55.7,1500,-1,1500,dummy
2786,55.72,1500,-1,1500,dummy
2787,55.74,1500,-1,1500,dummy
2788,55.76,1500,-1,1500,dummy
2789,55.78,1500,-1,1500,dummy
2790,55.8,1500,-1,1500,dummy
2791,55.82,1500,-1,1500,dummy
2792,55.84,1500,-1,1500,dummy
2793,55.86,1500,-1,1500,dummy
2794,55.88,1500,-1,1500,dummy
2795,55.9,1500,-1,1500,dummy
2796,55.92,1500,-1,1500,dummy
2797,55.94,1500,-1,1500,dummy
2798,55.96,1500,-1,1500,dummy
2799,55.98,1500,-1,1500,dummy
2800,56.0,1500,1,1500,dummy
2801,56.02,1500,1,1500,dummy
2802,56.04,1500,-1,1500,dummy
2803,56.06,1500,1,1500,dummy
2804,56.08,1500,-1,1500,dummy
2805,56.1,1500,1,1500,dummy
2806,56.12,1500,-1,1500,dummy
2807,56.14,1500,-1,1500,dummy
2808,56.16,1500,-1,1500,dummy
2809,56.18,1500,1,1500,dummy
2810,56.2,1500,-1,1500,dummy
2811,56.22,1500,1,1500,dummy
2812,56.24,1500,-1,1500,dummy
2813,56.26,1500,-1,1500,dummy
2814,56.28,1500,-1,1500,dummy
2815,56.3,1500,1,1500,dummy
2816,56.32,1500,1,1500,dummy
2817,56.34,1500,-1,1500,dummy
2818,56.36,1500,-1,1500,dummy
2819,56.38,1500,-1,1500,dummy
2820,56.4,1500,-1,1500,dummy
2821,56.42,1500,1,1500,dummy
2822,56.44,1500,1,1500,dummy
2823,56.46,1500,1,1500,dummy
2824,56.48,1500,-1,1500,dummy
2825,56.5,1500,1,1500,dummy
2826,56.52,1500,-1,1500,dummy
2827,56.54,1500,-1,1500,dummy
2828,56.56,1500,1,1500,dummy
2829,56.58,1500,-1,1500,dummy
2830,56.6,1500,1,1500,dummy
2831,56.62,1500,-1,1500,dummy
2832,56.64,1500,1,1500,dummy
2833,56.66,1500,-1,1500,dummy
2834,56.68,1500,-1,1500,dummy
2835,56.7,1500,1,1500,dummy
2836,56.72,1500,-1,1500,dummy
2837,56.74,1500,1,1500,dummy
2838,56.76,1500,1,1500,dummy
2839,56.78,1500,-1,1500,dummy
2840,56.8,1500,-1,1500,dummy
2841,56.82,1500,1,1500,dummy
2842,56.84,1500,-1,1500,dummy
2843,56.86,1500,1,1500,dummy
2844,56.88,1500,-1,1500,dummy
2845,56.9,1500,-1,1500,dummy
2846,56.92,1500,-1,1500,dummy
2847,56.94,1500,-1,1500,dummy
2848,56.96,1500,1,1500,dummy
2849,56.98,1500,-1,1500,dummy
2850,57.0,1500,-1,1500,dummy
2851,57.02,1500,-1,1500,dummy
2852,57.04,1500,1,1500,dummy
2853,57.06,1500,-1,1500,dummy
2854,57.08,1500,-1,1500,dummy
2855,57.1,1500,-1,1500,dummy
2856,57.12,1500,1,1500,dummy
2857,57.14,1500,-1,1500,dummy
2858,57.16,1500,1,1500,dummy
2859,57.18,1500,1,1500,dummy
2860,57.2,1500,1,1500,dummy
2861,57.22,1500,1,1500,dummy
2862,57.24,1500,1,1500,dummy
2863,57.26,1500,-1,1500,dummy
2864,57.28,1500,1,1500,dummy
2865,57.3,1500,1,1500,dummy
2866,57.32,1500,-1,1500,dummy
2867,57.34,1500,1,1500,dummy
2868,57.36,1500,-1,1500,dummy
2869,57.38,1500,1,1500,dummy
2870,57.4,1500,-1,1500,dummy
2871,57.42,1500,1,1500,dummy
2872,57.44,1500,1,1500,dummy
2873,57.46,1500,-1,1500,dummy
2874,57.48,1500,-1,1500,dummy
2875,57.5,1500,1,1500,dummy
2876,57.52,1500,-1,1500,dummy
2877,57.54,1500,-1,1500,dummy
2878,57.56,1500,1,1500,dummy
2879,57.58,1500,-1,1500,dummy
2880,57.6,1500,-1,1500,dummy
2881,57.62,1500,1,1500,dummy
2882,57.64,1500,-1,1500,dummy
2883,57.66,1500,1,1500,dummy
2884,57.68,1500,1,1500,dummy
2885,57.7,1500,1,1500,dummy
2886,57.72,1500,-1,1500,dummy
2887,57.74,1500,-1,1500,dummy
2888,57.76,1500,-1,1500,dummy
2889,57.78,1500,1,1500,dummy
2890,57.8,1500,1,1500,dummy
2891,57.82,1500,1,1500,dummy
2892,57.84,1500,1,1500,dummy
2893,57.86,1500,1,1500,dummy
2894,57.88,1500,1,1500,dummy
2895,57.9,1500,1,1500,dummy
2896,57.92,1500,-1,1500,dummy
2897,57.94,1500,-1,1500,dummy
2898,57.96,1500,-1,1500,dummy
2899,57.98,1500,-1,1500,dummy
2900,58.0,1500,1,1500,dummy
2901,58.02,1500,1,1500,dummy
2902,58.04,1500,-1,1500,dummy
2903,58.06,1500,-1,1500,dummy
2904,58.08,1500,1,1500,dummy
2905,58.1,1500,-1,1500,dummy
2906,58.12,1500,1,1500,dummy
2907,58.14,1500,-1,1500,dummy
2908,58.16,1500,-1,1500,dummy
2909,58.18,1500,-1,1500,dummy
2910,58.2,1500,-1,1500,dummy
2911,58.22,1500,1,1500,dummy
2912,58.24,1500,1,1500,dummy
2913,58.26,1500,-1,1500,dummy
2914,58.28,1500,1,1500,dummy
2915,58.3,1500,1,1500,dummy
2916,58.32,1500,1,1500,dummy
2917,58.34,1500,1,1500,dummy
2918,58.36,1500,1,1500,dummy
2919,58.38,1500,1,1500,dummy
2920,58.4,1500,1,1500,dummy
2921,58.42,1500,-1,1500,dummy
2922,58.44,1500,-1,1500,dummy
2923,58.46,1500,1,1500,dummy
2924,58.48,1500,1,1500,dummy
2925,58.5,1500,1,1500,dummy
2926,58.52,1500,-1,1500,dummy
2927,58.54,1500,1,1500,dummy
2928,58.56,1500,1,1500,dummy
2929,58.58,1500,-1,1500,dummy
2930,58.6,1500,-1,1500,dummy
2931,58.62,1500,1,1500,dummy
2932,58.64,1500,-1,1500,dummy
2933,58.66,1500,-1,1500,dummy
2934,58.68,1500,1,1500,dummy
2935,58.7,1500,1,1500,dummy
2936,58.72,1500,-1,1500,dummy
2937,58.74,1500,-1,1500,dummy
2938,58.76,1500,-1,1500,dummy
2939,58.78,1500,-1,1500,dummy
2940,58.8,1500,1,1500,dummy
2941,58.82,1500,1,1500,dummy
2942,58.84,1500,1,1500,dummy
2943,58.86,1500,-1,1500,dummy
2944,58.88,1500,-1,1500,dummy
2945,58.9,1500,-1,1500,dummy
2946,58.92,1500,-1,1500,dummy
2947,58.94,1500,1,1500,dummy
2948,58.96,1500,1,1500,dummy
2949,58.98,1500,-1,1500,dummy
2950,59.0,1500,-1,1500,dummy
2951,59.02,1500,-1,1500,dummy
2952,59.04,1500,1,1500,dummy
2953,59.06,1500,1,1500,dummy
2954,59.08,1500,1,1500,dummy
2955,59.1,1500,1,1500,dummy
2956,59.12,1500,-1,1500,dummy
2957,59.14,1500,1,1500,dummy
2958,59.16,1500,-1,1500,dummy
2959,59.18,1500,-1,1500,dummy
2960,59.2,1500,1,1500,dummy
2961,59.22,1500,1,1500,dummy
2962,59.24,1500,1,1500,dummy
2963,59.26,1500,-1,1500,dummy
2964,59.28,1500,-1,1500,dummy
2965,59.3,1500,-1,1500,dummy
2966,59.32,1500,1,1500,dummy
2967,59.34,1500,1,1500,dummy
2968,59.36,1500,1,1500,dummy
2969,59.38,1500,1,1500,dummy
2970,59.4,1500,-1,1500,dummy
2971,59.42,1500,1,1500,dummy
2972,59.44,1500,1,1500,dummy
2973,59.46,1500,-1,1500,dummy
2974,59.48,1500,1,1500,dummy
2975,59.5,1500,1,1500,dummy
2976,59.52,1500,-1,1500,dummy
2977,59.54,1500,-1,1500,dummy
2978,59.56,1500,1,1500,dummy
2979,59.58,1500,-1,1500,dummy
2980,59.6,1500,-1,1500,dummy
2981,59.62,1500,-1,1500,dummy
2982,59.64,1500,1,1500,dummy
2983,59.66,1500,1,1500,dummy
2984,59.68,1500,-1,1500,dummy
2985,59.7,1500,-1,1500,dummy
2986,59.72,1500,1,1500,dummy
2987,59.74,1500,1,1500,dummy
2988,59.76,1500,-1,1500,dummy
2989,59.78,1500,1,1500,dummy
2990,59.8,1500,1,1500,dummy
2991,59.82,1500,1,1500,dummy
2992,59.84,1500,-1,1500,dummy
2993,59.86,1500,-1,1500,dummy
2994,59.88,1500,-1,1500,dummy
2995,59.9,1500,-1,1500,dummy
2996,59.92,1500,1,1500,dummy
2997,59.94,1500,1,1500,dummy
2998,59.96,1500,-1,1500,dummy
2999,59.98,1500,1,1500,dummy
3000,60.0,1500,-1,1500,dummy
3001,60.02,1500,-1,1500,dummy
3002,60.04,1500,-1,1500,dummy
3003,60.06,1500,1,1500,dummy
3004,60.08,1500,-1,1500,dummy
3005,60.1,1500,-1,1500,dummy
3006,60.12,1500,1,1500,dummy
3007,60.14,1500,1,1500,dummy
3008,60.16,1500,1,1500,dummy
3009,60.18,1500,1,1500,dummy
3010,60.2,1500,-1,1500,dummy
3011,60.22,1500,-1,1500,dummy
3012,60.24,1500,-1,1500,dummy
3013,60.26,1500,1,1500,dummy
3014,60.28,1500,1,1500,dummy
3015,60.3,1500,1,1500,dummy
3016,60.32,1500,1,1500,dummy
3017,60.34,1500,1,1500,dummy
3018,60.36,1500,-1,1500,dummy
3019,60.38,1500,-1,1500,dummy
3020,60.4,1500,1,1500,dummy
3021,60.42,1500,1,1500,dummy
3022,60.44,1500,-1,1500,dummy
3023,60.46,1500,-1,1500,dummy
3024,60.48,1500,-1,1500,dummy
3025,60.5,1500,1,1500,dummy
3026,60.52,1500,1,1500,dummy
3027,60.54,1500,-1,1500,dummy
3028,60.56,1500,1,1500,dummy
3029,60.58,1500,1,1500,dummy
3030,60.6,1500,-1,1500,dummy
3031,60.62,1500,-1,1500,dummy
3032,60.64,1500,-1,1500,dummy
3033,60.66,1500,-1,1500,dummy
3034,60.68,1500,1,1500,dummy
3035,60.7,1500,1,1500,dummy
3036,60.72,1500,1,1500,dummy
3037,60.74,1500,-1,1500,dummy
3038,60.76,1500,1,1500,dummy
3039,60.78,1500,-1,1500,dummy
3040,60.8,1500,-1,1500,dummy
3041,60.82,1500,-1,1500,dummy
3042,60.84,1500,1,1500,dummy
3043,60.86,1500,1,1500,dummy
3044,60.88,1500,1,1500,dummy
3045,60.9,1500,-1,1500,dummy
3046,60.92,1500,-1,1500,dummy
3047,60.94,1500,-1,1500,dummy
3048,60.96,1500,-1,1500,dummy
3049,60.98,1500,1,1500,dummy
3050,61.0,1500,1,1500,dummy
3051,61.02,1500,1,1500,dummy
3052,61.04,1500,-1,1500,dummy
3053,61.06,1500,-1,1500,dummy
3054,61.08,1500,1,1500,dummy
3055,61.1,1500,1,1500,dummy
3056,61.12,1500,1,1500,dummy
3057,61.14,1500,1,1500,dummy
3058,61.16,1500,1,1500,dummy
3059,61.18,1500,-1,1500,dummy
3060,61.2,1500,-1,1500,dummy
3061,61.22,1500,1,1500,dummy
3062,61.24,1500,1,1500,dummy
3063,61.26,1500,1,1500,dummy
3064,61.28,1500,-1,1500,dummy
3065,61.3,1500,-1,1500,dummy
3066,61.32,1500,-1,1500,dummy
3067,61.34,1500,1,1500,dummy
3068,61.36,1500,1,1500,dummy
3069,61.38,1500,1,1500,dummy
3070,61.4,1500,1,1500,dummy
3071,61.42,1500,1,1500,dummy
3072,61.44,1500,1,1500,dummy
3073,61.46,1500,-1,1500,dummy
3074,61.48,1500,1,1500,dummy
3075,61.5,1500,-1,1500,dummy
3076,61.52,1500,1,1500,dummy
3077,61.54,1500,-1,1500,dummy
3078,61.56,1500,-1,1500,dummy
3079,61.58,1500,-1,1500,dummy
3080,61.6,1500,1,1500,dummy
3081,61.62,1500,-1,1500,dummy
3082,61.64,1500,1,1500,dummy
3083,61.66,1500,-1,1500,dummy
3084,61.68,1500,1,1500,dummy
3085,61.7,1500,1,1500,dummy
3086,61.72,1500,1,1500,dummy
3087,61.74,1500,-1,1500,dummy
3088,61.76,1500,-1,1500,dummy
3089,61.78,1500,1,1500,dummy
3090,61.8,1500,-1,1500,dummy
3091,61.82,1500,-1,1500,dummy
3092,61.84,1500,-1,1500,dummy
3093,61.86,1500,-1,1500,dummy
3094,61.88,1500,1,1500,dummy
3095,61.9,1500,1,1500,dummy
3096,61.92,1500,-1,1500,dummy
3097,61.94,1500,1,1500,dummy
3098,61.96,1500,1,1500,dummy
3099,61.98,1500,-1,1500,dummy
3100,62.0,1500,1,1500,dummy
3101,62.02,1500,1,1500,dummy
3102,62.04,1500,-1,1500,dummy
3103,62.06,1500,1,1500,dummy
3104,62.08,1500,1,1500,dummy
3105,62.1,1500,-1,1500,dummy
3106,62.12,1500,-1,1500,dummy
3107,62.14,1500,-1,1500,dummy
3108,62.16,1500,1,1500,dummy
3109,62.18,1500,-1,1500,dummy
3110,62.2,1500,1,1500,dummy
3111,62.22,1500,1,1500,dummy
3112,62.24,1500,-1,1500,dummy
3113,62.26,1500,-1,1500,dummy
3114,62.28,1500,-1,1500,dummy
3115,62.3,1500,-1,1500,dummy
3116,62.32,1500,-1,1500,dummy
3117,62.34,1500,-1,1500,dummy
3118,62.36,1500,-1,1500,dummy
3119,62.38,1500,-1,1500,dummy
3120,62.4,1500,-1,1500,dummy
3121,62.42,1500,-1,1500,dummy
3122,62.44,1500,1,1500,dummy
3123,62.46,1500,1,1500,dummy
3124,62.48,1500,1,1500,dummy
3125,62.5,1500,1,1500,dummy
3126,62.52,1500,-1,1500,dummy
3127,62.54,1500,1,1500,dummy
3128,62.56,1500,-1,1500,dummy
3129,62.58,1500,-1,1500,dummy
3130,62.6,1500,-1,1500,dummy
3131,62.62,1500,1,1500,dummy
3132,62.64,1500,1,1500,dummy
3133,62.66,1500,-1,1500,dummy
3134,62.68,1500,1,1500,dummy
3135,62.7,1500,-1,1500,dummy
3136,62.72,1500,1,1500,dummy
3137,62.74,1500,1,1500,dummy
3138,62.76,1500,-1,1500,dummy
3139,62.78,1500,-1,1500,dummy
3140,62.8,1500,1,1500,dummy
3141,62.82,1500,-1,1500,dummy
3142,62.84,1500,1,1500,dummy
3143,62.86,1500,1,1500,dummy
3144,62.88,1500,1,1500,dummy
3145,62.9,1500,-1,1500,dummy
3146,62.92,1500,-1,1500,dummy
3147,62.94,1500,1,1500,dummy
3148,62.96,1500,-1,1500,dummy
3149,62.98,1500,1,1500,dummy
3150,63.0,1500,1,1500,dummy
3151,63.02,1500,1,1500,dummy
3152,63.04,1500,1,1500,dummy
3153,63.06,1500,1,1500,dummy
3154,63.08,1500,1,1500,dummy
3155,63.1,1500,1,1500,dummy
3156,63.12,1500,-1,1500,dummy
3157,63.14,1500,-1,1500,dummy
3158,63.16,1500,1,1500,dummy
3159,63.18,1500,-1,1500,dummy
3160,63.2,1500,1,1500,dummy
3161,63.22,1500,-1,1500,dummy
3162,63.24,1500,1,1500,dummy
3163,63.26,1500,-1,1500,dummy
3164,63.28,1500,1,1500,dummy
3165,63.3,1500,1,1500,dummy
3166,63.32,1500,1,1500,dummy
3167,63.34,1500,-1,1500,dummy
3168,63.36,1500,-1,1500,dummy
3169,63.38,1500,-1,1500,dummy
3170,63.4,1500,1,1500,dummy
3171,63.42,1500,-1,1500,dummy
3172,63.44,1500,-1,1500,dummy
3173,63.46,1500,1,1500,dummy
3174,63.48,1500,1,1500,dummy
3175,63.5,1500,1,1500,dummy
3176,63.52,1500,-1,1500,dummy
3177,63.54,1500,-1,1500,dummy
3178,63.56,1500,-1,1500,dummy
3179,63.58,1500,1,1500,dummy
3180,63.6,1500,1,1500,dummy
3181,63.62,1500,-1,1500,dummy
3182,63.64,1500,1,1500,dummy
3183,63.66,1500,1,1500,dummy
3184,63.68,1500,1,1500,dummy
3185,63.7,1500,1,1500,dummy
3186,63.72,1500,-1,1500,dummy
3187,63.74,1500,1,1500,dummy
3188,63.76,1500,1,1500,dummy
3189,63.78,1500,1,1500,dummy
3190,63.8,1500,-1,1500,dummy
3191,63.82,1500,1,1500,dummy
3192,63.84,1500,-1,1500,dummy
3193,63.86,1500,-1,1500,dummy
3194,63.88,1500,-1,1500,dummy
3195,63.9,1500,-1,1500,dummy
3196,63.92,1500,-1,1500,dummy
3197,63.94,1500,-1,1500,dummy
3198,63.96,1500,1,1500,dummy
3199,63.98,1500,1,1500,dummy
3200,64.0,1500,-1,1500,dummy
3201,64.02,1500,1,1500,dummy
3202,64.04,1500,-1,1500,dummy
3203,64.06,1500,-1,1500,dummy
3204,64.08,1500,-1,1500,dummy
3205,64.1,1500,1,1500,dummy
3206,64.12,1500,1,1500,dummy
3207,64.14,1500,1,1500,dummy
3208,64.16,1500,1,1500,dummy
3209,64.18,1500,-1,1500,dummy
3210,64.2,1500,1,1500,dummy
3211,64.22,1500,1,1500,dummy
3212,64.24,1500,1,1500,dummy
3213,64.26,1500,-1,1500,dummy
3214,64.28,1500,-1,1500,dummy
3215,64.3,1500,1,1500,dummy
3216,64.32,1500,-1,1500,dummy
3217,64.34,1500,1,1500,dummy
3218,64.36,1500,-1,1500,dummy
3219,64.38,1500,-1,1500,dummy
3220,64.4,1500,-1,1500,dummy
3221,64.42,1500,-1,1500,dummy
3222,64.44,1500,1,1500,dummy
3223,64.46,1500,-1,1500,dummy
3224,64.48,1500,-1,1500,dummy
3225,64.5,1500,1,1500,dummy
3226,64.52,1500,1,1500,dummy
3227,64.54,1500,-1,1500,dummy
3228,64.56,1500,1,1500,dummy
3229,64.58,1500,-1,1500,dummy
3230,64.6,1500,-1,1500,dummy
3231,64.62,1500,-1,1500,dummy
3232,64.64,1500,1,1500,dummy
3233,64.66,1500,-1,1500,dummy
3234,64.68,1500,-1,1500,dummy
3235,64.7,1500,-1,1500,dummy
3236,64.72,1500,-1,1500,dummy
3237,64.74,1500,-1,1500,dummy
3238,64.76,1500,-1,1500,dummy
3239,64.78,1500,1,1500,dummy
3240,64.8,1500,-1,1500,dummy
3241,64.82,1500,1,1500,dummy
3242,64.84,1500,1,1500,dummy
3243,64.86,1500,-1,1500,dummy
3244,64.88,1500,-1,1500,dummy
3245,64.9,1500,1,1500,dummy
3246,64.92,1500,1,1500,dummy
3247,64.94,1500,1,1500,dummy
3248,64.96,1500,-1,1500,dummy
3249,64.98,1500,1,1500,dummy
3250,65.0,1500,1,1500,dummy
3251,65.02,1500,1,1500,dummy
3252,65.04,1500,1,1500,dummy
3253,65.06,1500,1,1500,dummy
3254,65.08,1500,-1,1500,dummy
3255,65.1,1500,1,1500,dummy
3256,65.12,1500,1,1500,dummy
3257,65.14,1500,1,1500,dummy
3258,65.16,1500,1,1500,dummy
3259,65.18,1500,1,1500,dummy
3260,65.2,1500,1,1500,dummy
3261,65.22,1500,1,1500,dummy
3262,65.24,1500,1,1500,dummy
3263,65.26,1500,-1,1500,dummy
3264,65.28,1500,1,1500,dummy
3265,65.3,1500,-1,1500,dummy
3266,65.32,1500,1,1500,dummy
3267,65.34,1500,-1,1500,dummy
3268,65.36,1500,1,1500,dummy
3269,65.38,1500,-1,1500,dummy
3270,65.4,1500,-1,1500,dummy
3271,65.42,1500,1,1500,dummy
3272,65.44,1500,1,1500,dummy
3273,65.46,1500,-1,1500,dummy
3274,65.48,1500,1,1500,dummy
3275,65.5,1500,-1,1500,dummy
3276,65.52,1500,-1,1500,dummy
3277,65.54,1500,-1,1500,dummy
3278,65.56,1500,1,1500,dummy
3279,65.58,1500,-1,1500,dummy
3280,65.6,1500,1,1500,dummy
3281,65.62,1500,1,1500,dummy
3282,65.64,1500,1,1500,dummy
3283,65.66,1500,-1,1500,dummy
3284,65.68,1500,1,1500,dummy
3285,65.7,1500,-1,1500,dummy
3286,65.72,1500,1,1500,dummy
3287,65.74,1500,-1,1500,dummy
3288,65.76,1500,1,1500,dummy
3289,65.78,1500,1,1500,dummy
3290,65.8,1500,1,1500,dummy
3291,65.82,1500,1,1500,dummy
3292,65.84,1500,1,1500,dummy
3293,65.86,1500,-1,1500,dummy
3294,65.88,1500,1,1500,dummy
3295,65.9,1500,1,1500,dummy
3296,65.92,1500,1,1500,dummy
3297,65.94,1500,1,1500,dummy
3298,65.96,1500,-1,1500,dummy
3299,65.98,1500,1,1500,dummy
3300,66.0,1500,1,1500,dummy
3301,66.02,1500,1,1500,dummy
3302,66.04,1500,1,1500,dummy
3303,66.06,1500,1,1500,dummy
3304,66.08,1500,1,1500,dummy
3305,66.1,1500,1,1500,dummy
3306,66.12,1500,1,1500,dummy
3307,66.14,1500,-1,1500,dummy
3308,66.16,1500,-1,1500,dummy
3309,66.18,1500,1,1500,dummy
3310,66.2,1500,1,1500,dummy
3311,66.22,1500,-1,1500,dummy
3312,66.24,1500,1,1500,dummy
3313,66.26,1500,1,1500,dummy
3314,66.28,1500,-1,1500,dummy
3315,66.3,1500,-1,1500,dummy
3316,66.32,1500,1,1500,dummy
3317,66.34,1500,1,1500,dummy
3318,66.36,1500,1,1500,dummy
3319,66.38,1500,-1,1500,dummy
3320,66.4,1500,1,1500,dummy
3321,66.42,1500,-1,1500,dummy
3322,66.44,1500,1,1500,dummy
3323,66.46,1500,1,1500,dummy
3324,66.48,1500,1,1500,dummy
3325,66.5,1500,-1,1500,dummy
3326,66.52,1500,-1,1500,dummy
3327,66.54,1500,1,1500,dummy
3328,66.56,1500,1,1500,dummy
3329,66.58,1500,1,1500,dummy
3330,66.6,1500,-1,1500,dummy
3331,66.62,1500,-1,1500,dummy
3332,66.64,1500,1,1500,dummy
3333,66.66,1500,1,1500,dummy
3334,66.68,1500,1,1500,dummy
3335,66.7,1500,1,1500,dummy
3336,66.72,1500,1,1500,dummy
3337,66.74,1500,-1,1500,dummy
3338,66.76,1500,1,1500,dummy
3339,66.78,1500,1,1500,dummy
3340,66.8,1500,-1,1500,dummy
3341,66.82,1500,-1,1500,dummy
3342,66.84,1500,-1,1500,dummy
3343,66.86,1500,-1,1500,dummy
3344,66.88,1500,-1,1500,dummy
3345,66.9,1500,1,1500,dummy
3346,66.92,1500,1,1500,dummy
3347,66.94,1500,1,1500,dummy
3348,66.96,1500,-1,1500,dummy
3349,66.98,1500,-1,1500,dummy
3350,67.0,1500,1,1500,dummy
3351,67.02,1500,1,1500,dummy
3352,67.04,1500,1,1500,dummy
3353,67.06,1500,-1,1500,dummy
3354,67.08,1500,-1,1500,dummy
3355,67.1,1500,-1,1500,dummy
3356,67.12,1500,-1,1500,dummy
3357,67.14,1500,-1,1500,dummy
3358,67.16,1500,-1,1500,dummy
3359,67.18,1500,1,1500,dummy
3360,67.2,1500,1,1500,dummy
3361,67.22,1500,-1,1500,dummy
3362,67.24,1500,1,1500,dummy
3363,67.26,1500,1,1500,dummy
3364,67.28,1500,-1,1500,dummy
3365,67.3,1500,-1,1500,dummy
3366,67.32,1500,1,1500,dummy
3367,67.34,1500,-1,1500,dummy
3368,67.36,1500,-1,1500,dummy
3369,67.38,1500,1,1500,dummy
3370,67.4,1500,1,1500,dummy
3371,67.42,1500,1,1500,dummy
3372,67.44,1500,-1,1500,dummy
3373,67.46,1500,1,1500,dummy
3374,67.48,1500,1,1500,dummy
3375,67.5,1500,1,1500,dummy
3376,67.52,1500,1,1500,dummy
3377,67.54,1500,1,1500,dummy
3378,67.56,1500,1,1500,dummy
3379,67.58,1500,-1,1500,dummy
3380,67.6,1500,-1,1500,dummy
3381,67.62,1500,-1,1500,dummy
3382,67.64,1500,-1,1500,dummy
3383,67.66,1500,1,1500,dummy
3384,67.68,1500,-1,1500,dummy
3385,67.7,1500,-1,1500,dummy
3386,67.72,1500,1,1500,dummy
3387,67.74,1500,-1,1500,dummy
3388,67.76,1500,1,1500,dummy
3389,67.78,1500,-1,1500,dummy
3390,67.8,1500,1,1500,dummy
3391,67.82,1500,1,1500,dummy
3392,67.84,1500,-1,1500,dummy
3393,67.86,1500,1,1500,dummy
3394,67.88,1500,1,1500,dummy
3395,67.9,1500,-1,1500,dummy
3396,67.92,1500,-1,1500,dummy
3397,67.94,1500,-1,1500,dummy
3398,67.96,1500,1,1500,dummy
3399,67.98,1500,1,1500,dummy
3400,68.0,1500,1,1500,dummy
3401,68.02,1500,1,1500,dummy
3402,68.04,1500,-1,1500,dummy
3403,68.06,1500,-1,1500,dummy
3404,68.08,1500,-1,1500,dummy
3405,68.1,1500,-1,1500,dummy
3406,68.12,1500,-1,1500,dummy
3407,68.14,1500,-1,1500,dummy
3408,68.16,1500,1,1500,dummy
3409,68.18,1500,-1,1500,dummy
3410,68.2,1500,1,1500,dummy
3411,68.22,1500,-1,1500,dummy
3412,68.24,1500,1,1500,dummy
3413,68.26,1500,1,1500,dummy
3414,68.28,1500,1,1500,dummy
3415,68.3,1500,-1,1500,dummy
3416,68.32,1500,-1,1500,dummy
3417,68.34,1500,-1,1500,dummy
3418,68.36,1500,1,1500,dummy
3419,68.38,1500,1,1500,dummy
3420,68.4,1500,1,1500,dummy
3421,68.42,1500,1,1500,dummy
3422,68.44,1500,-1,1500,dummy
3423,68.46,1500,-1,1500,dummy
3424,68.48,1500,-1,1500,dummy
3425,68.5,1500,1,1500,dummy
3426,68.52,1500,-1,1500,dummy
3427,68.54,1500,1,1500,dummy
3428,68.56,1500,1,1500,dummy
3429,68.58,1500,1,1500,dummy
3430,68.6,1500,-1,1500,dummy
3431,68.62,1500,-1,1500,dummy
3432,68.64,1500,-1,1500,dummy
3433,68.66,1500,-1,1500,dummy
3434,68.68,1500,1,1500,dummy
3435,68.7,1500,1,1500,dummy
3436,68.72,1500,1,1500,dummy
3437,68.74,1500,1,1500,dummy
3438,68.76,1500,1,1500,dummy
3439,68.78,1500,1,1500,dummy
3440,68.8,1500,-1,1500,dummy
3441,68.82,1500,1,1500,dummy
3442,68.84,1500,1,1500,dummy
3443,68.86,1500,-1,1500,dummy
3444,68.88,1500,1,1500,dummy
3445,68.9,1500,1,1500,dummy
3446,68.92,1500,1,1500,dummy
3447,68.94,1500,-1,1500,dummy
3448,68.96,1500,1,1500,dummy
3449,68.98,1500,1,1500,dummy
3450,69.0,1500,1,1500,dummy
3451,69.02,1500,1,1500,dummy
3452,69.04,1500,-1,1500,dummy
3453,69.06,1500,1,1500,dummy
3454,69.08,1500,-1,1500,dummy
3455,69.1,1500,1,1500,dummy
3456,69.12,1500,1,1500,dummy
3457,69.14,1500,1,1500,dummy
3458,69.16,1500,1,1500,dummy
3459,69.18,1500,1,1500,dummy
3460,69.2,1500,-1,1500,dummy
3461,69.22,1500,1,1500,dummy
3462,69.24,1500,1,1500,dummy
3463,69.26,1500,1,1500,dummy
3464,69.28,1500,-1,1500,dummy
3465,69.3,1500,-1,1500,dummy
3466,69.32,1500,-1,1500,dummy
3467,69.34,1500,-1,1500,dummy
3468,69.36,1500,-1,1500,dummy
3469,69.38,1500,1,1500,dummy
3470,69.4,1500,1,1500,dummy
3471,69.42,1500,1,1500,dummy
3472,69.44,1500,1,1500,dummy
3473,69.46,1500,1,1500,dummy
3474,69.48,1500,1,1500,dummy
3475,69.5,1500,1,1500,dummy
3476,69.52,1500,-1,1500,dummy
3477,69.54,1500,-1,1500,dummy
3478,69.56,1500,1,1500,dummy
3479,69.58,1500,1,1500,dummy
3480,69.6,1500,-1,1500,dummy
3481,69.62,1500,-1,1500,dummy
3482,69.64,1500,1,1500,dummy
3483,69.66,1500,-1,1500,dummy
3484,69.68,1500,1,1500,dummy
3485,69.7,1500,1,1500,dummy
3486,69.72,1500,1,1500,dummy
3487,69.74,1500,-1,1500,dummy
3488,69.76,1500,1,1500,dummy
3489,69.78,1500,1,1500,dummy
3490,69.8,1500,-1,1500,dummy
3491,69.82,1500,-1,1500,dummy
3492,69.84,1500,1,1500,dummy
3493,69.86,1500,1,1500,dummy
3494,69.88,1500,1,1500,dummy
3495,69.9,1500,1,1500,dummy
3496,69.92,1500,1,1500,dummy
3497,69.94,1500,1,1500,dummy
3498,69.96,1500,1,1500,dummy
3499,69.98,1500,1,1500,dummy
3500,70.0,1500,1,1500,dummy
3501,70.02,1500,1,1500,dummy
3502,70.04,1500,1,1500,dummy
3503,70.06,1500,-1,1500,dummy
3504,70.08,1500,1,1500,dummy
3505,70.1,1500,-1,1500,dummy
3506,70.12,1500,1,1500,dummy
3507,70.14,1500,1,1500,dummy
3508,70.16,1500,1,1500,dummy
3509,70.18,1500,1,1500,dummy
3510,70.2,1500,1,1500,dummy
3511,70.22,1500,-1,1500,dummy
3512,70.24,1500,1,1500,dummy
3513,70.26,1500,1,1500,dummy
3514,70.28,1500,-1,1500,dummy
3515,70.3,1500,-1,1500,dummy
3516,70.32,1500,-1,1500,dummy
3517,70.34,1500,-1,1500,dummy
3518,70.36,1500,1,1500,dummy
3519,70.38,1500,1,1500,dummy
3520,70.4,1500,1,1500,dummy
3521,70.42,1500,1,1500,dummy
3522,70.44,1500,-1,1500,dummy
3523,70.46,1500,1,1500,dummy
3524,70.48,1500,-1,1500,dummy
3525,70.5,1500,1,1500,dummy
3526,70.52,1500,1,1500,dummy
3527,70.54,1500,-1,1500,dummy
3528,70.56,1500,1,1500,dummy
3529,70.58,1500,-1,1500,dummy
3530,70.6,1500,-1,1500,dummy
3531,70.62,1500,-1,1500,dummy
3532,70.64,1500,-1,1500,dummy
3533,70.66,1500,-1,1500,dummy
3534,70.68,1500,-1,1500,dummy
3535,70.7,1500,1,1500,dummy
3536,70.72,1500,1,1500,dummy
3537,70.74,1500,1,1500,dummy
3538,70.76,1500,-1,1500,dummy
3539,70.78,1500,1,1500,dummy
3540,70.8,1500,1,1500,dummy
3541,70.82,1500,1,1500,dummy
3542,70.84,1500,-1,1500,dummy
3543,70.86,1500,-1,1500,dummy
3544,70.88,1500,1,1500,dummy
3545,70.9,1500,1,1500,dummy
3546,70.92,1500,1,1500,dummy
3547,70.94,1500,1,1500,dummy
3548,70.96,1500,1,1500,dummy
3549,70.98,1500,1,1500,dummy
3550,71.0,1500,1,1500,dummy
3551,71.02,1500,-1,1500,dummy
3552,71.04,1500,1,1500,dummy
3553,71.06,1500,-1,1500,dummy
3554,71.08,1500,-1,1500,dummy
3555,71.1,1500,1,1500,dummy
3556,71.12,1500,1,1500,dummy
3557,71.14,1500,1,1500,dummy
3558,71.16,1500,1,1500,dummy
3559,71.18,1500,-1,1500,dummy
3560,71.2,1500,-1,1500,dummy
3561,71.22,1500,1,1500,dummy
3562,71.24,1500,1,1500,dummy
3563,71.26,1500,-1,1500,dummy
3564,71.28,1500,1,1500,dummy
3565,71.3,1500,-1,1500,dummy
3566,71.32,1500,-1,1500,dummy
3567,71.34,1500,-1,1500,dummy
3568,71.36,1500,1,1500,dummy
3569,71.38,1500,-1,1500,dummy
3570,71.4,1500,-1,1500,dummy
3571,71.42,1500,1,1500,dummy
3572,71.44,1500,-1,1500,dummy
3573,71.46,1500,1,1500,dummy
3574,71.48,1500,1,1500,dummy
3575,71.5,1500,1,1500,dummy
3576,71.52,1500,-1,1500,dummy
3577,71.54,1500,-1,1500,dummy
3578,71.56,1500,-1,1500,dummy
3579,71.58,1500,1,1500,dummy
3580,71.6,1500,1,1500,dummy
3581,71.62,1500,-1,1500,dummy
3582,71.64,1500,1,1500,dummy
3583,71.66,1500,1,1500,dummy
3584,71.68,1500,1,1500,dummy
3585,71.7,1500,-1,1500,dummy
3586,71.72,1500,1,1500,dummy
3587,71.74,1500,1,1500,dummy
3588,71.76,1500,-1,1500,dummy
3589,71.78,1500,-1,1500,dummy
3590,71.8,1500,-1,1500,dummy
3591,71.82,1500,1,1500,dummy
3592,71.84,1500,-1,1500,dummy
3593,71.86,1500,1,1500,dummy
3594,71.88,1500,-1,1500,dummy
3595,71.9,1500,1,1500,dummy
3596,71.92,1500,1,1500,dummy
3597,71.94,1500,1,1500,dummy
3598,71.96,1500,1,1500,dummy
3599,71.98,1500,-1,1500,dummy
3600,72.0,1500,-1,1500,dummy
3601,72.02,1500,-1,1500,dummy
3602,72.04,1500,-1,1500,dummy
3603,72.06,1500,-1,1500,dummy
3604,72.08,1500,-1,1500,dummy
3605,72.1,1500,-1,1500,dummy
3606,72.12,1500,1,1500,dummy
3607,72.14,1500,-1,1500,dummy
3608,72.16,1500,1,1500,dummy
3609,72.18,1500,-1,1500,dummy
3610,72.2,1500,1,1500,dummy
3611,72.22,1500,1,1500,dummy
3612,72.24,1500,1,1500,dummy
3613,72.26,1500,-1,1500,dummy
3614,72.28,1500,1,1500,dummy
3615,72.3,1500,-1,1500,dummy
3616,72.32,1500,-1,1500,dummy
3617,72.34,1500,-1,1500,dummy
3618,72.36,1500,1,1500,dummy
3619,72.38,1500,-1,1500,dummy
3620,72.4,1500,-1,1500,dummy
3621,72.42,1500,-1,1500,dummy
3622,72.44,1500,-1,1500,dummy
3623,72.46,1500,1,1500,dummy
3624,72.48,1500,1,1500,dummy
3625,72.5,1500,1,1500,dummy
3626,72.52,1500,-1,1500,dummy
3627,72.54,1500,1,1500,dummy
3628,72.56,1500,-1,1500,dummy
3629,72.58,1500,1,1500,dummy
3630,72.6,1500,1,1500,dummy
3631,72.62,1500,1,1500,dummy
3632,72.64,1500,1,1500,dummy
3633,72.66,1500,1,1500,dummy
3634,72.68,1500,1,1500,dummy
3635,72.7,1500,1,1500,dummy
3636,72.72,1500,1,1500,dummy
3637,72.74,1500,1,1500,dummy
3638,72.76,1500,1,1500,dummy
3639,72.78,1500,-1,1500,dummy
3640,72.8,1500,1,1500,dummy
3641,72.82,1500,1,1500,dummy
3642,72.84,1500,-1,1500,dummy
3643,72.86,1500,-1,1500,dummy
3644,72.88,1500,-1,1500,dummy
3645,72.9,1500,1,1500,dummy
3646,72.92,1500,-1,1500,dummy
3647,72.94,1500,1,1500,dummy
3648,72.96,1500,1,1500,dummy
3649,72.98,1500,-1,1500,dummy
3650,73.0,1500,1,1500,dummy
3651,73.02,1500,-1,1500,dummy
3652,73.04,1500,1,1500,dummy
3653,73.06,1500,-1,1500,dummy
3654,73.08,1500,1,1500,dummy
3655,73.1,1500,-1,1500,dummy
3656,73.12,1500,1,1500,dummy
3657,73.14,1500,1,1500,dummy
3658,73.16,1500,-1,1500,dummy
3659,73.18,1500,1,1500,dummy
3660,73.2,1500,-1,1500,dummy
3661,73.22,1500,1,1500,dummy
3662,73.24,1500,1,1500,dummy
3663,73.26,1500,1,1500,dummy
3664,73.28,1500,-1,1500,dummy
3665,73.3,1500,1,1500,dummy
3666,73.32,1500,-1,1500,dummy
3667,73.34,1500,1,1500,dummy
3668,73.36,1500,1,1500,dummy
3669,73.38,1500,-1,1500,dummy
3670,73.4,1500,-1,1500,dummy
3671,73.42,1500,1,1500,dummy
3672,73.44,1500,1,1500,dummy
3673,73.46,1500,-1,1500,dummy
3674,73.48,1500,-1,1500,dummy
3675,73.5,1500,-1,1500,dummy
3676,73.52,1500,1,1500,dummy
3677,73.54,1500,1,1500,dummy
3678,73.56,1500,-1,1500,dummy
3679,73.58,1500,1,1500,dummy
3680,73.6,1500,-1,1500,dummy
3681,73.62,1500,-1,1500,dummy
3682,73.64,1500,-1,1500,dummy
3683,73.66,1500,1,1500,dummy
3684,73.68,1500,1,1500,dummy
3685,73.7,1500,1,1500,dummy
3686,73.72,1500,-1,1500,dummy
3687,73.74,1500,-1,1500,dummy
3688,73.76,1500,-1,1500,dummy
3689,73.78,1500,1,1500,dummy
3690,73.8,1500,1,1500,dummy
3691,73.82,1500,1,1500,dummy
3692,73.84,1500,1,1500,dummy
3693,73.86,1500,1,1500,dummy
3694,73.88,1500,-1,1500,dummy
3695,73.9,1500,1,1500,dummy
3696,73.92,1500,1,1500,dummy
3697,73.94,1500,-1,1500,dummy
3698,73.96,1500,-1,1500,dummy
3699,73.98,1500,-1,1500,dummy
3700,74.0,1500,-1,1500,dummy
3701,74.02,1500,1,1500,dummy
3702,74.04,1500,1,1500,dummy
3703,74.06,1500,1,1500,dummy
3704,74.08,1500,-1,1500,dummy
3705,74.1,1500,-1,1500,dummy
3706,74.12,1500,1,1500,dummy
3707,74.14,1500,-1,1500,dummy
3708,74.16,1500,1,1500,dummy
3709,74.18,1500,1,1500,dummy
3710,74.2,1500,1,1500,dummy
3711,74.22,1500,-1,1500,dummy
3712,74.24,1500,1,1500,dummy
3713,74.26,1500,-1,1500,dummy
3714,74.28,1500,1,1500,dummy
3715,74.3,1500,1,1500,dummy
3716,74.32,1500,1,1500,dummy
3717,74.34,1500,-1,1500,dummy
3718,74.36,1500,-1,1500,dummy
3719,74.38,1500,1,1500,dummy
3720,74.4,1500,-1,1500,dummy
3721,74.42,1500,1,1500,dummy
3722,74.44,1500,1,1500,dummy
3723,74.46,1500,1,1500,dummy
3724,74.48,1500,1,1500,dummy
3725,74.5,1500,-1,1500,dummy
3726,74.52,1500,-1,1500,dummy
3727,74.54,1500,-1,1500,dummy
3728,74.56,1500,-1,1500,dummy
3729,74.58,1500,-1,1500,dummy
3730,74.6,1500,1,1500,dummy
3731,74.62,1500,-1,1500,dummy
3732,74.64,1500,-1,1500,dummy
3733,74.66,1500,-1,1500,dummy
3734,74.68,1500,1,1500,dummy
3735,74.7,1500,1,1500,dummy
3736,74.72,1500,1,1500,dummy
3737,74.74,1500,1,1500,dummy
3738,74.76,1500,-1,1500,dummy
3739,74.78,1500,1,1500,dummy
3740,74.8,1500,-1,1500,dummy
3741,74.82,1500,1,1500,dummy
3742,74.84,1500,-1,1500,dummy
3743,74.86,1500,-1,1500,dummy
3744,74.88,1500,1,1500,dummy
3745,74.9,1500,1,1500,dummy
3746,74.92,1500,1,1500,dummy
3747,74.94,1500,-1,1500,dummy
3748,74.96,1500,-1,1500,dummy
3749,74.98,1500,1,1500,dummy
3750,75.0,1500,1,1500,dummy
3751,75.02,1500,-1,1500,dummy
3752,75.04,1500,-1,1500,dummy
3753,75.06,1500,-1,1500,dummy
3754,75.08,1500,1,1500,dummy
3755,75.1,1500,1,1500,dummy
3756,75.12,1500,-1,1500,dummy
3757,75.14,1500,1,1500,dummy
3758,75.16,1500,-1,1500,dummy
3759,75.18,1500,1,1500,dummy
3760,75.2,1500,-1,1500,dummy
3761,75.22,1500,-1,1500,dummy
3762,75.24,1500,-1,1500,dummy
3763,75.26,1500,1,1500,dummy
3764,75.28,1500,1,1500,dummy
3765,75.3,1500,-1,1500,dummy
3766,75.32,1500,-1,1500,dummy
3767,75.34,1500,-1,1500,dummy
3768,75.36,1500,1,1500,dummy
3769,75.38,1500,-1,1500,dummy
3770,75.4,1500,1,1500,dummy
3771,75.42,1500,-1,1500,dummy
3772,75.44,1500,1,1500,dummy
3773,75.46,1500,-1,1500,dummy
3774,75.48,1500,1,1500,dummy
3775,75.5,1500,1,1500,dummy
3776,75.52,1500,1,1500,dummy
3777,75.54,1500,1,1500,dummy
3778,75.56,1500,-1,1500,dummy
3779,75.58,1500,-1,1500,dummy
3780,75.6,1500,-1,1500,dummy
3781,75.62,1500,-1,1500,dummy
3782,75.64,1500,-1,1500,dummy
3783,75.66,1500,-1,1500,dummy
3784,75.68,1500,1,1500,dummy
3785,75.7,1500,1,1500,dummy
3786,75.72,1500,-1,1500,dummy
3787,75.74,1500,1,1500,dummy
3788,75.76,1500,1,1500,dummy
3789,75.78,1500,1,1500,dummy
3790,75.8,1500,1,1500,dummy
3791,75.82,1500,1,1500,dummy
3792,75.84,1500,1,1500,dummy
3793,75.86,1500,1,1500,dummy
3794,75.88,1500,-1,1500,dummy
3795,75.9,1500,1,1500,dummy
3796,75.92,1500,1,1500,dummy
3797,75.94,1500,1,1500,dummy
3798,75.96,1500,-1,1500,dummy
3799,75.98,1500,1,1500,dummy
3800,76.0,1500,-1,1500,dummy
3801,76.02,1500,-1,1500,dummy
3802,76.04,1500,-1,1500,dummy
3803,76.06,1500,1,1500,dummy
3804,76.08,1500,1,1500,dummy
3805,76.1,1500,1,1500,dummy
3806,76.12,1500,1,1500,dummy
3807,76.14,1500,-1,1500,dummy
3808,76.16,1500,1,1500,dummy
3809,76.18,1500,-1,1500,dummy
3810,76.2,1500,-1,1500,dummy
3811,76.22,1500,-1,1500,dummy
3812,76.24,1500,-1,1500,dummy
3813,76.26,1500,1,1500,dummy
3814,76.28,1500,1,1500,dummy
3815,76.3,1500,-1,1500,dummy
3816,76.32,1500,1,1500,dummy
3817,76.34,1500,1,1500,dummy
3818,76.36,1500,1,1500,dummy
3819,76.38,1500,-1,1500,dummy
3820,76.4,1500,-1,1500,dummy
3821,76.42,1500,1,1500,dummy
3822,76.44,1500,1,1500,dummy
3823,76.46,1500,1,1500,dummy
3824,76.48,1500,1,1500,dummy
3825,76.5,1500,1,1500,dummy
3826,76.52,1500,-1,1500,dummy
3827,76.54,1500,-1,1500,dummy
3828,76.56,1500,1,1500,dummy
3829,76.58,1500,1,1500,dummy
3830,76.6,1500,1,1500,dummy
3831,76.62,1500,-1,1500,dummy
3832,76.64,1500,-1,1500,dummy
3833,76.66,1500,1,1500,dummy
3834,76.68,1500,-1,1500,dummy
3835,76.7,1500,1,1500,dummy
3836,76.72,1500,-1,1500,dummy
3837,76.74,1500,1,1500,dummy
3838,76.76,1500,1,1500,dummy
3839,76.78,1500,1,1500,dummy
3840,76.8,1500,1,1500,dummy
3841,76.82,1500,1,1500,dummy
3842,76.84,1500,1,1500,dummy
3843,76.86,1500,-1,1500,dummy
3844,76.88,1500,1,1500,dummy
3845,76.9,1500,1,1500,dummy
3846,76.92,1500,1,1500,dummy
3847,76.94,1500,1,1500,dummy
3848,76.96,1500,1,1500,dummy
3849,76.98,1500,1,1500,dummy
3850,77.0,1500,-1,1500,dummy
3851,77.02,1500,-1,1500,dummy
3852,77.04,1500,-1,1500,dummy
3853,77.06,1500,-1,1500,dummy
3854,77.08,1500,1,1500,dummy
3855,77.1,1500,1,1500,dummy
3856,77.12,1500,-1,1500,dummy
3857,77.14,1500,1,1500,dummy
3858,77.16,1500,1,1500,dummy
3859,77.18,1500,1,1500,dummy
3860,77.2,1500,-1,1500,dummy
3861,77.22,1500,-1,1500,dummy
3862,77.24,1500,1,1500,dummy
3863,77.26,1500,-1,1500,dummy
3864,77.28,1500,1,1500,dummy
3865,77.3,1500,1,1500,dummy
3866,77.32,1500,1,1500,dummy
3867,77.34,1500,1,1500,dummy
3868,77.36,1500,-1,1500,dummy
3869,77.38,1500,1,1500,dummy
3870,77.4,1500,1,1500,dummy
3871,77.42,1500,-1,1500,dummy
3872,77.44,1500,-1,1500,dummy
3873,77.46,1500,1,1500,dummy
3874,77.48,1500,-1,1500,dummy
3875,77.5,1500,-1,1500,dummy
3876,77.52,1500,1,1500,dummy
3877,77.54,1500,-1,1500,dummy
3878,77.56,1500,-1,1500,dummy
3879,77.58,1500,1,1500,dummy
3880,77.6,1500,-1,1500,dummy
3881,77.62,1500,1,1500,dummy
3882,77.64,1500,1,1500,dummy
3883,77.66,1500,-1,1500,dummy
3884,77.68,1500,1,1500,dummy
3885,77.7,1500,1,1500,dummy
3886,77.72,1500,-1,1500,dummy
3887,77.74,1500,-1,1500,dummy
3888,77.76,1500,1,1500,dummy
3889,77.78,1500,-1,1500,dummy
3890,77.8,1500,-1,1500,dummy
3891,77.82,1500,1,1500,dummy
3892,77.84,1500,1,1500,dummy
3893,77.86,1500,1,1500,dummy
3894,77.88,1500,-1,1500,dummy
3895,77.9,1500,1,1500,dummy
3896,77.92,1500,-1,1500,dummy
3897,77.94,1500,-1,1500,dummy
3898,77.96,1500,-1,1500,dummy
3899,77.98,1500,1,1500,dummy
3900,78.0,1500,1,1500,dummy
3901,78.02,1500,-1,1500,dummy
3902,78.04,1500,-1,1500,dummy
3903,78.06,1500,1,1500,dummy
3904,78.08,1500,1,1500,dummy
3905,78.1,1500,1,1500,dummy
3906,78.12,1500,1,1500,dummy
3907,78.14,1500,1,1500,dummy
3908,78.16,1500,1,1500,dummy
3909,78.18,1500,-1,1500,dummy
3910,78.2,1500,-1,1500,dummy
3911,78.22,1500,-1,1500,dummy
3912,78.24,1500,-1,1500,dummy
3913,78.26,1500,1,1500,dummy
3914,78.28,1500,-1,1500,dummy
3915,78.3,1500,1,1500,dummy
3916,78.32,1500,-1,1500,dummy
3917,78.34,1500,-1,1500,dummy
3918,78.36,1500,-1,1500,dummy
3919,78.38,1500,-1,1500,dummy
3920,78.4,1500,-1,1500,dummy
3921,78.42,1500,1,1500,dummy
3922,78.44,1500,-1,1500,dummy
3923,78.46,1500,1,1500,dummy
3924,78.48,1500,1,1500,dummy
3925,78.5,1500,-1,1500,dummy
3926,78.52,1500,1,1500,dummy
3927,78.54,1500,1,1500,dummy
3928,78.56,1500,1,1500,dummy
3929,78.58,1500,1,1500,dummy
3930,78.6,1500,1,1500,dummy
3931,78.62,1500,-1,1500,dummy
3932,78.64,1500,1,1500,dummy
3933,78.66,1500,-1,1500,dummy
3934,78.68,1500,1,1500,dummy
3935,78.7,1500,-1,1500,dummy
3936,78.72,1500,1,1500,dummy
3937,78.74,1500,1,1500,dummy
3938,78.76,1500,-1,1500,dummy
3939,78.78,1500,1,1500,dummy
3940,78.8,1500,-1,1500,dummy
3941,78.82,1500,1,1500,dummy
3942,78.84,1500,-1,1500,dummy
3943,78.86,1500,-1,1500,dummy
3944,78.88,1500,1,1500,dummy
3945,78.9,1500,-1,1500,dummy
3946,78.92,1500,-1,1500,dummy
3947,78.94,1500,1,1500,dummy
3948,78.96,1500,1,1500,dummy
3949,78.98,1500,-1,1500,dummy
3950,79.0,1500,-1,1500,dummy
3951,79.02,1500,1,1500,dummy
3952,79.04,1500,1,1500,dummy
3953,79.06,1500,-1,1500,dummy
3954,79.08,1500,1,1500,dummy
3955,79.1,1500,1,1500,dummy
3956,79.12,1500,-1,1500,dummy
3957,79.14,1500,-1,1500,dummy
3958,79.16,1500,-1,1500,dummy
3959,79.18,1500,-1,1500,dummy
3960,79.2,1500,1,1500,dummy
3961,79.22,1500,1,1500,dummy
3962,79.24,1500,1,1500,dummy
3963,79.26,1500,1,1500,dummy
3964,79.28,1500,-1,1500,dummy
3965,79.3,1500,-1,1500,dummy
3966,79.32,1500,1,1500,dummy
3967,79.34,1500,1,1500,dummy
3968,79.36,1500,1,1500,dummy
3969,79.38,1500,-1,1500,dummy
3970,79.4,1500,1,1500,dummy
3971,79.42,1500,1,1500,dummy
3972,79.44,1500,1,1500,dummy
3973,79.46,1500,1,1500,dummy
3974,79.48,1500,-1,1500,dummy
3975,79.5,1500,1,1500,dummy
3976,79.52,1500,-1,1500,dummy
3977,79.54,1500,1,1500,dummy
3978,79.56,1500,1,1500,dummy
3979,79.58,1500,-1,1500,dummy
3980,79.6,1500,1,1500,dummy
3981,79.62,1500,1,1500,dummy
3982,79.64,1500,-1,1500,dummy
3983,79.66,1500,-1,1500,dummy
3984,79.68,1500,-1,1500,dummy
3985,79.7,1500,1,1500,dummy
3986,79.72,1500,1,1500,dummy
3987,79.74,1500,1,1500,dummy
3988,79.76,1500,-1,1500,dummy
3989,79.78,1500,1,1500,dummy
3990,79.8,1500,1,1500,dummy
3991,79.82,1500,1,1500,dummy
3992,79.84,1500,-1,1500,dummy
3993,79.86,1500,1,1500,dummy
3994,79.88,1500,1,1500,dummy
3995,79.9,1500,1,1500,dummy
3996,79.92,1500,1,1500,dummy
3997,79.94,1500,-1,1500,dummy
3998,79.96,1500,1,1500,dummy
3999,79.98,1500,-1,1500,dummy
4000,80.0,1500,1,1500,dummy
4001,80.02,1500,-1,1500,dummy
4002,80.04,1500,1,1500,dummy
4003,80.06,1500,-1,1500,dummy
4004,80.08,1500,1,1500,dummy
4005,80.1,1500,-1,1500,dummy
4006,80.12,1500,-1,1500,dummy
4007,80.14,1500,1,1500,dummy
4008,80.16,1500,-1,1500,dummy
4009,80.18,1500,1,1500,dummy
4010,80.2,1500,-1,1500,dummy
4011,80.22,1500,1,1500,dummy
4012,80.24,1500,-1,1500,dummy
4013,80.26,1500,-1,1500,dummy
4014,80.28,1500,-1,1500,dummy
4015,80.3,1500,1,1500,dummy
4016,80.32,1500,1,1500,dummy
4017,80.34,1500,1,1500,dummy
4018,80.36,1500,1,1500,dummy
4019,80.38,1500,-1,1500,dummy
4020,80.4,1500,-1,1500,dummy
4021,80.42,1500,1,1500,dummy
4022,80.44,1500,-1,1500,dummy
4023,80.46,1500,-1,1500,dummy
4024,80.48,1500,-1,1500,dummy
4025,80.5,1500,-1,1500,dummy
4026,80.52,1500,1,1500,dummy
4027,80.54,1500,-1,1500,dummy
4028,80.56,1500,1,1500,dummy
4029,80.58,1500,1,1500,dummy
4030,80.6,1500,-1,1500,dummy
4031,80.62,1500,1,1500,dummy
4032,80.64,1500,-1,1500,dummy
4033,80.66,1500,-1,1500,dummy
4034,80.68,1500,1,1500,dummy
4035,80.7,1500,1,1500,dummy
4036,80.72,1500,-1,1500,dummy
4037,80.74,1500,1,1500,dummy
4038,80.76,1500,1,1500,dummy
4039,80.78,1500,-1,1500,dummy
4040,80.8,1500,1,1500,dummy
4041,80.82,1500,1,1500,dummy
4042,80.84,1500,-1,1500,dummy
4043,80.86,1500,-1,1500,dummy
4044,80.88,1500,1,1500,dummy
4045,80.9,1500,1,1500,dummy
4046,80.92,1500,-1,1500,dummy
4047,80.94,1500,1,1500,dummy
4048,80.96,1500,1,1500,dummy
4049,80.98,1500,1,1500,dummy
4050,81.0,1500,1,1500,dummy
4051,81.02,1500,-1,1500,dummy
4052,81.04,1500,1,1500,dummy
4053,81.06,1500,1,1500,dummy
4054,81.08,1500,1,1500,dummy
4055,81.1,1500,-1,1500,dummy
4056,81.12,1500,1,1500,dummy
4057,81.14,1500,1,1500,dummy
4058,81.16,1500,-1,1500,dummy
4059,81.18,1500,-1,1500,dummy
4060,81.2,1500,-1,1500,dummy
4061,81.22,1500,1,1500,dummy
4062,81.24,1500,-1,1500,dummy
4063,81.26,1500,1,1500,dummy
4064,81.28,1500,-1,1500,dummy
4065,81.3,1500,-1,1500,dummy
4066,81.32,1500,-1,1500,dummy
4067,81.34,1500,-1,1500,dummy
4068,81.36,1500,-1,1500,dummy
4069,81.38,1500,1,1500,dummy
4070,81.4,1500,-1,1500,dummy
4071,81.42,1500,1,1500,dummy
4072,81.44,1500,-1,1500,dummy
4073,81.46,1500,1,1500,dummy
4074,81.48,1500,-1,1500,dummy
4075,81.5,1500,1,1500,dummy
4076,81.52,1500,-1,1500,dummy
4077,81.54,1500,1,1500,dummy
4078,81.56,1500,1,1500,dummy
4079,81.58,1500,1,1500,dummy
4080,81.6,1500,-1,1500,dummy
4081,81.62,1500,1,1500,dummy
4082,81.64,1500,1,1500,dummy
4083,81.66,1500,-1,1500,dummy
4084,81.68,1500,-1,1500,dummy
4085,81.7,1500,-1,1500,dummy
4086,81.72,1500,1,1500,dummy
4087,81.74,1500,1,1500,dummy
4088,81.76,1500,-1,1500,dummy
4089,81.78,1500,-1,1500,dummy
4090,81.8,1500,1,1500,dummy
4091,81.82,1500,1,1500,dummy
4092,81.84,1500,-1,1500,dummy
4093,81.86,1500,-1,1500,dummy
4094,81.88,1500,-1,1500,dummy
4095,81.9,1500,-1,1500,dummy
4096,81.92,1500,-1,1500,dummy
4097,81.94,1500,-1,1500,dummy
4098,81.96,1500,-1,1500,dummy
4099,81.98,1500,1,1500,dummy
4100,82.0,1500,-1,1500,dummy
4101,82.02,1500,1,1500,dummy
4102,82.04,1500,-1,1500,dummy
4103,82.06,1500,-1,1500,dummy
4104,82.08,1500,-1,1500,dummy
4105,82.1,1500,1,1500,dummy
4106,82.12,1500,1,1500,dummy
4107,82.14,1500,-1,1500,dummy
4108,82.16,1500,1,1500,dummy
4109,82.18,1500,1,1500,dummy
4110,82.2,1500,1,1500,dummy
4111,82.22,1500,1,1500,dummy
4112,82.24,1500,1,1500,dummy
4113,82.26,1500,-1,1500,dummy
4114,82.28,1500,1,1500,dummy
4115,82.3,1500,1,1500,dummy
4116,82.32,1500,1,1500,dummy
4117,82.34,1500,-1,1500,dummy
4118,82.36,1500,1,1500,dummy
4119,82.38,1500,-1,1500,dummy
4120,82.4,1500,-1,1500,dummy
4121,82.42,1500,-1,1500,dummy
4122,82.44,1500,-1,1500,dummy
4123,82.46,1500,-1,1500,dummy
4124,82.48,1500,1,1500,dummy
4125,82.5,1500,1,1500,dummy
4126,82.52,1500,-1,1500,dummy
4127,82.54,1500,1,1500,dummy
4128,82.56,1500,-1,1500,dummy
4129,82.58,1500,1,1500,dummy
4130,82.6,1500,1,1500,dummy
4131,82.62,1500,-1,1500,dummy
4132,82.64,1500,-1,1500,dummy
4133,82.66,1500,-1,1500,dummy
4134,82.68,1500,1,1500,dummy
4135,82.7,1500,1,1500,dummy
4136,82.72,1500,1,1500,dummy
4137,82.74,1500,1,1500,dummy
4138,82.76,1500,1,1500,dummy
4139,82.78,1500,1,1500,dummy
4140,82.8,1500,1,1500,dummy
4141,82.82,1500,-1,1500,dummy
4142,82.84,1500,1,1500,dummy
4143,82.86,1500,-1,1500,dummy
4144,82.88,1500,-1,1500,dummy
4145,82.9,1500,1,1500,dummy
4146,82.92,1500,1,1500,dummy
4147,82.94,1500,-1,1500,dummy
4148,82.96,1500,-1,1500,dummy
4149,82.98,1500,1,1500,dummy
4150,83.0,1500,1,1500,dummy
4151,83.02,1500,-1,1500,dummy
4152,83.04,1500,1,1500,dummy
4153,83.06,1500,-1,1500,dummy
4154,83.08,1500,1,1500,dummy
4155,83.1,1500,1,1500,dummy
4156,83.12,1500,-1,1500,dummy
4157,83.14,1500,1,1500,dummy
4158,83.16,1500,-1,1500,dummy
4159,83.18,1500,-1,1500,dummy
4160,83.2,1500,-1,1500,dummy
4161,83.22,1500,-1,1500,dummy
4162,83.24,1500,-1,1500,dummy
4163,83.26,1500,-1,1500,dummy
4164,83.28,1500,-1,1500,dummy
4165,83.3,1500,1,1500,dummy
4166,83.32,1500,1,1500,dummy
4167,83.34,1500,1,1500,dummy
4168,83.36,1500,1,1500,dummy
4169,83.38,1500,-1,1500,dummy
4170,83.4,1500,1,1500,dummy
4171,83.42,1500,-1,1500,dummy
4172,83.44,1500,1,1500,dummy
4173,83.46,1500,-1,1500,dummy
4174,83.48,1500,1,1500,dummy
4175,83.5,1500,1,1500,dummy
4176,83.52,1500,-1,1500,dummy
4177,83.54,1500,-1,1500,dummy
4178,83.56,1500,-1,1500,dummy
4179,83.58,1500,1,1500,dummy
4180,83.6,1500,1,1500,dummy
4181,83.62,1500,-1,1500,dummy
4182,83.64,1500,1,1500,dummy
4183,83.66,1500,-1,1500,dummy
4184,83.68,1500,1,1500,dummy
4185,83.7,1500,1,1500,dummy
4186,83.72,1500,-1,1500,dummy
4187,83.74,1500,-1,1500,dummy
4188,83.76,1500,-1,1500,dummy
4189,83.78,1500,-1,1500,dummy
4190,83.8,1500,1,1500,dummy
4191,83.82,1500,1,1500,dummy
4192,83.84,1500,-1,1500,dummy
4193,83.86,1500,1,1500,dummy
4194,83.88,1500,1,1500,dummy
4195,83.9,1500,1,1500,dummy
4196,83.92,1500,1,1500,dummy
4197,83.94,1500,-1,1500,dummy
4198,83.96,1500,1,1500,dummy
4199,83.98,1500,1,1500,dummy
4200,84.0,1500,-1,1500,dummy
4201,84.02,1500,1,1500,dummy
4202,84.04,1500,1,1500,dummy
4203,84.06,1500,-1,1500,dummy
4204,84.08,1500,1,1500,dummy
4205,84.1,1500,1,1500,dummy
4206,84.12,1500,-1,1500,dummy
4207,84.14,1500,1,1500,dummy
4208,84.16,1500,-1,1500,dummy
4209,84.18,1500,-1,1500,dummy
4210,84.2,1500,-1,1500,dummy
4211,84.22,1500,1,1500,dummy
4212,84.24,1500,-1,1500,dummy
4213,84.26,1500,1,1500,dummy
4214,84.28,1500,1,1500,dummy
4215,84.3,1500,-1,1500,dummy
4216,84.32,1500,1,1500,dummy
4217,84.34,1500,1,1500,dummy
4218,84.36,1500,-1,1500,dummy
4219,84.38,1500,1,1500,dummy
4220,84.4,1500,-1,1500,dummy
4221,84.42,1500,1,1500,dummy
4222,84.44,1500,-1,1500,dummy
4223,84.46,1500,-1,1500,dummy
4224,84.48,1500,1,1500,dummy
4225,84.5,1500,-1,1500,dummy
4226,84.52,1500,-1,1500,dummy
4227,84.54,1500,1,1500,dummy
4228,84.56,1500,1,1500,dummy
4229,84.58,1500,1,1500,dummy
4230,84.6,1500,-1,1500,dummy
4231,84.62,1500,-1,1500,dummy
4232,84.64,1500,1,1500,dummy
4233,84.66,1500,-1,1500,dummy
4234,84.68,1500,-1,1500,dummy
4235,84.7,1500,-1,1500,dummy
4236,84.72,1500,-1,1500,dummy
4237,84.74,1500,1,1500,dummy
4238,84.76,1500,1,1500,dummy
4239,84.78,1500,1,1500,dummy
4240,84.8,1500,-1,1500,dummy
4241,84.82,1500,-1,1500,dummy
4242,84.84,1500,-1,1500,dummy
4243,84.86,1500,-1,1500,dummy
4244,84.88,1500,1,1500,dummy
4245,84.9,1500,1,1500,dummy
4246,84.92,1500,-1,1500,dummy
4247,84.94,1500,1,1500,dummy
4248,84.96,1500,1,1500,dummy
4249,84.98,1500,-1,1500,dummy
4250,85.0,1500,-1,1500,dummy
4251,85.02,1500,1,1500,dummy
4252,85.04,1500,1,1500,dummy
4253,85.06,1500,-1,1500,dummy
4254,85.08,1500,-1,1500,dummy
4255,85.1,1500,-1,1500,dummy
4256,85.12,1500,1,1500,dummy
4257,85.14,1500,1,1500,dummy
4258,85.16,1500,-1,1500,dummy
4259,85.18,1500,-1,1500,dummy
4260,85.2,1500,-1,1500,dummy
4261,85.22,1500,1,1500,dummy
4262,85.24,1500,1,1500,dummy
4263,85.26,1500,-1,1500,dummy
4264,85.28,1500,1,1500,dummy
4265,85.3,1500,-1,1500,dummy
4266,85.32,1500,-1,1500,dummy
4267,85.34,1500,1,1500,dummy
4268,85.36,1500,-1,1500,dummy
4269,85.38,1500,-1,1500,dummy
4270,85.4,1500,-1,1500,dummy
4271,85.42,1500,1,1500,dummy
4272,85.44,1500,1,1500,dummy
4273,85.46,1500,-1,1500,dummy
4274,85.48,1500,-1,1500,dummy
4275,85.5,1500,-1,1500,dummy
4276,85.52,1500,1,1500,dummy
4277,85.54,1500,1,1500,dummy
4278,85.56,1500,1,1500,dummy
4279,85.58,1500,-1,1500,dummy
4280,85.6,1500,-1,1500,dummy
4281,85.62,1500,1,1500,dummy
4282,85.64,1500,1,1500,dummy
4283,85.66,1500,1,1500,dummy
4284,85.68,1500,1,1500,dummy
4285,85.7,1500,-1,1500,dummy
4286,85.72,1500,1,1500,dummy
4287,85.74,1500,-1,1500,dummy
4288,85.76,1500,-1,1500,dummy
4289,85.78,1500,-1,1500,dummy
4290,85.8,1500,-1,1500,dummy
4291,85.82,1500,1,1500,dummy
4292,85.84,1500,1,1500,dummy
4293,85.86,1500,-1,1500,dummy
4294,85.88,1500,-1,1500,dummy
4295,85.9,1500,1,1500,dummy
4296,85.92,1500,1,1500,dummy
4297,85.94,1500,-1,1500,dummy
4298,85.96,1500,-1,1500,dummy
4299,85.98,1500,1,1500,dummy
4300,86.0,1500,-1,1500,dummy
4301,86.02,1500,-1,1500,dummy
4302,86.04,1500,-1,1500,dummy
4303,86.06,1500,1,1500,dummy
4304,86.08,1500,1,1500,dummy
4305,86.1,1500,-1,1500,dummy
4306,86.12,1500,-1,1500,dummy
4307,86.14,1500,1,1500,dummy
4308,86.16,1500,-1,1500,dummy
4309,86.18,1500,1,1500,dummy
4310,86.2,1500,-1,1500,dummy
4311,86.22,1500,1,1500,dummy
4312,86.24,1500,-1,1500,dummy
4313,86.26,1500,-1,1500,dummy
4314,86.28,1500,-1,1500,dummy
4315,86.3,1500,1,1500,dummy
4316,86.32,1500,-1,1500,dummy
4317,86.34,1500,-1,1500,dummy
4318,86.36,1500,-1,1500,dummy
4319,86.38,1500,1,1500,dummy
4320,86.4,1500,1,1500,dummy
4321,86.42,1500,-1,1500,dummy
4322,86.44,1500,-1,1500,dummy
4323,86.46,1500,-1,1500,dummy
4324,86.48,1500,-1,1500,dummy
4325,86.5,1500,-1,1500,dummy
4326,86.52,1500,-1,1500,dummy
4327,86.54,1500,-1,1500,dummy
4328,86.56,1500,-1,1500,dummy
4329,86.58,1500,1,1500,dummy
4330,86.6,1500,1,1500,dummy
4331,86.62,1500,-1,1500,dummy
4332,86.64,1500,1,1500,dummy
4333,86.66,1500,1,1500,dummy
4334,86.68,1500,-1,1500,dummy
4335,86.7,1500,1,1500,dummy
4336,86.72,1500,-1,1500,dummy
4337,86.74,1500,1,1500,dummy
4338,86.76,1500,-1,1500,dummy
4339,86.78,1500,1,1500,dummy
4340,86.8,1500,-1,1500,dummy
4341,86.82,1500,-1,1500,dummy
4342,86.84,1500,-1,1500,dummy
4343,86.86,1500,1,1500,dummy
4344,86.88,1500,-1,1500,dummy
4345,86.9,1500,-1,1500,dummy
4346,86.92,1500,1,1500,dummy
4347,86.94,1500,-1,1500,dummy
4348,86.96,1500,-1,1500,dummy
4349,86.98,1500,1,1500,dummy
4350,87.0,1500,1,1500,dummy
4351,87.02,1500,1,1500,dummy
4352,87.04,1500,-1,1500,dummy
4353,87.06,1500,1,1500,dummy
4354,87.08,1500,1,1500,dummy
4355,87.1,1500,-1,1500,dummy
4356,87.12,1500,1,1500,dummy
4357,87.14,1500,-1,1500,dummy
4358,87.16,1500,-1,1500,dummy
4359,87.18,1500,1,1500,dummy
4360,87.2,1500,1,1500,dummy
4361,87.22,1500,-1,1500,dummy
4362,87.24,1500,1,1500,dummy
4363,87.26,1500,1,1500,dummy
4364,87.28,1500,1,1500,dummy
4365,87.3,1500,1,1500,dummy
4366,87.32,1500,-1,1500,dummy
4367,87.34,1500,-1,1500,dummy
4368,87.36,1500,-1,1500,dummy
4369,87.38,1500,1,1500,dummy
4370,87.4,1500,-1,1500,dummy
4371,87.42,1500,-1,1500,dummy
4372,87.44,1500,1,1500,dummy
4373,87.46,1500,1,1500,dummy
4374,87.48,1500,-1,1500,dummy
4375,87.5,1500,1,1500,dummy
4376,87.52,1500,-1,1500,dummy
4377,87.54,1500,1,1500,dummy
4378,87.56,1500,-1,1500,dummy
4379,87.58,1500,1,1500,dummy
4380,87.6,1500,1,1500,dummy
4381,87.62,1500,-1,1500,dummy
4382,87.64,1500,1,1500,dummy
4383,87.66,1500,-1,1500,dummy
4384,87.68,1500,1,1500,dummy
4385,87.7,1500,1,1500,dummy
4386,87.72,1500,-1,1500,dummy
4387,87.74,1500,-1,1500,dummy
4388,87.76,1500,-1,1500,dummy
4389,87.78,1500,1,1500,dummy
4390,87.8,1500,-1,1500,dummy
4391,87.82,1500,-1,1500,dummy
4392,87.84,1500,-1,1500,dummy
4393,87.86,1500,1,1500,dummy
4394,87.88,1500,-1,1500,dummy
4395,87.9,1500,-1,1500,dummy
4396,87.92,1500,1,1500,dummy
4397,87.94,1500,1,1500,dummy
4398,87.96,1500,1,1500,dummy
4399,87.98,1500,1,1500,dummy
4400,88.0,1500,1,1500,dummy
4401,88.02,1500,1,1500,dummy
4402,88.04,1500,-1,1500,dummy
4403,88.06,1500,-1,1500,dummy
4404,88.08,1500,-1,1500,dummy
4405,88.1,1500,1,1500,dummy
4406,88.12,1500,-1,1500,dummy
4407,88.14,1500,1,1500,dummy
4408,88.16,1500,-1,1500,dummy
4409,88.18,1500,-1,1500,dummy
4410,88.2,1500,1,1500,dummy
4411,88.22,1500,1,1500,dummy
4412,88.24,1500,-1,1500,dummy
4413,88.26,1500,-1,1500,dummy
4414,88.28,1500,-1,1500,dummy
4415,88.3,1500,1,1500,dummy
4416,88.32,1500,-1,1500,dummy
4417,88.34,1500,-1,1500,dummy
4418,88.36,1500,-1,1500,dummy
4419,88.38,1500,1,1500,dummy
4420,88.4,1500,-1,1500,dummy
4421,88.42,1500,-1,1500,dummy
4422,88.44,1500,1,1500,dummy
4423,88.46,1500,1,1500,dummy
4424,88.48,1500,1,1500,dummy
4425,88.5,1500,1,1500,dummy
4426,88.52,1500,1,1500,dummy
4427,88.54,1500,1,1500,dummy
4428,88.56,1500,-1,1500,dummy
4429,88.58,1500,1,1500,dummy
4430,88.6,1500,1,1500,dummy
4431,88.62,1500,1,1500,dummy
4432,88.64,1500,-1,1500,dummy
4433,88.66,1500,1,1500,dummy
4434,88.68,1500,1,1500,dummy
4435,88.7,1500,1,1500,dummy
4436,88.72,1500,-1,1500,dummy
4437,88.74,1500,1,1500,dummy
4438,88.76,1500,-1,1500,dummy
4439,88.78,1500,1,1500,dummy
4440,88.8,1500,-1,1500,dummy
4441,88.82,1500,1,1500,dummy
4442,88.84,1500,1,1500,dummy
4443,88.86,1500,-1,1500,dummy
4444,88.88,1500,-1,1500,dummy
4445,88.9,1500,1,1500,dummy
4446,88.92,1500,-1,1500,dummy
4447,88.94,1500,-1,1500,dummy
4448,88.96,1500,1,1500,dummy
4449,88.98,1500,-1,1500,dummy
4450,89.0,1500,1,1500,dummy
4451,89.02,1500,1,1500,dummy
4452,89.04,1500,-1,1500,dummy
4453,89.06,1500,-1,1500,dummy
4454,89.08,1500,-1,1500,dummy
4455,89.1,1500,1,1500,dummy
4456,89.12,1500,-1,1500,dummy
4457,89.14,1500,1,1500,dummy
4458,89.16,1500,1,1500,dummy
4459,89.18,1500,-1,1500,dummy
4460,89.2,1500,-1,1500,dummy
4461,89.22,1500,1,1500,dummy
4462,89.24,1500,1,1500,dummy
4463,89.26,1500,1,1500,dummy
4464,89.28,1500,1,1500,dummy
4465,89.3,1500,1,1500,dummy
4466,89.32,1500,1,1500,dummy
4467,89.34,1500,1,1500,dummy
4468,89.36,1500,1,1500,dummy
4469,89.38,1500,1,1500,dummy
4470,89.4,1500,1,1500,dummy
4471,89.42,1500,-1,1500,dummy
4472,89.44,1500,-1,1500,dummy
4473,89.46,1500,1,1500,dummy
4474,89.48,1500,-1,1500,dummy
4475,89.5,1500,-1,1500,dummy
4476,89.52,1500,-1,1500,dummy
4477,89.54,1500,-1,1500,dummy
4478,89.56,1500,-1,1500,dummy
4479,89.58,1500,1,1500,dummy
4480,89.6,1500,1,1500,dummy
4481,89.62,1500,-1,1500,dummy
4482,89.64,1500,-1,1500,dummy
4483,89.66,1500,-1,1500,dummy
4484,89.68,1500,1,1500,dummy
4485,89.7,1500,1,1500,dummy
4486,89.72,1500,1,1500,dummy
4487,89.74,1500,-1,1500,dummy
4488,89.76,1500,1,1500,dummy
4489,89.78,1500,1,1500,dummy
4490,89.8,1500,-1,1500,dummy
4491,89.82,1500,1,1500,dummy
4492,89.84,1500,1,1500,dummy
4493,89.86,1500,1,1500,dummy
4494,89.88,1500,1,1500,dummy
4495,89.9,1500,-1,1500,dummy
4496,89.92,1500,1,1500,dummy
4497,89.94,1500,-1,1500,dummy
4498,89.96,1500,1,1500,dummy
4499,89.98,1500,-1,1500,dummy
4500,90.0,1500,1,1500,dummy
4501,90.02,1500,-1,1500,dummy
4502,90.04,1500,1,1500,dummy
4503,90.06,1500,1,1500,dummy
4504,90.08,1500,1,1500,dummy
4505,90.1,1500,-1,1500,dummy
4506,90.12,1500,-1,1500,dummy
4507,90.14,1500,1,1500,dummy
4508,90.16,1500,-1,1500,dummy
4509,90.18,1500,-1,1500,dummy
4510,90.2,1500,-1,1500,dummy
4511,90.22,1500,1,1500,dummy
4512,90.24,1500,1,1500,dummy
4513,90.26,1500,-1,1500,dummy
4514,90.28,1500,-1,1500,dummy
4515,90.3,1500,-1,1500,dummy
4516,90.32,1500,1,1500,dummy
4517,90.34,1500,1,1500,dummy
4518,90.36,1500,-1,1500,dummy
4519,90.38,1500,-1,1500,dummy
4520,90.4,1500,1,1500,dummy
4521,90.42,1500,-1,1500,dummy
4522,90.44,1500,1,1500,dummy
4523,90.46,1500,-1,1500,dummy
4524,90.48,1500,1,1500,dummy
4525,90.5,1500,1,1500,dummy
4526,90.52,1500,-1,1500,dummy
4527,90.54,1500,-1,1500,dummy
4528,90.56,1500,-1,1500,dummy
4529,90.58,1500,-1,1500,dummy
4530,90.6,1500,1,1500,dummy
4531,90.62,1500,-1,1500,dummy
4532,90.64,1500,1,1500,dummy
4533,90.66,1500,1,1500,dummy
4534,90.68,1500,-1,1500,dummy
4535,90.7,1500,-1,1500,dummy
4536,90.72,1500,1,1500,dummy
4537,90.74,1500,-1,1500,dummy
4538,90.76,1500,-1,1500,dummy
4539,90.78,1500,-1,1500,dummy
4540,90.8,1500,1,1500,dummy
4541,90.82,1500,-1,1500,dummy
4542,90.84,1500,1,1500,dummy
4543,90.86,1500,-1,1500,dummy
4544,90.88,1500,1,1500,dummy
4545,90.9,1500,1,1500,dummy
4546,90.92,1500,1,1500,dummy
4547,90.94,1500,-1,1500,dummy
4548,90.96,1500,-1,1500,dummy
4549,90.98,1500,-1,1500,dummy
4550,91.0,1500,-1,1500,dummy
4551,91.02,1500,-1,1500,dummy
4552,91.04,1500,-1,1500,dummy
4553,91.06,1500,1,1500,dummy
4554,91.08,1500,-1,1500,dummy
4555,91.1,1500,1,1500,dummy
4556,91.12,1500,-1,1500,dummy
4557,91.14,1500,1,1500,dummy
4558,91.16,1500,1,1500,dummy
4559,91.18,1500,1,1500,dummy
4560,91.2,1500,-1,1500,dummy
4561,91.22,1500,-1,1500,dummy
4562,91.24,1500,-1,1500,dummy
4563,91.26,1500,1,1500,dummy
4564,91.28,1500,-1,1500,dummy
4565,91.3,1500,-1,1500,dummy
4566,91.32,1500,1,1500,dummy
4567,91.34,1500,-1,1500,dummy
4568,91.36,1500,-1,1500,dummy
4569,91.38,1500,1,1500,dummy
4570,91.4,1500,-1,1500,dummy
4571,91.42,1500,1,1500,dummy
4572,91.44,1500,-1,1500,dummy
4573,91.46,1500,-1,1500,dummy
4574,91.48,1500,-1,1500,dummy
4575,91.5,1500,-1,1500,dummy
4576,91.52,1500,1,1500,dummy
4577,91.54,1500,-1,1500,dummy
4578,91.56,1500,-1,1500,dummy
4579,91.58,1500,-1,1500,dummy
4580,91.6,1500,-1,1500,dummy
4581,91.62,1500,-1,1500,dummy
4582,91.64,1500,-1,1500,dummy
4583,91.66,1500,-1,1500,dummy
4584,91.68,1500,1,1500,dummy
4585,91.7,1500,-1,1500,dummy
4586,91.72,1500,1,1500,dummy
4587,91.74,1500,-1,1500,dummy
4588,91.76,1500,1,1500,dummy
4589,91.78,1500,1,1500,dummy
4590,91.8,1500,-1,1500,dummy
4591,91.82,1500,-1,1500,dummy
4592,91.84,1500,-1,1500,dummy
4593,91.86,1500,1,1500,dummy
4594,91.88,1500,1,1500,dummy
4595,91.9,1500,1,1500,dummy
4596,91.92,1500,-1,1500,dummy
4597,91.94,1500,-1,1500,dummy
4598,91.96,1500,-1,1500,dummy
4599,91.98,1500,1,1500,dummy
4600,92.0,1500,-1,1500,dummy
4601,92.02,1500,-1,1500,dummy
4602,92.04,1500,-1,1500,dummy
4603,92.06,1500,-1,1500,dummy
4604,92.08,1500,-1,1500,dummy
4605,92.1,1500,-1,1500,dummy
4606,92.12,1500,-1,1500,dummy
4607,92.14,1500,1,1500,dummy
4608,92.16,1500,1,1500,dummy
4609,92.18,1500,-1,1500,dummy
4610,92.2,1500,-1,1500,dummy
4611,92.22,1500,1,1500,dummy
4612,92.24,1500,1,1500,dummy
4613,92.26,1500,-1,1500,dummy
4614,92.28,1500,-1,1500,dummy
4615,92.3,1500,1,1500,dummy
4616,92.32,1500,1,1500,dummy
4617,92.34,1500,-1,1500,dummy
4618,92.36,1500,-1,1500,dummy
4619,92.38,1500,1,1500,dummy
4620,92.4,1500,1,1500,dummy
4621,92.42,1500,-1,1500,dummy
4622,92.44,1500,-1,1500,dummy
4623,92.46,1500,-1,1500,dummy
4624,92.48,1500,1,1500,dummy
4625,92.5,1500,-1,1500,dummy
4626,92.52,1500,1,1500,dummy
4627,92.54,1500,-1,1500,dummy
4628,92.56,1500,-1,1500,dummy
4629,92.58,1500,1,1500,dummy
4630,92.6,1500,1,1500,dummy
4631,92.62,1500,-1,1500,dummy
4632,92.64,1500,1,1500,dummy
4633,92.66,1500,1,1500,dummy
4634,92.68,1500,1,1500,dummy
4635,92.7,1500,-1,1500,dummy
4636,92.72,1500,1,1500,dummy
4637,92.74,1500,-1,1500,dummy
4638,92.76,1500,-1,1500,dummy
4639,92.78,1500,-1,1500,dummy
4640,92.8,1500,1,1500,dummy
4641,92.82,1500,1,1500,dummy
4642,92.84,1500,-1,1500,dummy
4643,92.86,1500,-1,1500,dummy
4644,92.88,1500,-1,1500,dummy
4645,92.9,1500,1,1500,dummy
4646,92.92,1500,-1,1500,dummy
4647,92.94,1500,1,1500,dummy
4648,92.96,1500,1,1500,dummy
4649,92.98,1500,-1,1500,dummy
4650,93.0,1500,-1,1500,dummy
4651,93.02,1500,-1,1500,dummy
4652,93.04,1500,-1,1500,dummy
4653,93.06,1500,-1,1500,dummy
4654,93.08,1500,1,1500,dummy
4655,93.1,1500,-1,1500,dummy
4656,93.12,1500,-1,1500,dummy
4657,93.14,1500,-1,1500,dummy
4658,93.16,1500,-1,1500,dummy
4659,93.18,1500,-1,1500,dummy
4660,93.2,1500,1,1500,dummy
4661,93.22,1500,1,1500,dummy
4662,93.24,1500,1,1500,dummy
4663,93.26,1500,1,1500,dummy
4664,93.28,1500,-1,1500,dummy
4665,93.3,1500,1,1500,dummy
4666,93.32,1500,-1,1500,dummy
4667,93.34,1500,1,1500,dummy
4668,93.36,1500,-1,1500,dummy
4669,93.38,1500,1,1500,dummy
4670,93.4,1500,-1,1500,dummy
4671,93.42,1500,-1,1500,dummy
4672,93.44,1500,-1,1500,dummy
4673,93.46,1500,1,1500,dummy
4674,93.48,1500,1,1500,dummy
4675,93.5,1500,-1,1500,dummy
4676,93.52,1500,-1,1500,dummy
4677,93.54,1500,-1,1500,dummy
4678,93.56,1500,-1,1500,dummy
4679,93.58,1500,-1,1500,dummy
4680,93.6,1500,-1,1500,dummy
4681,93.62,1500,1,1500,dummy
4682,93.64,1500,-1,1500,dummy
4683,93.66,1500,-1,1500,dummy
4684,93.68,1500,-1,1500,dummy
4685,93.7,1500,-1,1500,dummy
4686,93.72,1500,1,1500,dummy
4687,93.74,1500,1,1500,dummy
4688,93.76,1500,-1,1500,dummy
4689,93.78,1500,-1,1500,dummy
4690,93.8,1500,-1,1500,dummy
4691,93.82,1500,1,1500,dummy
4692,93.84,1500,1,1500,dummy
4693,93.86,1500,-1,1500,dummy
4694,93.88,1500,-1,1500,dummy
4695,93.9,1500,1,1500,dummy
4696,93.92,1500,1,1500,dummy
4697,93.94,1500,-1,1500,dummy
4698,93.96,1500,1,1500,dummy
4699,93.98,1500,1,1500,dummy
4700,94.0,1500,-1,1500,dummy
4701,94.02,1500,-1,1500,dummy
4702,94.04,1500,1,1500,dummy
4703,94.06,1500,1,1500,dummy
4704,94.08,1500,1,1500,dummy
4705,94.1,1500,1,1500,dummy
4706,94.12,1500,1,1500,dummy
4707,94.14,1500,1,1500,dummy
4708,94.16,1500,-1,1500,dummy
4709,94.18,1500,1,1500,dummy
4710,94.2,1500,-1,1500,dummy
4711,94.22,1500,-1,1500,dummy
4712,94.24,1500,1,1500,dummy
4713,94.26,1500,1,1500,dummy
4714,94.28,1500,1,1500,dummy
4715,94.3,1500,1,1500,dummy
4716,94.32,1500,-1,1500,dummy
4717,94.34,1500,-1,1500,dummy
4718,94.36,1500,-1,1500,dummy
4719,94.38,1500,-1,1500,dummy
4720,94.4,1500,-1,1500,dummy
4721,94.42,1500,-1,1500,dummy
4722,94.44,1500,-1,1500,dummy
4723,94.46,1500,-1,1500,dummy
4724,94.48,1500,-1,1500,dummy
4725,94.5,1500,-1,1500,dummy
4726,94.52,1500,1,1500,dummy
4727,94.54,1500,-1,1500,dummy
4728,94.56,1500,-1,1500,dummy
4729,94.58,1500,-1,1500,dummy
4730,94.6,1500,1,1500,dummy
4731,94.62,1500,1,1500,dummy
4732,94.64,1500,1,1500,dummy
4733,94.66,1500,1,1500,dummy
4734,94.68,1500,-1,1500,dummy
4735,94.7,1500,-1,1500,dummy
4736,94.72,1500,-1,1500,dummy
4737,94.74,1500,1,1500,dummy
4738,94.76,1500,-1,1500,dummy
4739,94.78,1500,1,1500,dummy
4740,94.8,1500,-1,1500,dummy
4741,94.82,1500,1,1500,dummy
4742,94.84,1500,1,1500,dummy
4743,94.86,1500,-1,1500,dummy
4744,94.88,1500,-1,1500,dummy
4745,94.9,1500,1,1500,dummy
4746,94.92,1500,1,1500,dummy
4747,94.94,1500,-1,1500,dummy
4748,94.96,1500,1,1500,dummy
4749,94.98,1500,1,1500,dummy
4750,95.0,1500,-1,1500,dummy
4751,95.02,1500,1,1500,dummy
4752,95.04,1500,-1,1500,dummy
4753,95.06,1500,-1,1500,dummy
4754,95.08,1500,1,1500,dummy
4755,95.1,1500,-1,1500,dummy
4756,95.12,1500,-1,1500,dummy
4757,95.14,1500,-1,1500,dummy
4758,95.16,1500,-1,1500,dummy
4759,95.18,1500,-1,1500,dummy
4760,95.2,1500,-1,1500,dummy
4761,95.22,1500,1,1500,dummy
4762,95.24,1500,1,1500,dummy
4763,95.26,1500,-1,1500,dummy
4764,95.28,1500,-1,1500,dummy
4765,95.3,1500,-1,1500,dummy
4766,95.32,1500,-1,1500,dummy
4767,95.34,1500,-1,1500,dummy
4768,95.36,1500,-1,1500,dummy
4769,95.38,1500,-1,1500,dummy
4770,95.4,1500,-1,1500,dummy
4771,95.42,1500,-1,1500,dummy
4772,95.44,1500,-1,1500,dummy
4773,95.46,1500,-1,1500,dummy
4774,95.48,1500,-1,1500,dummy
4775,95.5,1500,-1,1500,dummy
4776,95.52,1500,1,1500,dummy
4777,95.54,1500,-1,1500,dummy
4778,95.56,1500,-1,1500,dummy
4779,95.58,1500,1,1500,dummy
4780,95.6,1500,-1,1500,dummy
4781,95.62,1500,1,1500,dummy
4782,95.64,1500,1,1500,dummy
4783,95.66,1500,1,1500,dummy
4784,95.68,1500,1,1500,dummy
4785,95.7,1500,1,1500,dummy
4786,95.72,1500,-1,1500,dummy
4787,95.74,1500,-1,1500,dummy
4788,95.76,1500,-1,1500,dummy
4789,95.78,1500,1,1500,dummy
4790,95.8,1500,-1,1500,dummy
4791,95.82,1500,1,1500,dummy
4792,95.84,1500,1,1500,dummy
4793,95.86,1500,1,1500,dummy
4794,95.88,1500,1,1500,dummy
4795,95.9,1500,1,1500,dummy
4796,95.92,1500,-1,1500,dummy
4797,95.94,1500,1,1500,dummy
4798,95.96,1500,-1,1500,dummy
4799,95.98,1500,-1,1500,dummy
4800,96.0,1500,-1,1500,dummy
4801,96.02,1500,-1,1500,dummy
4802,96.04,1500,-1,1500,dummy
4803,96.06,1500,-1,1500,dummy
4804,96.08,1500,1,1500,dummy
4805,96.1,1500,-1,1500,dummy
4806,96.12,1500,-1,1500,dummy
4807,96.14,1500,-1,1500,dummy
4808,96.16,1500,-1,1500,dummy
4809,96.18,1500,-1,1500,dummy
4810,96.2,1500,1,1500,dummy
4811,96.22,1500,1,1500,dummy
4812,96.24,1500,-1,1500,dummy
4813,96.26,1500,1,1500,dummy
4814,96.28,1500,1,1500,dummy
4815,96.3,1500,-1,1500,dummy
4816,96.32,1500,-1,1500,dummy
4817,96.34,1500,1,1500,dummy
4818,96.36,1500,-1,1500,dummy
4819,96.38,1500,1,1500,dummy
4820,96.4,1500,1,1500,dummy
4821,96.42,1500,1,1500,dummy
4822,96.44,1500,1,1500,dummy
4823,96.46,1500,-1,1500,dummy
4824,96.48,1500,-1,1500,dummy
4825,96.5,1500,-1,1500,dummy
4826,96.52,1500,1,1500,dummy
4827,96.54,1500,-1,1500,dummy
4828,96.56,1500,-1,1500,dummy
4829,96.58,1500,1,1500,dummy
4830,96.6,1500,-1,1500,dummy
4831,96.62,1500,-1,1500,dummy
4832,96.64,1500,1,1500,dummy
4833,96.66,1500,1,1500,dummy
4834,96.68,1500,1,1500,dummy
4835,96.7,1500,-1,1500,dummy
4836,96.72,1500,1,1500,dummy
4837,96.74,1500,1,1500,dummy
4838,96.76,1500,1,1500,dummy
4839,96.78,1500,1,1500,dummy
4840,96.8,1500,-1,1500,dummy
4841,96.82,1500,-1,1500,dummy
4842,96.84,1500,-1,1500,dummy
4843,96.86,1500,1,1500,dummy
4844,96.88,1500,-1,1500,dummy
4845,96.9,1500,-1,1500,dummy
4846,96.92,1500,1,1500,dummy
4847,96.94,1500,1,1500,dummy
4848,96.96,1500,-1,1500,dummy
4849,96.98,1500,1,1500,dummy
4850,97.0,1500,-1,1500,dummy
4851,97.02,1500,1,1500,dummy
4852,97.04,1500,-1,1500,dummy
4853,97.06,1500,1,1500,dummy
4854,97.08,1500,1,1500,dummy
4855,97.1,1500,1,1500,dummy
4856,97.12,1500,-1,1500,dummy
4857,97.14,1500,1,1500,dummy
4858,97.16,1500,1,1500,dummy
4859,97.18,1500,1,1500,dummy
4860,97.2,1500,1,1500,dummy
4861,97.22,1500,1,1500,dummy
4862,97.24,1500,1,1500,dummy
4863,97.26,1500,-1,1500,dummy
4864,97.28,1500,-1,1500,dummy
4865,97.3,1500,1,1500,dummy
4866,97.32,1500,-1,1500,dummy
4867,97.34,1500,-1,1500,dummy
4868,97.36,1500,1,1500,dummy
4869,97.38,1500,1,1500,dummy
4870,97.4,1500,1,1500,dummy
4871,97.42,1500,-1,1500,dummy
4872,97.44,1500,1,1500,dummy
4873,97.46,1500,-1,1500,dummy
4874,97.48,1500,-1,1500,dummy
4875,97.5,1500,-1,1500,dummy
4876,97.52,1500,-1,1500,dummy
4877,97.54,1500,-1,1500,dummy
4878,97.56,1500,1,1500,dummy
4879,97.58,1500,1,1500,dummy
4880,97.6,1500,-1,1500,dummy
4881,97.62,1500,-1,1500,dummy
4882,97.64,1500,1,1500,dummy
4883,97.66,1500,-1,1500,dummy
4884,97.68,1500,-1,1500,dummy
4885,97.7,1500,1,1500,dummy
4886,97.72,1500,-1,1500,dummy
4887,97.74,1500,1,1500,dummy
4888,97.76,1500,1,1500,dummy
4889,97.78,1500,-1,1500,dummy
4890,97.8,1500,-1,1500,dummy
4891,97.82,1500,-1,1500,dummy
4892,97.84,1500,1,1500,dummy
4893,97.86,1500,-1,1500,dummy
4894,97.88,1500,1,1500,dummy
4895,97.9,1500,-1,1500,dummy
4896,97.92,1500,-1,1500,dummy
4897,97.94,1500,-1,1500,dummy
4898,97.96,1500,1,1500,dummy
4899,97.98,1500,1,1500,dummy
4900,98.0,1500,1,1500,dummy
4901,98.02,1500,1,1500,dummy
4902,98.04,1500,-1,1500,dummy
4903,98.06,1500,1,1500,dummy
4904,98.08,1500,-1,1500,dummy
4905,98.1,1500,1,1500,dummy
4906,98.12,1500,-1,1500,dummy
4907,98.14,1500,-1,1500,dummy
4908,98.16,1500,1,1500,dummy
4909,98.18,1500,1,1500,dummy
4910,98.2,1500,1,1500,dummy
4911,98.22,1500,1,1500,dummy
4912,98.24,1500,-1,1500,dummy
4913,98.26,1500,1,1500,dummy
4914,98.28,1500,1,1500,dummy
4915,98.3,1500,1,1500,dummy
4916,98.32,1500,-1,1500,dummy
4917,98.34,1500,1,1500,dummy
4918,98.36,1500,-1,1500,dummy
4919,98.38,1500,1,1500,dummy
4920,98.4,1500,1,1500,dummy
4921,98.42,1500,1,1500,dummy
4922,98.44,1500,1,1500,dummy
4923,98.46,1500,-1,1500,dummy
4924,98.48,1500,1,1500,dummy
4925,98.5,1500,-1,1500,dummy
4926,98.52,1500,1,1500,dummy
4927,98.54,1500,1,1500,dummy
4928,98.56,1500,1,1500,dummy
4929,98.58,1500,-1,1500,dummy
4930,98.6,1500,-1,1500,dummy
4931,98.62,1500,1,1500,dummy
4932,98.64,1500,1,1500,dummy
4933,98.66,1500,1,1500,dummy
4934,98.68,1500,1,1500,dummy
4935,98.7,1500,1,1500,dummy
4936,98.72,1500,1,1500,dummy
4937,98.74,1500,-1,1500,dummy
4938,98.76,1500,-1,1500,dummy
4939,98.78,1500,1,1500,dummy
4940,98.8,1500,1,1500,dummy
4941,98.82,1500,-1,1500,dummy
4942,98.84,1500,1,1500,dummy
4943,98.86,1500,1,1500,dummy
4944,98.88,1500,-1,1500,dummy
4945,98.9,1500,-1,1500,dummy
4946,98.92,1500,-1,1500,dummy
4947,98.94,1500,-1,1500,dummy
4948,98.96,1500,-1,1500,dummy
4949,98.98,1500,1,1500,dummy
4950,99.0,1500,1,1500,dummy
4951,99.02,1500,1,1500,dummy
4952,99.04,1500,-1,1500,dummy
4953,99.06,1500,-1,1500,dummy
4954,99.08,1500,1,1500,dummy
4955,99.1,1500,-1,1500,dummy
4956,99.12,1500,-1,1500,dummy
4957,99.14,1500,-1,1500,dummy
4958,99.16,1500,-1,1500,dummy
4959,99.18,1500,1,1500,dummy
4960,99.2,1500,-1,1500,dummy
4961,99.22,1500,-1,1500,dummy
4962,99.24,1500,1,1500,dummy
4963,99.26,1500,1,1500,dummy
4964,99.28,1500,1,1500,dummy
4965,99.3,1500,-1,1500,dummy
4966,99.32,1500,-1,1500,dummy
4967,99.34,1500,-1,1500,dummy
4968,99.36,1500,-1,1500,dummy
4969,99.38,1500,-1,1500,dummy
4970,99.4,1500,-1,1500,dummy
4971,99.42,1500,-1,1500,dummy
4972,99.44,1500,-1,1500,dummy
4973,99.46,1500,-1,1500,dummy
4974,99.48,1500,-1,1500,dummy
4975,99.5,1500,-1,1500,dummy
4976,99.52,1500,-1,1500,dummy
4977,99.54,1500,1,1500,dummy
4978,99.56,1500,-1,1500,dummy
4979,99.58,1500,1,1500,dummy
4980,99.6,1500,1,1500,dummy
4981,99.62,1500,-1,1500,dummy
4982,99.64,1500,-1,1500,dummy
4983,99.66,1500,1,1500,dummy
4984,99.68,1500,1,1500,dummy
4985,99.7,1500,-1,1500,dummy
4986,99.72,1500,1,1500,dummy
4987,99.74,1500,1,1500,dummy
4988,99.76,1500,-1,1500,dummy
4989,99.78,1500,1,1500,dummy
4990,99.8,1500,-1,1500,dummy
4991,99.82,1500,-1,1500,dummy
4992,99.84,1500,-1,1500,dummy
4993,99.86,1500,-1,1500,dummy
4994,99.88,1500,-1,1500,dummy
4995,99.9,1500,-1,1500,dummy
4996,99.92,1500,1,1500,dummy
4997,99.94,1500,1,1500,dummy
4998,99.96,1500,-1,1500,dummy
4999,99.98,1500,-1,1500,dummy
